record_id,dataset,issue_type,detail
INC-00002,incidents,dirty_label:severity,Critical -> crit
INC-00002,incidents,missing_required_field:incident_type,
INC-00003,incidents,dirty_label:incident_type,Equipment Failure -> Equip. Failure
INC-00003,incidents,out_of_range:compliance_score,-5.0
INC-00006,incidents,mixed_date_format:incident_date,used format %m/%d/%Y: 08/20/2024
INC-00007,incidents,dirty_label:severity,Low -> LOW
INC-00008,incidents,mixed_date_format:incident_date,used format %d-%b-%Y: 19-Apr-2024
INC-00009,incidents,dirty_label:incident_type,Near Miss -> NEAR MISS
INC-00010,incidents,dirty_label:severity,Low ->  Low
INC-00010,incidents,missing_required_field:incident_type,
INC-00013,incidents,mixed_date_format:incident_date,used format %m/%d/%Y: 09/16/2024
INC-00013,incidents,missing_required_field:severity,
INC-00014,incidents,out_of_range:compliance_score,104.0
INC-00015,incidents,future_date:incident_date,2026-09-27
INC-00017,incidents,dirty_label:severity,Critical -> crit
INC-00018,incidents,dirty_label:severity,Medium -> medium
INC-00023,incidents,dirty_label:severity,Critical -> crit
INC-00024,incidents,mixed_date_format:incident_date,used format %d-%b-%Y: 08-Dec-2023
INC-00027,incidents,dirty_label:incident_type,Leak -> leak 
INC-00027,incidents,missing_required_field:severity,
INC-00028,incidents,missing_required_field:severity,
INC-00034,incidents,missing_required_field:incident_type,
INC-00036,incidents,dirty_label:severity,High ->  High
INC-00041,incidents,dirty_label:incident_type,Near Miss -> Near  Miss
INC-00044,incidents,mixed_date_format:incident_date,used format %m/%d/%Y: 02/16/2024
INC-00046,incidents,mixed_date_format:incident_date,used format %m/%d/%Y: 12/03/2024
INC-00046,incidents,missing_required_field:incident_type,
INC-00048,incidents,dirty_label:severity,High -> Hi
INC-00049,incidents,dirty_label:incident_type,Near Miss -> near-miss
INC-00050,incidents,dirty_label:severity,Medium -> MEDIUM
INC-00052,incidents,mixed_date_format:incident_date,used format %d/%m/%Y: 16/11/2025
INC-00054,incidents,dirty_label:severity,Critical ->  Critical
INC-00054,incidents,mixed_date_format:incident_date,used format %Y-%m-%dT%H:%M:%SZ: 2026-06-24T00:00:00Z
INC-00055,incidents,dirty_label:incident_type,Spill -> spill
INC-00055,incidents,mixed_date_format:incident_date,used format %d/%m/%Y: 31/03/2026
INC-00059,incidents,missing_required_field:severity,
INC-00059,incidents,missing_required_field:incident_type,
INC-00060,incidents,mixed_date_format:incident_date,used format %d/%m/%Y: 12/12/2023
INC-00061,incidents,mixed_date_format:incident_date,used format %d-%b-%Y: 19-Mar-2024
INC-00069,incidents,mixed_date_format:incident_date,used format %d/%m/%Y: 09/02/2026
INC-00070,incidents,dirty_label:severity,Low -> low
INC-00071,incidents,missing_required_field:severity,
INC-00072,incidents,mixed_date_format:incident_date,used format %Y-%m-%dT%H:%M:%SZ: 2025-10-11T00:00:00Z
INC-00074,incidents,out_of_range:compliance_score,150.0
INC-00075,incidents,dirty_label:severity,Medium -> Med
INC-00075,incidents,mixed_date_format:incident_date,used format %d-%b-%Y: 15-Aug-2024
INC-00078,incidents,dirty_label:incident_type,Fire -> Fire 
INC-00078,incidents,missing_required_field:severity,
INC-00079,incidents,mixed_date_format:incident_date,used format %m/%d/%Y: 06/21/2026
INC-00082,incidents,mixed_date_format:incident_date,used format %Y-%m-%dT%H:%M:%SZ: 2025-01-23T00:00:00Z
INC-00088,incidents,mixed_date_format:incident_date,used format %m/%d/%Y: 10/02/2024
INC-00090,incidents,mixed_date_format:incident_date,used format %d-%b-%Y: 26-Aug-2024
INC-00091,incidents,mixed_date_format:incident_date,used format %d-%b-%Y: 13-Feb-2026
INC-00092,incidents,dirty_label:severity,Low -> low
INC-00093,incidents,mixed_date_format:incident_date,used format %d/%m/%Y: 14/10/2023
INC-00093,incidents,missing_required_field:severity,
INC-00095,incidents,mixed_date_format:incident_date,used format %d/%m/%Y: 17/04/2024
INC-00095,incidents,missing_required_field:incident_type,
INC-00096,incidents,dirty_label:severity,Critical -> Crit
INC-00097,incidents,missing_required_field:severity,
INC-00100,incidents,dirty_label:severity,Critical ->  Critical
INC-00101,incidents,dirty_label:severity,High ->  High
INC-00104,incidents,dirty_label:severity,High ->  High
INC-00104,incidents,mixed_date_format:incident_date,used format %d-%b-%Y: 05-May-2026
INC-00104,incidents,future_date:incident_date,2026-08-13
INC-00105,incidents,mixed_date_format:incident_date,used format %Y-%m-%dT%H:%M:%SZ: 2024-08-11T00:00:00Z
INC-00105,incidents,missing_required_field:incident_type,
INC-00107,incidents,mixed_date_format:incident_date,used format %Y-%m-%dT%H:%M:%SZ: 2025-12-26T00:00:00Z
INC-00107,incidents,missing_required_field:severity,
INC-00111,incidents,dirty_label:severity,High -> HIGH
INC-00118,incidents,missing_required_field:severity,
INC-00119,incidents,missing_required_field:severity,
INC-00121,incidents,missing_required_field:incident_type,
INC-00125,incidents,mixed_date_format:incident_date,used format %d/%m/%Y: 24/10/2024
INC-00127,incidents,dirty_label:severity,Medium -> medium
INC-00127,incidents,mixed_date_format:incident_date,used format %d/%m/%Y: 25/09/2023
INC-00128,incidents,dirty_label:incident_type,Spill -> Spill 
INC-00128,incidents,missing_required_field:incident_type,
INC-00130,incidents,mixed_date_format:incident_date,used format %Y-%m-%dT%H:%M:%SZ: 2023-11-11T00:00:00Z
INC-00132,incidents,dirty_label:incident_type,Spill -> spill
INC-00132,incidents,missing_required_field:incident_type,
INC-00140,incidents,mixed_date_format:incident_date,used format %m/%d/%Y: 12/04/2023
INC-00141,incidents,dirty_label:severity,Medium ->  medium
INC-00144,incidents,dirty_label:severity,Low -> low 
INC-00144,incidents,missing_required_field:severity,
INC-00147,incidents,missing_required_field:severity,
INC-00150,incidents,missing_required_field:incident_type,
INC-00155,incidents,dirty_label:severity,Critical -> CRITICAL
INC-00160,incidents,dirty_label:severity,High ->  High
INC-00163,incidents,future_date:incident_date,2026-09-17
INC-00166,incidents,mixed_date_format:incident_date,used format %d-%b-%Y: 26-May-2026
INC-00167,incidents,mixed_date_format:incident_date,used format %d-%b-%Y: 09-Dec-2024
INC-00168,incidents,mixed_date_format:incident_date,used format %Y-%m-%dT%H:%M:%SZ: 2023-10-10T00:00:00Z
INC-00169,incidents,out_of_range:compliance_score,115.7
INC-00170,incidents,mixed_date_format:incident_date,used format %d/%m/%Y: 15/06/2025
INC-00171,incidents,missing_required_field:severity,
INC-00175,incidents,mixed_date_format:incident_date,used format %d/%m/%Y: 09/03/2026
INC-00177,incidents,dirty_label:incident_type,Spill ->  spill 
INC-00183,incidents,dirty_label:severity,Low -> Lo
INC-00183,incidents,dirty_label:incident_type,Spill -> spill
INC-00186,incidents,out_of_range:compliance_score,104.0
INC-00190,incidents,dirty_label:severity,Low -> low
INC-00190,incidents,mixed_date_format:incident_date,used format %d/%m/%Y: 16/06/2026
INC-00191,incidents,mixed_date_format:incident_date,used format %m/%d/%Y: 04/07/2025
INC-00192,incidents,mixed_date_format:incident_date,used format %d/%m/%Y: 16/09/2023
INC-00192,incidents,future_date:incident_date,2026-08-18
INC-00194,incidents,future_date:incident_date,2026-07-24
INC-00199,incidents,dirty_label:incident_type,Fire -> fire
INC-00207,incidents,missing_required_field:incident_type,
INC-00210,incidents,dirty_label:severity,Medium -> MEDIUM
INC-00216,incidents,out_of_range:compliance_score,150.0
INC-00217,incidents,mixed_date_format:incident_date,used format %d/%m/%Y: 29/05/2025
INC-00217,incidents,missing_required_field:severity,
INC-00219,incidents,dirty_label:incident_type,Equipment Failure -> equipment failure
INC-00220,incidents,mixed_date_format:incident_date,used format %m/%d/%Y: 06/15/2026
INC-00225,incidents,mixed_date_format:incident_date,used format %Y-%m-%dT%H:%M:%SZ: 2024-12-21T00:00:00Z
INC-00227,incidents,missing_required_field:severity,
INC-00235,incidents,mixed_date_format:incident_date,used format %d-%b-%Y: 06-Mar-2025
INC-00235,incidents,out_of_range:compliance_score,104.0
INC-00236,incidents,dirty_label:severity,High ->  High
INC-00242,incidents,mixed_date_format:incident_date,used format %m/%d/%Y: 12/27/2025
INC-00242,incidents,missing_required_field:severity,
INC-00244,incidents,missing_required_field:incident_type,
INC-00245,incidents,dirty_label:severity,Medium -> medium
INC-00245,incidents,future_date:incident_date,2026-09-08
INC-00246,incidents,mixed_date_format:incident_date,used format %d-%b-%Y: 01-Nov-2024
INC-00250,incidents,missing_required_field:incident_type,
INC-00252,incidents,dirty_label:severity,Medium -> Medium 
INC-00255,incidents,dirty_label:severity,Medium -> Medium 
INC-00257,incidents,dirty_label:incident_type,Spill ->  spill 
INC-00258,incidents,mixed_date_format:incident_date,used format %d-%b-%Y: 11-Jul-2025
INC-00269,incidents,dirty_label:severity,Medium -> Med
INC-00269,incidents,mixed_date_format:incident_date,used format %d/%m/%Y: 17/02/2026
INC-00270,incidents,future_date:incident_date,2026-08-01
INC-00270,incidents,out_of_range:compliance_score,104.0
INC-00271,incidents,dirty_label:severity,Low -> low
INC-00272,incidents,missing_required_field:severity,
INC-00274,incidents,out_of_range:compliance_score,150.0
INC-00276,incidents,mixed_date_format:incident_date,used format %Y-%m-%dT%H:%M:%SZ: 2023-10-10T00:00:00Z
INC-00281,incidents,dirty_label:severity,Medium -> MEDIUM
INC-00281,incidents,mixed_date_format:incident_date,used format %Y-%m-%dT%H:%M:%SZ: 2026-07-03T00:00:00Z
INC-00282,incidents,dirty_label:incident_type,Spill -> SPILL
INC-00282,incidents,mixed_date_format:incident_date,used format %m/%d/%Y: 04/11/2026
INC-00287,incidents,mixed_date_format:incident_date,used format %Y-%m-%dT%H:%M:%SZ: 2025-07-06T00:00:00Z
INC-00288,incidents,missing_required_field:severity,
INC-00291,incidents,dirty_label:severity,Medium -> MEDIUM
INC-00291,incidents,mixed_date_format:incident_date,used format %Y-%m-%dT%H:%M:%SZ: 2026-02-28T00:00:00Z
INC-00292,incidents,dirty_label:severity,Critical -> CRITICAL
INC-00294,incidents,dirty_label:incident_type,Spill -> Spill 
INC-00296,incidents,dirty_label:incident_type,Near Miss -> NEAR MISS
INC-00297,incidents,dirty_label:severity,Medium ->  medium
INC-00299,incidents,mixed_date_format:incident_date,used format %m/%d/%Y: 09/03/2023
INC-00301,incidents,mixed_date_format:incident_date,used format %m/%d/%Y: 04/29/2026
INC-00302,incidents,mixed_date_format:incident_date,used format %d-%b-%Y: 16-Oct-2024
INC-00304,incidents,dirty_label:severity,High -> HIGH
INC-00305,incidents,mixed_date_format:incident_date,used format %Y-%m-%dT%H:%M:%SZ: 2023-12-25T00:00:00Z
INC-00307,incidents,mixed_date_format:incident_date,used format %Y-%m-%dT%H:%M:%SZ: 2024-02-29T00:00:00Z
INC-00309,incidents,mixed_date_format:incident_date,used format %d-%b-%Y: 16-Jan-2026
INC-00309,incidents,missing_required_field:severity,
INC-00313,incidents,mixed_date_format:incident_date,used format %m/%d/%Y: 03/23/2025
INC-00313,incidents,missing_required_field:severity,
INC-00315,incidents,mixed_date_format:incident_date,used format %d-%b-%Y: 08-Oct-2024
INC-00315,incidents,missing_required_field:severity,
INC-00315,incidents,missing_required_field:incident_type,
INC-00317,incidents,mixed_date_format:incident_date,used format %d-%b-%Y: 20-Jul-2025
INC-00318,incidents,dirty_label:severity,Critical -> crit
INC-00318,incidents,dirty_label:incident_type,Leak -> Oil Leak
INC-00319,incidents,dirty_label:severity,High -> high
INC-00319,incidents,mixed_date_format:incident_date,used format %d/%m/%Y: 25/03/2025
INC-00324,incidents,dirty_label:incident_type,Fire ->  fire
INC-00327,incidents,dirty_label:severity,Low ->  Low
INC-00327,incidents,future_date:incident_date,2026-08-09
INC-00329,incidents,mixed_date_format:incident_date,used format %m/%d/%Y: 08/29/2025
INC-00333,incidents,mixed_date_format:incident_date,used format %m/%d/%Y: 09/22/2025
INC-00335,incidents,mixed_date_format:incident_date,used format %d/%m/%Y: 18/09/2023
INC-00335,incidents,missing_required_field:severity,
INC-00336,incidents,dirty_label:incident_type,Leak -> LEAK
INC-00336,incidents,out_of_range:compliance_score,150.0
INC-00337,incidents,mixed_date_format:incident_date,used format %d-%b-%Y: 28-Mar-2025
INC-00338,incidents,mixed_date_format:incident_date,used format %d/%m/%Y: 03/06/2026
INC-00340,incidents,mixed_date_format:incident_date,used format %m/%d/%Y: 01/31/2024
INC-00342,incidents,mixed_date_format:incident_date,used format %Y-%m-%dT%H:%M:%SZ: 2025-01-13T00:00:00Z
INC-00343,incidents,mixed_date_format:incident_date,used format %d-%b-%Y: 10-Sep-2023
INC-00344,incidents,dirty_label:severity,Critical ->  Critical
INC-00345,incidents,dirty_label:incident_type,Near Miss -> NEAR MISS
INC-00346,incidents,dirty_label:incident_type,Equipment Failure -> Equip. Failure
INC-00350,incidents,dirty_label:severity,Critical -> critical
INC-00350,incidents,mixed_date_format:incident_date,used format %Y-%m-%dT%H:%M:%SZ: 2023-11-14T00:00:00Z
INC-00352,incidents,mixed_date_format:incident_date,used format %Y-%m-%dT%H:%M:%SZ: 2025-02-09T00:00:00Z
INC-00352,incidents,future_date:incident_date,2026-10-05
INC-00353,incidents,dirty_label:incident_type,Leak -> leak 
INC-00354,incidents,mixed_date_format:incident_date,used format %Y-%m-%dT%H:%M:%SZ: 2026-01-31T00:00:00Z
INC-00356,incidents,mixed_date_format:incident_date,used format %m/%d/%Y: 03/26/2024
INC-00360,incidents,dirty_label:incident_type,Leak ->  Leak
INC-00362,incidents,mixed_date_format:incident_date,used format %m/%d/%Y: 10/10/2025
INC-00367,incidents,dirty_label:severity,High -> HIGH
INC-00372,incidents,dirty_label:severity,Critical -> CRITICAL
INC-00372,incidents,mixed_date_format:incident_date,used format %d/%m/%Y: 04/09/2023
INC-00380,incidents,dirty_label:severity,High -> high
INC-00383,incidents,mixed_date_format:incident_date,used format %d-%b-%Y: 27-Jan-2025
INC-00384,incidents,dirty_label:incident_type,Equipment Failure -> Equipment  Failure
INC-00386,incidents,mixed_date_format:incident_date,used format %d/%m/%Y: 30/11/2024
INC-00387,incidents,mixed_date_format:incident_date,used format %d/%m/%Y: 08/05/2024
INC-00388,incidents,dirty_label:incident_type,Near Miss -> Near  Miss
INC-00389,incidents,mixed_date_format:incident_date,used format %m/%d/%Y: 01/14/2024
INC-00391,incidents,dirty_label:incident_type,Fire -> FIRE
INC-00392,incidents,dirty_label:severity,Medium -> Medium 
INC-00392,incidents,dirty_label:incident_type,Fire -> FIRE
INC-00392,incidents,mixed_date_format:incident_date,used format %d-%b-%Y: 20-Nov-2024
INC-00394,incidents,dirty_label:severity,Critical -> CRITICAL
INC-00395,incidents,dirty_label:incident_type,Near Miss -> NEAR MISS
INC-00396,incidents,dirty_label:incident_type,Spill -> Spill 
INC-00398,incidents,dirty_label:severity,High -> Hi
INC-00398,incidents,dirty_label:incident_type,Equipment Failure -> Equip. Failure
INC-00399,incidents,mixed_date_format:incident_date,used format %d/%m/%Y: 15/10/2023
INC-00399,incidents,missing_required_field:incident_type,
INC-00400,incidents,dirty_label:incident_type,Spill -> spill
INC-00402,incidents,dirty_label:severity,Medium ->  medium
INC-00404,incidents,dirty_label:incident_type,Spill -> Spill 
INC-00404,incidents,missing_required_field:severity,
INC-00408,incidents,dirty_label:severity,Medium ->  medium
INC-00418,incidents,mixed_date_format:incident_date,used format %d/%m/%Y: 03/06/2025
INC-00422,incidents,mixed_date_format:incident_date,used format %d/%m/%Y: 31/10/2024
INC-00424,incidents,dirty_label:incident_type,Fire -> Fire 
INC-00425,incidents,dirty_label:severity,Low -> low 
INC-00425,incidents,missing_required_field:incident_type,
INC-00426,incidents,dirty_label:incident_type,Leak -> LEAK
INC-00427,incidents,missing_required_field:severity,
INC-00427,incidents,missing_required_field:incident_type,
INC-00432,incidents,dirty_label:severity,Low -> Lo
INC-00432,incidents,missing_required_field:severity,
INC-00436,incidents,future_date:incident_date,2026-09-12
INC-00438,incidents,missing_required_field:incident_type,
INC-00439,incidents,dirty_label:severity,Critical -> CRITICAL
INC-00439,incidents,out_of_range:compliance_score,-0.5
INC-00440,incidents,missing_required_field:incident_type,
INC-00441,incidents,out_of_range:compliance_score,150.0
INC-00442,incidents,dirty_label:severity,High -> HIGH
INC-00451,incidents,dirty_label:incident_type,Near Miss -> near-miss
INC-00457,incidents,missing_required_field:severity,
INC-00458,incidents,missing_required_field:severity,
INC-00459,incidents,dirty_label:severity,High -> Hi
INC-00465,incidents,mixed_date_format:incident_date,used format %d/%m/%Y: 28/01/2024
INC-00466,incidents,dirty_label:incident_type,Leak -> leak
INC-00467,incidents,dirty_label:severity,Medium ->  medium
INC-00468,incidents,dirty_label:severity,Low -> LOW
INC-00469,incidents,mixed_date_format:incident_date,used format %Y-%m-%dT%H:%M:%SZ: 2024-08-14T00:00:00Z
INC-00471,incidents,missing_required_field:severity,
INC-00473,incidents,dirty_label:incident_type,Leak ->  Leak
INC-00474,incidents,dirty_label:severity,High -> HIGH
INC-00476,incidents,mixed_date_format:incident_date,used format %m/%d/%Y: 06/02/2025
INC-00480,incidents,missing_required_field:severity,
INC-00481,incidents,dirty_label:incident_type,Fire -> Fire 
INC-00481,incidents,future_date:incident_date,2026-08-22
INC-00483,incidents,mixed_date_format:incident_date,used format %m/%d/%Y: 08/27/2025
INC-00487,incidents,mixed_date_format:incident_date,used format %Y-%m-%dT%H:%M:%SZ: 2024-09-27T00:00:00Z
INC-00491,incidents,mixed_date_format:incident_date,used format %d-%b-%Y: 24-Feb-2026
INC-00492,incidents,dirty_label:severity,High -> Hi
INC-00493,incidents,mixed_date_format:incident_date,used format %Y-%m-%dT%H:%M:%SZ: 2024-05-16T00:00:00Z
INC-00495,incidents,missing_required_field:incident_type,
INC-00498,incidents,mixed_date_format:incident_date,used format %d-%b-%Y: 31-May-2025
INC-00502,incidents,mixed_date_format:incident_date,used format %d/%m/%Y: 03/05/2025
INC-00506,incidents,mixed_date_format:incident_date,used format %m/%d/%Y: 07/19/2025
INC-00509,incidents,dirty_label:incident_type,Near Miss -> NEAR MISS
INC-00511,incidents,dirty_label:severity,Medium -> Medium 
INC-00512,incidents,mixed_date_format:incident_date,used format %Y-%m-%dT%H:%M:%SZ: 2023-08-18T00:00:00Z
INC-00512,incidents,missing_required_field:incident_type,
INC-00513,incidents,dirty_label:incident_type,Near Miss -> Near  Miss
INC-00513,incidents,missing_required_field:incident_type,
INC-00514,incidents,mixed_date_format:incident_date,used format %d/%m/%Y: 21/08/2023
INC-00514,incidents,missing_required_field:incident_type,
INC-00518,incidents,missing_required_field:incident_type,
INC-00519,incidents,dirty_label:severity,Medium -> Med
INC-00520,incidents,missing_required_field:severity,
INC-00522,incidents,mixed_date_format:incident_date,used format %d/%m/%Y: 07/09/2024
INC-00527,incidents,dirty_label:severity,High -> Hi
INC-00528,incidents,dirty_label:incident_type,Leak -> leak
INC-00529,incidents,mixed_date_format:incident_date,used format %d/%m/%Y: 27/12/2024
INC-00530,incidents,dirty_label:incident_type,Near Miss -> near-miss
INC-00532,incidents,dirty_label:incident_type,Leak ->  Leak
INC-00537,incidents,missing_required_field:severity,
INC-00539,incidents,mixed_date_format:incident_date,used format %d/%m/%Y: 19/12/2024
INC-00540,incidents,missing_required_field:severity,
INC-00552,incidents,dirty_label:severity,High ->  High
INC-00552,incidents,mixed_date_format:incident_date,used format %d-%b-%Y: 17-Jul-2026
INC-00554,incidents,dirty_label:incident_type,Fire -> Fire 
INC-00555,incidents,dirty_label:severity,Low ->  Low
INC-00557,incidents,mixed_date_format:incident_date,used format %d-%b-%Y: 15-May-2025
INC-00559,incidents,missing_required_field:incident_type,
INC-00560,incidents,missing_required_field:severity,
INC-00560,incidents,out_of_range:compliance_score,104.0
INC-00561,incidents,dirty_label:severity,Critical ->  Critical
INC-00564,incidents,dirty_label:incident_type,Fire -> Fire 
INC-00564,incidents,mixed_date_format:incident_date,used format %d/%m/%Y: 03/06/2024
INC-00565,incidents,mixed_date_format:incident_date,used format %d/%m/%Y: 16/01/2024
INC-00565,incidents,out_of_range:compliance_score,-0.5
INC-00568,incidents,dirty_label:severity,Low ->  Low
INC-00569,incidents,dirty_label:incident_type,Leak -> LEAK
INC-00571,incidents,dirty_label:severity,Medium ->  medium
INC-00571,incidents,mixed_date_format:incident_date,used format %m/%d/%Y: 02/13/2024
INC-00572,incidents,dirty_label:severity,Critical -> crit
INC-00572,incidents,out_of_range:compliance_score,-12.3
INC-00573,incidents,dirty_label:severity,High ->  High
INC-00573,incidents,missing_required_field:severity,
INC-00575,incidents,dirty_label:incident_type,Leak -> LEAK
INC-00575,incidents,mixed_date_format:incident_date,used format %Y-%m-%dT%H:%M:%SZ: 2023-09-08T00:00:00Z
INC-00579,incidents,future_date:incident_date,2026-08-11
INC-00580,incidents,mixed_date_format:incident_date,used format %m/%d/%Y: 02/03/2026
INC-00582,incidents,mixed_date_format:incident_date,used format %d/%m/%Y: 17/11/2025
INC-00582,incidents,out_of_range:compliance_score,150.0
INC-00583,incidents,missing_required_field:incident_type,
INC-00586,incidents,mixed_date_format:incident_date,used format %d/%m/%Y: 17/01/2024
INC-00588,incidents,mixed_date_format:incident_date,used format %d/%m/%Y: 08/11/2023
INC-00589,incidents,dirty_label:severity,Medium -> Med
INC-00592,incidents,dirty_label:incident_type,Near Miss -> near-miss
INC-00592,incidents,mixed_date_format:incident_date,used format %Y-%m-%dT%H:%M:%SZ: 2025-01-22T00:00:00Z
INC-00596,incidents,dirty_label:incident_type,Leak -> leak 
INC-00602,incidents,mixed_date_format:incident_date,used format %d/%m/%Y: 30/04/2025
INC-00605,incidents,dirty_label:severity,Low -> Lo
INC-00607,incidents,dirty_label:severity,Low -> low
INC-00608,incidents,dirty_label:incident_type,Leak -> Oil Leak
INC-00611,incidents,mixed_date_format:incident_date,used format %d/%m/%Y: 24/08/2025
INC-00612,incidents,dirty_label:severity,High ->  High
INC-00612,incidents,mixed_date_format:incident_date,used format %Y-%m-%dT%H:%M:%SZ: 2025-10-06T00:00:00Z
INC-00612,incidents,missing_required_field:incident_type,
INC-00614,incidents,mixed_date_format:incident_date,used format %d/%m/%Y: 10/09/2025
INC-00620,incidents,missing_required_field:severity,
INC-00621,incidents,dirty_label:severity,Critical -> crit
INC-00623,incidents,mixed_date_format:incident_date,used format %d-%b-%Y: 19-Feb-2026
INC-00627,incidents,mixed_date_format:incident_date,used format %m/%d/%Y: 03/16/2026
INC-00630,incidents,dirty_label:incident_type,Spill ->  spill 
INC-00631,incidents,dirty_label:incident_type,Equipment Failure -> equipment failure
INC-00633,incidents,dirty_label:severity,Low -> LOW
INC-00633,incidents,missing_required_field:severity,
INC-00635,incidents,mixed_date_format:incident_date,used format %Y-%m-%dT%H:%M:%SZ: 2024-12-18T00:00:00Z
INC-00638,incidents,dirty_label:incident_type,Near Miss -> near miss
INC-00640,incidents,dirty_label:incident_type,Near Miss -> Near  Miss
INC-00643,incidents,dirty_label:severity,Medium -> Med
INC-00643,incidents,dirty_label:incident_type,Fire -> Fire 
INC-00645,incidents,dirty_label:severity,Low ->  Low
INC-00652,incidents,future_date:incident_date,2026-08-18
INC-00652,incidents,out_of_range:compliance_score,104.0
INC-00654,incidents,missing_required_field:incident_type,
INC-00655,incidents,missing_required_field:severity,
INC-00657,incidents,dirty_label:severity,Low -> LOW
INC-00659,incidents,missing_required_field:severity,
INC-00663,incidents,missing_required_field:incident_type,
INC-00664,incidents,dirty_label:incident_type,Leak ->  Leak
INC-00664,incidents,mixed_date_format:incident_date,used format %d/%m/%Y: 23/07/2023
INC-00665,incidents,dirty_label:incident_type,Spill ->  spill 
INC-00665,incidents,mixed_date_format:incident_date,used format %d-%b-%Y: 10-Mar-2024
INC-00668,incidents,mixed_date_format:incident_date,used format %d-%b-%Y: 02-Nov-2023
INC-00670,incidents,dirty_label:severity,High -> high
INC-00670,incidents,dirty_label:incident_type,Equipment Failure -> Equip. Failure
INC-00670,incidents,future_date:incident_date,2026-09-28
INC-00673,incidents,dirty_label:incident_type,Equipment Failure -> Equip. Failure
INC-00673,incidents,mixed_date_format:incident_date,used format %Y-%m-%dT%H:%M:%SZ: 2024-10-11T00:00:00Z
INC-00674,incidents,mixed_date_format:incident_date,used format %Y-%m-%dT%H:%M:%SZ: 2026-04-12T00:00:00Z
INC-00675,incidents,dirty_label:incident_type,Near Miss -> near-miss
INC-00679,incidents,dirty_label:incident_type,Leak -> leak 
INC-00685,incidents,dirty_label:incident_type,Leak ->  Leak
INC-00690,incidents,dirty_label:severity,Critical ->  Critical
INC-00690,incidents,mixed_date_format:incident_date,used format %m/%d/%Y: 01/12/2025
INC-00691,incidents,dirty_label:severity,Medium -> MEDIUM
INC-00691,incidents,mixed_date_format:incident_date,used format %d/%m/%Y: 11/04/2026
INC-00693,incidents,dirty_label:incident_type,Fire -> FIRE
INC-00696,incidents,out_of_range:compliance_score,104.0
INC-00700,incidents,future_date:incident_date,2026-08-22
INC-00701,incidents,mixed_date_format:incident_date,used format %d/%m/%Y: 23/08/2023
INC-00708,incidents,mixed_date_format:incident_date,used format %d-%b-%Y: 08-Jan-2024
INC-00709,incidents,mixed_date_format:incident_date,used format %m/%d/%Y: 10/29/2023
INC-00713,incidents,mixed_date_format:incident_date,used format %m/%d/%Y: 01/21/2026
INC-00717,incidents,mixed_date_format:incident_date,used format %Y-%m-%dT%H:%M:%SZ: 2023-12-21T00:00:00Z
INC-00718,incidents,mixed_date_format:incident_date,used format %m/%d/%Y: 06/12/2024
INC-00721,incidents,mixed_date_format:incident_date,used format %Y-%m-%dT%H:%M:%SZ: 2026-01-19T00:00:00Z
INC-00727,incidents,mixed_date_format:incident_date,used format %m/%d/%Y: 11/12/2023
INC-00730,incidents,dirty_label:severity,Medium -> medium
INC-00735,incidents,mixed_date_format:incident_date,used format %d/%m/%Y: 15/10/2024
INC-00735,incidents,missing_required_field:severity,
INC-00737,incidents,mixed_date_format:incident_date,used format %m/%d/%Y: 08/27/2025
INC-00739,incidents,missing_required_field:severity,
INC-00740,incidents,mixed_date_format:incident_date,used format %m/%d/%Y: 11/21/2025
INC-00742,incidents,missing_required_field:incident_type,
INC-00743,incidents,missing_required_field:severity,
INC-00744,incidents,dirty_label:severity,Critical -> Crit
INC-00745,incidents,mixed_date_format:incident_date,used format %Y-%m-%dT%H:%M:%SZ: 2025-11-06T00:00:00Z
INC-00746,incidents,dirty_label:severity,Medium ->  medium
INC-00747,incidents,dirty_label:incident_type,Leak -> LEAK
INC-00749,incidents,dirty_label:severity,High -> HIGH
INC-00752,incidents,dirty_label:severity,High ->  High
INC-00753,incidents,future_date:incident_date,2026-08-15
INC-00754,incidents,mixed_date_format:incident_date,used format %d/%m/%Y: 25/05/2026
INC-00757,incidents,mixed_date_format:incident_date,used format %Y-%m-%dT%H:%M:%SZ: 2025-11-21T00:00:00Z
INC-00758,incidents,dirty_label:severity,Low -> LOW
INC-00759,incidents,dirty_label:incident_type,Equipment Failure -> equipment failure
INC-00760,incidents,dirty_label:severity,Critical -> critical
INC-00763,incidents,mixed_date_format:incident_date,used format %d-%b-%Y: 13-Oct-2024
INC-00766,incidents,dirty_label:severity,Critical -> crit
INC-00771,incidents,dirty_label:incident_type,Equipment Failure -> Equipment  Failure
INC-00772,incidents,dirty_label:severity,High ->  High
INC-00774,incidents,mixed_date_format:incident_date,used format %Y-%m-%dT%H:%M:%SZ: 2024-11-20T00:00:00Z
INC-00775,incidents,dirty_label:incident_type,Equipment Failure -> Equipment  Failure
INC-00776,incidents,mixed_date_format:incident_date,used format %d/%m/%Y: 13/10/2025
INC-00777,incidents,mixed_date_format:incident_date,used format %m/%d/%Y: 01/03/2024
INC-00778,incidents,dirty_label:incident_type,Leak -> leak 
INC-00780,incidents,missing_required_field:severity,
INC-00786,incidents,mixed_date_format:incident_date,used format %m/%d/%Y: 07/02/2026
INC-00786,incidents,missing_required_field:severity,
INC-00787,incidents,dirty_label:incident_type,Spill -> spill
INC-00787,incidents,mixed_date_format:incident_date,used format %d-%b-%Y: 05-Oct-2023
INC-00788,incidents,dirty_label:severity,Low -> Lo
INC-00790,incidents,dirty_label:incident_type,Equipment Failure -> Equipment  Failure
INC-00790,incidents,mixed_date_format:incident_date,used format %d/%m/%Y: 13/11/2024
INC-00791,incidents,mixed_date_format:incident_date,used format %d-%b-%Y: 04-Jun-2024
INC-00794,incidents,mixed_date_format:incident_date,used format %m/%d/%Y: 03/01/2025
INC-00795,incidents,out_of_range:compliance_score,150.0
INC-00796,incidents,dirty_label:incident_type,Spill -> Spill 
INC-00799,incidents,future_date:incident_date,2026-08-29
INC-00802,incidents,dirty_label:severity,High -> HIGH
INC-00805,incidents,dirty_label:severity,High -> Hi
INC-00805,incidents,mixed_date_format:incident_date,used format %d-%b-%Y: 17-Nov-2025
INC-00805,incidents,future_date:incident_date,2026-09-08
INC-00806,incidents,dirty_label:incident_type,Fire -> FIRE
INC-00806,incidents,missing_required_field:severity,
INC-00807,incidents,dirty_label:severity,High -> HIGH
INC-00807,incidents,mixed_date_format:incident_date,used format %m/%d/%Y: 10/14/2025
INC-00809,incidents,dirty_label:incident_type,Near Miss -> near miss
INC-00811,incidents,missing_required_field:severity,
INC-00812,incidents,dirty_label:severity,Critical -> CRITICAL
INC-00818,incidents,dirty_label:incident_type,Equipment Failure -> Equipment  Failure
INC-00818,incidents,mixed_date_format:incident_date,used format %d/%m/%Y: 07/07/2024
INC-00821,incidents,future_date:incident_date,2026-10-01
INC-00823,incidents,missing_required_field:severity,
INC-00824,incidents,missing_required_field:severity,
INC-00829,incidents,mixed_date_format:incident_date,used format %d-%b-%Y: 20-Aug-2023
INC-00830,incidents,mixed_date_format:incident_date,used format %m/%d/%Y: 03/20/2026
INC-00833,incidents,dirty_label:incident_type,Leak -> Oil Leak
INC-00834,incidents,dirty_label:severity,Medium -> medium
INC-00835,incidents,mixed_date_format:incident_date,used format %Y-%m-%dT%H:%M:%SZ: 2023-07-31T00:00:00Z
INC-00836,incidents,mixed_date_format:incident_date,used format %d-%b-%Y: 23-Oct-2025
INC-00837,incidents,dirty_label:incident_type,Leak -> LEAK
INC-00840,incidents,missing_required_field:incident_type,
INC-00842,incidents,mixed_date_format:incident_date,used format %d-%b-%Y: 09-Dec-2025
INC-00843,incidents,dirty_label:incident_type,Spill -> Minor Spill
INC-00848,incidents,dirty_label:severity,Critical ->  Critical
INC-00849,incidents,mixed_date_format:incident_date,used format %d-%b-%Y: 16-Mar-2025
INC-00852,incidents,missing_required_field:severity,
INC-00854,incidents,mixed_date_format:incident_date,used format %Y-%m-%dT%H:%M:%SZ: 2025-01-16T00:00:00Z
INC-00855,incidents,mixed_date_format:incident_date,used format %Y-%m-%dT%H:%M:%SZ: 2024-02-21T00:00:00Z
INC-00855,incidents,future_date:incident_date,2026-07-24
INC-00861,incidents,mixed_date_format:incident_date,used format %m/%d/%Y: 03/29/2025
INC-00863,incidents,dirty_label:severity,Low ->  Low
INC-00865,incidents,dirty_label:incident_type,Equipment Failure -> Equipment  Failure
INC-00866,incidents,dirty_label:severity,High -> Hi
INC-00867,incidents,dirty_label:severity,Low ->  Low
INC-00867,incidents,mixed_date_format:incident_date,used format %m/%d/%Y: 06/21/2024
INC-00869,incidents,dirty_label:severity,High -> high
INC-00869,incidents,dirty_label:incident_type,Spill -> spill
INC-00870,incidents,dirty_label:incident_type,Near Miss -> NEAR MISS
INC-00870,incidents,missing_required_field:severity,
INC-00871,incidents,out_of_range:compliance_score,-0.5
INC-00873,incidents,mixed_date_format:incident_date,used format %d-%b-%Y: 29-Sep-2025
INC-00877,incidents,mixed_date_format:incident_date,used format %Y-%m-%dT%H:%M:%SZ: 2024-10-18T00:00:00Z
INC-00880,incidents,out_of_range:compliance_score,104.0
INC-00883,incidents,dirty_label:severity,Low -> Lo
INC-00884,incidents,dirty_label:severity,Low -> low 
INC-00884,incidents,missing_required_field:incident_type,
INC-00887,incidents,mixed_date_format:incident_date,used format %m/%d/%Y: 02/22/2024
INC-00889,incidents,dirty_label:incident_type,Near Miss -> NEAR MISS
INC-00891,incidents,missing_required_field:severity,
INC-00893,incidents,missing_required_field:severity,
INC-00895,incidents,dirty_label:incident_type,Fire -> fire
INC-00895,incidents,future_date:incident_date,2026-10-01
INC-00897,incidents,missing_required_field:severity,
INC-00898,incidents,dirty_label:incident_type,Equipment Failure -> EQUIPMENT FAILURE
INC-00898,incidents,mixed_date_format:incident_date,used format %Y-%m-%dT%H:%M:%SZ: 2025-04-08T00:00:00Z
INC-00901,incidents,missing_required_field:severity,
INC-00902,incidents,mixed_date_format:incident_date,used format %Y-%m-%dT%H:%M:%SZ: 2025-08-04T00:00:00Z
INC-00905,incidents,dirty_label:incident_type,Leak -> LEAK
INC-00906,incidents,dirty_label:severity,Low -> LOW
INC-00911,incidents,mixed_date_format:incident_date,used format %Y-%m-%dT%H:%M:%SZ: 2023-09-29T00:00:00Z
INC-00912,incidents,dirty_label:incident_type,Leak -> Oil Leak
INC-00914,incidents,mixed_date_format:incident_date,used format %Y-%m-%dT%H:%M:%SZ: 2026-07-03T00:00:00Z
INC-00915,incidents,out_of_range:compliance_score,-12.3
INC-00917,incidents,dirty_label:incident_type,Leak -> LEAK
INC-00920,incidents,out_of_range:compliance_score,150.0
INC-00921,incidents,dirty_label:incident_type,Fire -> Fire 
INC-00921,incidents,mixed_date_format:incident_date,used format %d-%b-%Y: 15-Jun-2024
INC-00922,incidents,mixed_date_format:incident_date,used format %m/%d/%Y: 12/02/2024
INC-00923,incidents,dirty_label:severity,High -> high
INC-00923,incidents,mixed_date_format:incident_date,used format %d/%m/%Y: 23/07/2023
INC-00924,incidents,dirty_label:severity,High -> Hi
INC-00925,incidents,dirty_label:severity,Medium ->  medium
INC-00926,incidents,out_of_range:compliance_score,150.0
INC-00927,incidents,dirty_label:severity,Critical ->  Critical
INC-00928,incidents,dirty_label:incident_type,Equipment Failure -> Equipment  Failure
INC-00931,incidents,dirty_label:incident_type,Near Miss -> near miss
INC-00932,incidents,missing_required_field:severity,
INC-00933,incidents,missing_required_field:incident_type,
INC-00933,incidents,out_of_range:compliance_score,115.7
INC-00936,incidents,mixed_date_format:incident_date,used format %d/%m/%Y: 04/10/2025
INC-00937,incidents,dirty_label:severity,Medium -> medium
INC-00937,incidents,dirty_label:incident_type,Leak -> leak 
INC-00937,incidents,mixed_date_format:incident_date,used format %d/%m/%Y: 07/02/2026
INC-00939,incidents,dirty_label:severity,Low -> low 
INC-00941,incidents,dirty_label:severity,Medium ->  medium
INC-00941,incidents,missing_required_field:severity,
INC-00942,incidents,dirty_label:incident_type,Leak -> Oil Leak
INC-00942,incidents,mixed_date_format:incident_date,used format %d/%m/%Y: 04/01/2025
INC-00945,incidents,mixed_date_format:incident_date,used format %Y-%m-%dT%H:%M:%SZ: 2023-11-20T00:00:00Z
INC-00945,incidents,missing_required_field:severity,
INC-00950,incidents,dirty_label:severity,Medium -> medium
INC-00954,incidents,missing_required_field:incident_type,
INC-00955,incidents,dirty_label:severity,High ->  High
INC-00956,incidents,dirty_label:severity,Low -> low 
INC-00958,incidents,dirty_label:severity,Medium -> Med
INC-00958,incidents,missing_required_field:incident_type,
INC-00960,incidents,missing_required_field:severity,
INC-00961,incidents,missing_required_field:severity,
INC-00964,incidents,future_date:incident_date,2026-09-13
INC-00964,incidents,out_of_range:compliance_score,-12.3
INC-00967,incidents,dirty_label:incident_type,Spill -> spill
INC-00967,incidents,missing_required_field:severity,
INC-00967,incidents,future_date:incident_date,2026-10-16
INC-00968,incidents,mixed_date_format:incident_date,used format %d/%m/%Y: 01/02/2025
INC-00970,incidents,mixed_date_format:incident_date,used format %d/%m/%Y: 23/02/2026
INC-00971,incidents,dirty_label:incident_type,Spill -> SPILL
INC-00973,incidents,dirty_label:severity,Low -> LOW
INC-00974,incidents,mixed_date_format:incident_date,used format %d-%b-%Y: 02-Sep-2025
INC-00975,incidents,mixed_date_format:incident_date,used format %m/%d/%Y: 11/25/2023
INC-00979,incidents,dirty_label:severity,Critical -> crit
INC-00982,incidents,dirty_label:incident_type,Spill -> SPILL
INC-00984,incidents,dirty_label:severity,Medium ->  medium
INC-00985,incidents,mixed_date_format:incident_date,used format %Y-%m-%dT%H:%M:%SZ: 2025-12-23T00:00:00Z
INC-00989,incidents,mixed_date_format:incident_date,used format %Y-%m-%dT%H:%M:%SZ: 2026-01-29T00:00:00Z
INC-00992,incidents,dirty_label:incident_type,Fire -> Fire 
INC-00993,incidents,dirty_label:severity,High -> high
INC-00996,incidents,missing_required_field:severity,
INC-00998,incidents,mixed_date_format:incident_date,used format %d-%b-%Y: 29-Nov-2025
INC-01000,incidents,missing_required_field:severity,
INC-01002,incidents,missing_required_field:incident_type,
INC-01003,incidents,dirty_label:incident_type,Equipment Failure -> equipment failure
INC-01003,incidents,mixed_date_format:incident_date,used format %d-%b-%Y: 28-Sep-2025
INC-01003,incidents,missing_required_field:severity,
INC-01007,incidents,dirty_label:severity,Medium ->  medium
INC-01009,incidents,dirty_label:incident_type,Near Miss -> NEAR MISS
INC-01009,incidents,mixed_date_format:incident_date,used format %d-%b-%Y: 30-Jul-2024
INC-01010,incidents,dirty_label:incident_type,Equipment Failure -> Equipment  Failure
INC-01011,incidents,dirty_label:incident_type,Leak -> Oil Leak
INC-01012,incidents,mixed_date_format:incident_date,used format %m/%d/%Y: 04/30/2026
INC-01013,incidents,dirty_label:severity,High -> Hi
INC-01014,incidents,dirty_label:severity,Low -> low 
INC-01018,incidents,missing_required_field:incident_type,
INC-01021,incidents,mixed_date_format:incident_date,used format %Y-%m-%dT%H:%M:%SZ: 2026-07-18T00:00:00Z
INC-01023,incidents,dirty_label:severity,Low -> low
INC-01024,incidents,dirty_label:incident_type,Spill -> SPILL
INC-01025,incidents,dirty_label:incident_type,Fire ->  fire
INC-01025,incidents,missing_required_field:incident_type,
INC-01028,incidents,dirty_label:severity,Medium -> Medium 
INC-01029,incidents,dirty_label:incident_type,Leak ->  Leak
INC-01029,incidents,mixed_date_format:incident_date,used format %d-%b-%Y: 18-Feb-2026
INC-01030,incidents,dirty_label:incident_type,Spill -> spill
INC-01031,incidents,dirty_label:incident_type,Near Miss -> Near  Miss
INC-01031,incidents,mixed_date_format:incident_date,used format %d-%b-%Y: 31-May-2025
INC-01034,incidents,mixed_date_format:incident_date,used format %Y-%m-%dT%H:%M:%SZ: 2025-11-25T00:00:00Z
INC-01039,incidents,dirty_label:severity,Low ->  Low
INC-01040,incidents,dirty_label:incident_type,Near Miss -> NEAR MISS
INC-01043,incidents,mixed_date_format:incident_date,used format %d/%m/%Y: 10/09/2025
INC-01044,incidents,dirty_label:severity,Low -> low
INC-01049,incidents,mixed_date_format:incident_date,used format %m/%d/%Y: 09/13/2024
INC-01049,incidents,missing_required_field:severity,
INC-01052,incidents,future_date:incident_date,2026-09-24
INC-01053,incidents,dirty_label:incident_type,Equipment Failure -> Equip. Failure
INC-01054,incidents,dirty_label:incident_type,Equipment Failure -> Equip. Failure
INC-01055,incidents,dirty_label:severity,Medium -> MEDIUM
INC-01055,incidents,dirty_label:incident_type,Fire -> FIRE
INC-01060,incidents,dirty_label:incident_type,Spill -> Spill 
INC-01060,incidents,mixed_date_format:incident_date,used format %m/%d/%Y: 05/05/2024
INC-01066,incidents,dirty_label:incident_type,Spill ->  spill 
INC-01068,incidents,mixed_date_format:incident_date,used format %Y-%m-%dT%H:%M:%SZ: 2026-01-11T00:00:00Z
INC-01071,incidents,dirty_label:incident_type,Equipment Failure -> Equip. Failure
INC-01071,incidents,missing_required_field:severity,
INC-01072,incidents,dirty_label:severity,Low -> Lo
INC-01074,incidents,dirty_label:incident_type,Spill ->  spill 
INC-01076,incidents,dirty_label:incident_type,Near Miss -> Near  Miss
INC-01076,incidents,mixed_date_format:incident_date,used format %m/%d/%Y: 11/28/2024
INC-01078,incidents,dirty_label:severity,Medium -> MEDIUM
INC-01078,incidents,mixed_date_format:incident_date,used format %Y-%m-%dT%H:%M:%SZ: 2025-12-30T00:00:00Z
INC-01079,incidents,mixed_date_format:incident_date,used format %Y-%m-%dT%H:%M:%SZ: 2025-04-23T00:00:00Z
INC-01080,incidents,dirty_label:severity,Low ->  Low
INC-01082,incidents,dirty_label:incident_type,Fire -> fire
INC-01086,incidents,dirty_label:severity,High -> HIGH
INC-01088,incidents,mixed_date_format:incident_date,used format %d-%b-%Y: 23-Jun-2025
INC-01089,incidents,mixed_date_format:incident_date,used format %d/%m/%Y: 16/05/2024
INC-01089,incidents,missing_required_field:severity,
INC-01090,incidents,mixed_date_format:incident_date,used format %m/%d/%Y: 01/15/2025
INC-01095,incidents,missing_required_field:severity,
INC-01099,incidents,mixed_date_format:incident_date,used format %d-%b-%Y: 27-Feb-2024
INC-01100,incidents,mixed_date_format:incident_date,used format %Y-%m-%dT%H:%M:%SZ: 2024-06-06T00:00:00Z
INC-01102,incidents,mixed_date_format:incident_date,used format %m/%d/%Y: 03/12/2026
INC-01103,incidents,mixed_date_format:incident_date,used format %d-%b-%Y: 13-Aug-2025
INC-01105,incidents,mixed_date_format:incident_date,used format %d/%m/%Y: 02/04/2024
INC-01106,incidents,mixed_date_format:incident_date,used format %m/%d/%Y: 03/09/2024
INC-01106,incidents,out_of_range:compliance_score,-12.3
INC-01108,incidents,mixed_date_format:incident_date,used format %d/%m/%Y: 21/06/2025
INC-01112,incidents,mixed_date_format:incident_date,used format %d/%m/%Y: 29/04/2025
INC-01116,incidents,dirty_label:incident_type,Spill -> Spill 
INC-01116,incidents,missing_required_field:incident_type,
INC-01118,incidents,mixed_date_format:incident_date,used format %Y-%m-%dT%H:%M:%SZ: 2025-11-12T00:00:00Z
INC-01120,incidents,dirty_label:severity,High -> HIGH
INC-01120,incidents,missing_required_field:incident_type,
INC-01122,incidents,mixed_date_format:incident_date,used format %m/%d/%Y: 10/27/2023
INC-01125,incidents,dirty_label:severity,High -> high
INC-01127,incidents,dirty_label:incident_type,Leak ->  Leak
INC-01129,incidents,mixed_date_format:incident_date,used format %Y-%m-%dT%H:%M:%SZ: 2025-09-02T00:00:00Z
INC-01130,incidents,dirty_label:severity,Critical -> Crit
INC-01132,incidents,mixed_date_format:incident_date,used format %d/%m/%Y: 19/01/2026
INC-01135,incidents,mixed_date_format:incident_date,used format %d-%b-%Y: 31-Jan-2024
INC-01136,incidents,mixed_date_format:incident_date,used format %m/%d/%Y: 11/13/2025
INC-01138,incidents,mixed_date_format:incident_date,used format %m/%d/%Y: 07/29/2025
INC-01138,incidents,out_of_range:compliance_score,-5.0
INC-01139,incidents,out_of_range:compliance_score,104.0
INC-01140,incidents,missing_required_field:incident_type,
INC-01140,incidents,out_of_range:compliance_score,104.0
INC-01142,incidents,missing_required_field:severity,
INC-01145,incidents,dirty_label:severity,Critical -> crit
INC-01145,incidents,future_date:incident_date,2026-09-22
INC-01149,incidents,out_of_range:compliance_score,-0.5
INC-01150,incidents,dirty_label:severity,Low -> LOW
INC-01151,incidents,mixed_date_format:incident_date,used format %d-%b-%Y: 29-May-2026
INC-01152,incidents,mixed_date_format:incident_date,used format %m/%d/%Y: 08/18/2025
INC-01153,incidents,missing_required_field:incident_type,
INC-01158,incidents,out_of_range:compliance_score,-12.3
INC-01162,incidents,missing_required_field:incident_type,
INC-01163,incidents,mixed_date_format:incident_date,used format %m/%d/%Y: 10/19/2024
INC-01165,incidents,out_of_range:compliance_score,-12.3
INC-01166,incidents,mixed_date_format:incident_date,used format %m/%d/%Y: 05/18/2026
INC-01166,incidents,missing_required_field:severity,
INC-01167,incidents,dirty_label:incident_type,Leak -> Oil Leak
INC-01169,incidents,missing_required_field:severity,
INC-01170,incidents,dirty_label:severity,High -> Hi
INC-01170,incidents,dirty_label:incident_type,Leak -> leak 
INC-01170,incidents,mixed_date_format:incident_date,used format %d-%b-%Y: 13-Apr-2026
INC-01171,incidents,mixed_date_format:incident_date,used format %d-%b-%Y: 31-May-2025
INC-01172,incidents,dirty_label:incident_type,Equipment Failure -> EQUIPMENT FAILURE
INC-01172,incidents,mixed_date_format:incident_date,used format %d/%m/%Y: 01/08/2025
INC-01174,incidents,mixed_date_format:incident_date,used format %Y-%m-%dT%H:%M:%SZ: 2023-07-24T00:00:00Z
INC-01175,incidents,mixed_date_format:incident_date,used format %Y-%m-%dT%H:%M:%SZ: 2025-02-03T00:00:00Z
INC-01176,incidents,dirty_label:incident_type,Spill -> SPILL
INC-01176,incidents,mixed_date_format:incident_date,used format %m/%d/%Y: 05/16/2026
INC-01178,incidents,dirty_label:severity,Medium -> Med
INC-01178,incidents,dirty_label:incident_type,Near Miss -> NEAR MISS
INC-01179,incidents,mixed_date_format:incident_date,used format %d-%b-%Y: 28-Aug-2023
INC-01179,incidents,missing_required_field:severity,
INC-01182,incidents,mixed_date_format:incident_date,used format %d-%b-%Y: 04-Sep-2024
INC-01186,incidents,dirty_label:severity,High -> HIGH
INC-01189,incidents,dirty_label:severity,Low -> Lo
INC-01190,incidents,dirty_label:severity,Low -> Lo
INC-01193,incidents,dirty_label:incident_type,Equipment Failure -> EQUIPMENT FAILURE
INC-01195,incidents,out_of_range:compliance_score,-0.5
INC-01196,incidents,dirty_label:severity,Medium -> Medium 
INC-01205,incidents,dirty_label:severity,Low -> low
INC-01206,incidents,dirty_label:severity,Low -> LOW
INC-01206,incidents,missing_required_field:incident_type,
INC-01206,incidents,out_of_range:compliance_score,115.7
INC-01208,incidents,mixed_date_format:incident_date,used format %d-%b-%Y: 27-Feb-2024
INC-01212,incidents,dirty_label:severity,Medium -> medium
INC-01216,incidents,dirty_label:severity,High -> Hi
INC-01216,incidents,dirty_label:incident_type,Equipment Failure -> EQUIPMENT FAILURE
INC-01218,incidents,dirty_label:incident_type,Spill -> Spill 
INC-01221,incidents,dirty_label:severity,Medium -> Med
INC-01222,incidents,dirty_label:severity,Critical -> Crit
INC-01224,incidents,missing_required_field:severity,
INC-01226,incidents,mixed_date_format:incident_date,used format %d/%m/%Y: 08/06/2024
INC-01228,incidents,dirty_label:severity,Medium -> MEDIUM
INC-01228,incidents,mixed_date_format:incident_date,used format %d-%b-%Y: 02-Sep-2024
INC-01229,incidents,missing_required_field:severity,
INC-01229,incidents,missing_required_field:incident_type,
INC-01230,incidents,dirty_label:severity,Medium -> medium
INC-01231,incidents,dirty_label:severity,Low -> LOW
INC-01231,incidents,future_date:incident_date,2026-08-16
INC-01235,incidents,mixed_date_format:incident_date,used format %d-%b-%Y: 02-Jun-2026
INC-01235,incidents,missing_required_field:incident_type,
INC-01237,incidents,dirty_label:incident_type,Spill -> spill
INC-01239,incidents,dirty_label:severity,High -> HIGH
INC-01243,incidents,mixed_date_format:incident_date,used format %d/%m/%Y: 09/07/2025
INC-01244,incidents,dirty_label:severity,Low -> Lo
INC-01245,incidents,mixed_date_format:incident_date,used format %Y-%m-%dT%H:%M:%SZ: 2023-08-14T00:00:00Z
INC-01247,incidents,missing_required_field:severity,
INC-01249,incidents,missing_required_field:severity,
INC-01251,incidents,mixed_date_format:incident_date,used format %m/%d/%Y: 02/21/2024
INC-01253,incidents,missing_required_field:severity,
INC-01254,incidents,missing_required_field:severity,
INC-01256,incidents,dirty_label:severity,Medium -> Medium 
INC-01257,incidents,missing_required_field:severity,
INC-01258,incidents,dirty_label:severity,High -> HIGH
INC-01258,incidents,mixed_date_format:incident_date,used format %m/%d/%Y: 05/21/2025
INC-01259,incidents,dirty_label:incident_type,Leak -> leak
INC-01264,incidents,mixed_date_format:incident_date,used format %d/%m/%Y: 29/03/2026
INC-01265,incidents,mixed_date_format:incident_date,used format %m/%d/%Y: 04/13/2026
INC-01266,incidents,dirty_label:severity,High -> Hi
INC-01272,incidents,dirty_label:incident_type,Equipment Failure -> equipment failure
INC-01275,incidents,dirty_label:incident_type,Near Miss -> near-miss
INC-01276,incidents,mixed_date_format:incident_date,used format %d/%m/%Y: 27/08/2025
INC-01278,incidents,mixed_date_format:incident_date,used format %d/%m/%Y: 06/06/2025
INC-01283,incidents,dirty_label:severity,Critical -> critical
INC-01286,incidents,dirty_label:incident_type,Near Miss -> near-miss
INC-01286,incidents,mixed_date_format:incident_date,used format %d-%b-%Y: 31-Jan-2024
INC-01287,incidents,mixed_date_format:incident_date,used format %m/%d/%Y: 06/24/2024
INC-01289,incidents,dirty_label:incident_type,Near Miss -> Near  Miss
INC-01289,incidents,mixed_date_format:incident_date,used format %d/%m/%Y: 27/09/2024
INC-01290,incidents,out_of_range:compliance_score,-12.3
INC-01293,incidents,dirty_label:severity,Critical -> CRITICAL
INC-01293,incidents,mixed_date_format:incident_date,used format %Y-%m-%dT%H:%M:%SZ: 2023-09-26T00:00:00Z
INC-01294,incidents,mixed_date_format:incident_date,used format %Y-%m-%dT%H:%M:%SZ: 2024-09-09T00:00:00Z
INC-01297,incidents,dirty_label:incident_type,Spill ->  spill 
INC-01297,incidents,mixed_date_format:incident_date,used format %Y-%m-%dT%H:%M:%SZ: 2023-09-16T00:00:00Z
INC-01300,incidents,missing_required_field:severity,
INC-01301,incidents,mixed_date_format:incident_date,used format %d/%m/%Y: 26/05/2025
INC-01303,incidents,dirty_label:severity,Medium -> MEDIUM
INC-01303,incidents,mixed_date_format:incident_date,used format %d-%b-%Y: 23-Feb-2025
INC-01307,incidents,mixed_date_format:incident_date,used format %d-%b-%Y: 03-Apr-2025
INC-01312,incidents,mixed_date_format:incident_date,used format %d/%m/%Y: 12/11/2024
INC-01313,incidents,dirty_label:severity,Critical -> CRITICAL
INC-01313,incidents,dirty_label:incident_type,Leak ->  Leak
INC-01313,incidents,mixed_date_format:incident_date,used format %m/%d/%Y: 01/31/2024
INC-01314,incidents,mixed_date_format:incident_date,used format %Y-%m-%dT%H:%M:%SZ: 2024-07-23T00:00:00Z
INC-01315,incidents,dirty_label:incident_type,Spill -> spill
INC-01315,incidents,mixed_date_format:incident_date,used format %m/%d/%Y: 01/10/2024
INC-01318,incidents,dirty_label:incident_type,Spill -> Spill 
INC-01318,incidents,mixed_date_format:incident_date,used format %d-%b-%Y: 20-May-2024
INC-01319,incidents,mixed_date_format:incident_date,used format %m/%d/%Y: 05/24/2025
INC-01321,incidents,dirty_label:severity,High -> high
INC-01321,incidents,future_date:incident_date,2026-09-23
INC-01322,incidents,dirty_label:severity,Critical ->  Critical
INC-01322,incidents,mixed_date_format:incident_date,used format %Y-%m-%dT%H:%M:%SZ: 2024-10-31T00:00:00Z
INC-01323,incidents,dirty_label:severity,Low -> low
INC-01327,incidents,mixed_date_format:incident_date,used format %d/%m/%Y: 14/09/2023
INC-01328,incidents,dirty_label:incident_type,Near Miss -> Near  Miss
INC-01328,incidents,mixed_date_format:incident_date,used format %Y-%m-%dT%H:%M:%SZ: 2026-03-27T00:00:00Z
INC-01330,incidents,mixed_date_format:incident_date,used format %Y-%m-%dT%H:%M:%SZ: 2023-11-11T00:00:00Z
INC-01333,incidents,dirty_label:severity,Medium -> Med
INC-01333,incidents,dirty_label:incident_type,Equipment Failure -> Equipment  Failure
INC-01333,incidents,mixed_date_format:incident_date,used format %m/%d/%Y: 12/05/2025
INC-01334,incidents,mixed_date_format:incident_date,used format %Y-%m-%dT%H:%M:%SZ: 2024-11-18T00:00:00Z
INC-01338,incidents,mixed_date_format:incident_date,used format %d/%m/%Y: 11/05/2024
INC-01339,incidents,missing_required_field:incident_type,
INC-01340,incidents,mixed_date_format:incident_date,used format %d/%m/%Y: 14/11/2025
INC-01341,incidents,mixed_date_format:incident_date,used format %d/%m/%Y: 16/06/2026
INC-01341,incidents,out_of_range:compliance_score,-5.0
INC-01342,incidents,dirty_label:incident_type,Fire -> Fire 
INC-01348,incidents,missing_required_field:incident_type,
INC-01350,incidents,missing_required_field:severity,
INC-01353,incidents,mixed_date_format:incident_date,used format %m/%d/%Y: 02/13/2026
INC-01355,incidents,dirty_label:severity,High -> Hi
INC-01355,incidents,dirty_label:incident_type,Equipment Failure -> Equip. Failure
INC-01356,incidents,dirty_label:incident_type,Leak -> Oil Leak
INC-01357,incidents,dirty_label:severity,Medium -> Med
INC-01357,incidents,missing_required_field:incident_type,
INC-01358,incidents,dirty_label:incident_type,Spill -> Spill 
INC-01358,incidents,mixed_date_format:incident_date,used format %d-%b-%Y: 18-Jul-2026
INC-01359,incidents,mixed_date_format:incident_date,used format %m/%d/%Y: 11/23/2023
INC-01364,incidents,dirty_label:incident_type,Equipment Failure -> Equip. Failure
INC-01372,incidents,mixed_date_format:incident_date,used format %d/%m/%Y: 18/03/2026
INC-01372,incidents,future_date:incident_date,2026-09-06
INC-01376,incidents,mixed_date_format:incident_date,used format %d/%m/%Y: 06/07/2026
INC-01377,incidents,dirty_label:severity,High -> Hi
INC-01378,incidents,dirty_label:severity,Medium -> Medium 
INC-01379,incidents,mixed_date_format:incident_date,used format %d-%b-%Y: 06-Mar-2026
INC-01379,incidents,missing_required_field:severity,
INC-01380,incidents,mixed_date_format:incident_date,used format %Y-%m-%dT%H:%M:%SZ: 2025-06-21T00:00:00Z
INC-01383,incidents,dirty_label:severity,Medium -> MEDIUM
INC-01386,incidents,missing_required_field:severity,
INC-01388,incidents,mixed_date_format:incident_date,used format %Y-%m-%dT%H:%M:%SZ: 2026-04-08T00:00:00Z
INC-01392,incidents,dirty_label:severity,High -> high
INC-01392,incidents,missing_required_field:severity,
INC-01394,incidents,mixed_date_format:incident_date,used format %d/%m/%Y: 10/07/2024
INC-01395,incidents,mixed_date_format:incident_date,used format %d/%m/%Y: 24/08/2025
INC-01396,incidents,dirty_label:severity,Critical -> critical
INC-01396,incidents,mixed_date_format:incident_date,used format %d/%m/%Y: 25/09/2025
INC-01405,incidents,dirty_label:severity,Medium -> Med
INC-01405,incidents,mixed_date_format:incident_date,used format %d-%b-%Y: 20-Sep-2024
INC-01406,incidents,dirty_label:severity,Medium -> medium
INC-01409,incidents,out_of_range:compliance_score,104.0
INC-01410,incidents,mixed_date_format:incident_date,used format %Y-%m-%dT%H:%M:%SZ: 2024-12-03T00:00:00Z
INC-01413,incidents,mixed_date_format:incident_date,used format %d/%m/%Y: 19/04/2024
INC-01416,incidents,mixed_date_format:incident_date,used format %m/%d/%Y: 02/22/2025
INC-01417,incidents,dirty_label:incident_type,Spill ->  spill 
INC-01420,incidents,dirty_label:severity,Critical ->  Critical
INC-01420,incidents,mixed_date_format:incident_date,used format %d-%b-%Y: 03-Dec-2025
INC-01422,incidents,missing_required_field:incident_type,
INC-01424,incidents,dirty_label:severity,Medium -> Medium 
INC-01425,incidents,mixed_date_format:incident_date,used format %d/%m/%Y: 03/12/2023
INC-01427,incidents,dirty_label:severity,Low -> low 
INC-01427,incidents,mixed_date_format:incident_date,used format %d-%b-%Y: 31-Aug-2024
INC-01428,incidents,dirty_label:severity,Medium -> Med
INC-01437,incidents,out_of_range:compliance_score,-12.3
INC-01439,incidents,mixed_date_format:incident_date,used format %d-%b-%Y: 09-Nov-2024
INC-01441,incidents,dirty_label:incident_type,Fire -> fire
INC-01441,incidents,out_of_range:compliance_score,150.0
INC-01443,incidents,dirty_label:severity,Critical -> CRITICAL
INC-01443,incidents,dirty_label:incident_type,Leak ->  Leak
INC-01444,incidents,dirty_label:incident_type,Spill -> SPILL
INC-01444,incidents,out_of_range:compliance_score,104.0
INC-01445,incidents,missing_required_field:severity,
INC-01447,incidents,mixed_date_format:incident_date,used format %d-%b-%Y: 18-Mar-2026
INC-01451,incidents,dirty_label:severity,Low -> low
INC-01452,incidents,dirty_label:severity,Low ->  Low
INC-01452,incidents,mixed_date_format:incident_date,used format %d-%b-%Y: 20-Feb-2025
INC-01455,incidents,mixed_date_format:incident_date,used format %d/%m/%Y: 31/01/2024
INC-01457,incidents,dirty_label:incident_type,Equipment Failure -> Equip. Failure
INC-01461,incidents,dirty_label:incident_type,Leak -> LEAK
INC-01461,incidents,mixed_date_format:incident_date,used format %m/%d/%Y: 10/23/2025
INC-01462,incidents,dirty_label:severity,Low -> low
INC-01466,incidents,dirty_label:severity,Critical -> CRITICAL
INC-01466,incidents,dirty_label:incident_type,Fire -> FIRE
INC-01466,incidents,out_of_range:compliance_score,-12.3
INC-01467,incidents,dirty_label:incident_type,Equipment Failure -> EQUIPMENT FAILURE
INC-01469,incidents,dirty_label:severity,Critical -> Crit
INC-01472,incidents,dirty_label:severity,Low ->  Low
INC-01472,incidents,mixed_date_format:incident_date,used format %m/%d/%Y: 07/31/2025
INC-01473,incidents,dirty_label:severity,Medium -> Medium 
INC-01474,incidents,mixed_date_format:incident_date,used format %d/%m/%Y: 24/10/2024
INC-01476,incidents,mixed_date_format:incident_date,used format %Y-%m-%dT%H:%M:%SZ: 2025-07-16T00:00:00Z
INC-01479,incidents,missing_required_field:incident_type,
INC-01481,incidents,mixed_date_format:incident_date,used format %d-%b-%Y: 15-Oct-2025
INC-01483,incidents,dirty_label:incident_type,Near Miss -> near-miss
INC-01487,incidents,mixed_date_format:incident_date,used format %Y-%m-%dT%H:%M:%SZ: 2024-09-07T00:00:00Z
INC-01488,incidents,mixed_date_format:incident_date,used format %m/%d/%Y: 05/31/2025
INC-01488,incidents,missing_required_field:severity,
INC-01492,incidents,missing_required_field:severity,
INC-01495,incidents,mixed_date_format:incident_date,used format %d/%m/%Y: 01/05/2024
INC-01496,incidents,mixed_date_format:incident_date,used format %d-%b-%Y: 23-Jun-2025
INC-01499,incidents,mixed_date_format:incident_date,used format %Y-%m-%dT%H:%M:%SZ: 2024-12-26T00:00:00Z
INC-01502,incidents,mixed_date_format:incident_date,used format %d/%m/%Y: 04/08/2025
INC-01505,incidents,missing_required_field:incident_type,
INC-01506,incidents,dirty_label:incident_type,Near Miss -> near-miss
INC-01507,incidents,mixed_date_format:incident_date,used format %d-%b-%Y: 01-Jun-2026
INC-01507,incidents,missing_required_field:severity,
INC-01509,incidents,dirty_label:severity,High -> HIGH
INC-01509,incidents,missing_required_field:severity,
INC-01509,incidents,future_date:incident_date,2026-10-19
INC-01511,incidents,dirty_label:severity,Critical ->  Critical
INC-01516,incidents,dirty_label:severity,High -> Hi
INC-01517,incidents,dirty_label:incident_type,Equipment Failure -> Equip. Failure
INC-01519,incidents,dirty_label:incident_type,Leak -> Oil Leak
INC-01520,incidents,dirty_label:incident_type,Near Miss -> NEAR MISS
INC-01520,incidents,missing_required_field:severity,
INC-01522,incidents,dirty_label:incident_type,Spill -> spill
INC-01522,incidents,mixed_date_format:incident_date,used format %m/%d/%Y: 11/24/2025
INC-01525,incidents,missing_required_field:severity,
INC-01527,incidents,future_date:incident_date,2026-08-13
INC-01527,incidents,out_of_range:compliance_score,115.7
INC-01528,incidents,mixed_date_format:incident_date,used format %m/%d/%Y: 01/29/2026
INC-01528,incidents,missing_required_field:severity,
INC-01530,incidents,mixed_date_format:incident_date,used format %Y-%m-%dT%H:%M:%SZ: 2024-08-12T00:00:00Z
INC-01531,incidents,mixed_date_format:incident_date,used format %m/%d/%Y: 08/24/2025
INC-01533,incidents,dirty_label:incident_type,Near Miss -> near-miss
INC-01533,incidents,mixed_date_format:incident_date,used format %Y-%m-%dT%H:%M:%SZ: 2024-02-19T00:00:00Z
INC-01536,incidents,missing_required_field:severity,
INC-01537,incidents,dirty_label:severity,Low -> low
INC-01540,incidents,mixed_date_format:incident_date,used format %d-%b-%Y: 02-Sep-2025
INC-01545,incidents,dirty_label:severity,Low -> low
INC-01545,incidents,mixed_date_format:incident_date,used format %Y-%m-%dT%H:%M:%SZ: 2026-02-17T00:00:00Z
INC-01547,incidents,mixed_date_format:incident_date,used format %d-%b-%Y: 27-Oct-2024
INC-01555,incidents,future_date:incident_date,2026-10-06
INC-01557,incidents,dirty_label:severity,Medium -> MEDIUM
INC-01558,incidents,mixed_date_format:incident_date,used format %d-%b-%Y: 29-Nov-2025
INC-01559,incidents,missing_required_field:incident_type,
INC-01561,incidents,dirty_label:severity,Medium ->  medium
INC-01561,incidents,out_of_range:compliance_score,104.0
INC-01562,incidents,dirty_label:incident_type,Equipment Failure -> Equipment  Failure
INC-01564,incidents,missing_required_field:severity,
INC-01564,incidents,out_of_range:compliance_score,-5.0
INC-01565,incidents,dirty_label:incident_type,Near Miss -> Near  Miss
INC-01567,incidents,mixed_date_format:incident_date,used format %Y-%m-%dT%H:%M:%SZ: 2026-03-20T00:00:00Z
INC-01568,incidents,missing_required_field:severity,
INC-01570,incidents,dirty_label:incident_type,Near Miss -> NEAR MISS
INC-01570,incidents,missing_required_field:severity,
INC-01571,incidents,mixed_date_format:incident_date,used format %d-%b-%Y: 31-Aug-2024
INC-01573,incidents,mixed_date_format:incident_date,used format %d/%m/%Y: 11/06/2025
INC-01576,incidents,dirty_label:severity,High ->  High
INC-01576,incidents,missing_required_field:incident_type,
INC-01577,incidents,dirty_label:incident_type,Near Miss -> near-miss
INC-01579,incidents,dirty_label:incident_type,Fire -> fire
INC-01584,incidents,missing_required_field:incident_type,
INC-01586,incidents,missing_required_field:incident_type,
INC-01587,incidents,mixed_date_format:incident_date,used format %d-%b-%Y: 16-Oct-2023
INC-01590,incidents,dirty_label:severity,Medium ->  medium
INC-01590,incidents,missing_required_field:severity,
INC-01591,incidents,mixed_date_format:incident_date,used format %d/%m/%Y: 08/04/2024
INC-01592,incidents,mixed_date_format:incident_date,used format %m/%d/%Y: 10/17/2024
INC-01594,incidents,missing_required_field:incident_type,
INC-01595,incidents,dirty_label:incident_type,Equipment Failure -> Equip. Failure
INC-01597,incidents,mixed_date_format:incident_date,used format %m/%d/%Y: 11/02/2024
INC-01599,incidents,out_of_range:compliance_score,-0.5
INC-01604,incidents,mixed_date_format:incident_date,used format %d/%m/%Y: 27/05/2025
INC-01614,incidents,dirty_label:severity,High -> high
INC-01616,incidents,mixed_date_format:incident_date,used format %d-%b-%Y: 22-Nov-2025
INC-01617,incidents,mixed_date_format:incident_date,used format %m/%d/%Y: 02/09/2026
INC-01620,incidents,dirty_label:incident_type,Equipment Failure -> Equip. Failure
INC-01621,incidents,mixed_date_format:incident_date,used format %d/%m/%Y: 05/06/2026
INC-01633,incidents,dirty_label:incident_type,Near Miss -> NEAR MISS
INC-01637,incidents,dirty_label:severity,High ->  High
INC-01642,incidents,dirty_label:severity,Critical ->  Critical
INC-01643,incidents,future_date:incident_date,2026-08-14
INC-01646,incidents,dirty_label:incident_type,Spill -> SPILL
INC-01646,incidents,missing_required_field:severity,
INC-01648,incidents,mixed_date_format:incident_date,used format %m/%d/%Y: 07/23/2025
INC-01650,incidents,mixed_date_format:incident_date,used format %m/%d/%Y: 12/02/2024
INC-01650,incidents,missing_required_field:incident_type,
INC-01652,incidents,dirty_label:incident_type,Leak -> LEAK
INC-01652,incidents,future_date:incident_date,2026-07-23
INC-01653,incidents,missing_required_field:severity,
INC-01657,incidents,dirty_label:incident_type,Spill -> Spill 
INC-01661,incidents,mixed_date_format:incident_date,used format %m/%d/%Y: 05/02/2026
INC-01661,incidents,future_date:incident_date,2026-08-30
INC-01662,incidents,dirty_label:incident_type,Leak -> leak
INC-01662,incidents,mixed_date_format:incident_date,used format %d-%b-%Y: 12-May-2026
INC-01663,incidents,mixed_date_format:incident_date,used format %Y-%m-%dT%H:%M:%SZ: 2026-06-01T00:00:00Z
INC-01667,incidents,mixed_date_format:incident_date,used format %d/%m/%Y: 23/02/2025
INC-01671,incidents,dirty_label:severity,Critical -> crit
INC-01671,incidents,dirty_label:incident_type,Spill ->  spill 
INC-01672,incidents,mixed_date_format:incident_date,used format %d-%b-%Y: 12-Dec-2024
INC-01676,incidents,mixed_date_format:incident_date,used format %d-%b-%Y: 08-Sep-2025
INC-01677,incidents,mixed_date_format:incident_date,used format %m/%d/%Y: 07/15/2025
INC-01688,incidents,mixed_date_format:incident_date,used format %m/%d/%Y: 10/30/2025
INC-01689,incidents,missing_required_field:severity,
INC-01689,incidents,missing_required_field:incident_type,
INC-01690,incidents,mixed_date_format:incident_date,used format %m/%d/%Y: 07/26/2025
INC-01691,incidents,missing_required_field:incident_type,
INC-01692,incidents,missing_required_field:incident_type,
INC-01694,incidents,dirty_label:severity,High -> Hi
INC-01695,incidents,dirty_label:incident_type,Spill ->  spill 
INC-01695,incidents,mixed_date_format:incident_date,used format %m/%d/%Y: 11/14/2023
INC-01696,incidents,mixed_date_format:incident_date,used format %m/%d/%Y: 12/11/2025
INC-01696,incidents,out_of_range:compliance_score,-5.0
INC-01697,incidents,mixed_date_format:incident_date,used format %m/%d/%Y: 01/25/2025
INC-01698,incidents,mixed_date_format:incident_date,used format %d/%m/%Y: 19/07/2026
INC-01700,incidents,mixed_date_format:incident_date,used format %m/%d/%Y: 11/18/2023
INC-01704,incidents,dirty_label:severity,Low -> low
INC-01704,incidents,mixed_date_format:incident_date,used format %d/%m/%Y: 08/05/2024
INC-01710,incidents,dirty_label:severity,Low -> Lo
INC-01711,incidents,mixed_date_format:incident_date,used format %m/%d/%Y: 01/08/2025
INC-01713,incidents,missing_required_field:incident_type,
INC-01715,incidents,mixed_date_format:incident_date,used format %d/%m/%Y: 18/03/2026
INC-01716,incidents,mixed_date_format:incident_date,used format %m/%d/%Y: 04/01/2026
INC-01719,incidents,dirty_label:incident_type,Near Miss -> near-miss
INC-01720,incidents,mixed_date_format:incident_date,used format %m/%d/%Y: 09/05/2024
INC-01723,incidents,missing_required_field:severity,
INC-01725,incidents,mixed_date_format:incident_date,used format %m/%d/%Y: 05/04/2025
INC-01728,incidents,dirty_label:incident_type,Spill -> Minor Spill
INC-01728,incidents,mixed_date_format:incident_date,used format %d-%b-%Y: 12-Nov-2025
INC-01729,incidents,dirty_label:incident_type,Near Miss -> near miss
INC-01730,incidents,dirty_label:severity,Low -> low 
INC-01730,incidents,missing_required_field:severity,
INC-01731,incidents,dirty_label:incident_type,Equipment Failure -> Equipment  Failure
INC-01733,incidents,mixed_date_format:incident_date,used format %Y-%m-%dT%H:%M:%SZ: 2024-06-25T00:00:00Z
INC-01734,incidents,out_of_range:compliance_score,-0.5
INC-01736,incidents,mixed_date_format:incident_date,used format %d-%b-%Y: 29-Oct-2025
INC-01742,incidents,missing_required_field:severity,
INC-01743,incidents,future_date:incident_date,2026-08-08
INC-01745,incidents,dirty_label:severity,Medium -> medium
INC-01745,incidents,dirty_label:incident_type,Near Miss -> near miss
INC-01745,incidents,mixed_date_format:incident_date,used format %m/%d/%Y: 09/15/2023
INC-01750,incidents,out_of_range:compliance_score,-5.0
INC-01751,incidents,dirty_label:severity,Low ->  Low
INC-01752,incidents,mixed_date_format:incident_date,used format %d-%b-%Y: 01-May-2026
INC-01755,incidents,mixed_date_format:incident_date,used format %d-%b-%Y: 11-Feb-2025
INC-01759,incidents,dirty_label:incident_type,Spill -> SPILL
INC-01760,incidents,dirty_label:incident_type,Leak -> leak 
INC-01763,incidents,mixed_date_format:incident_date,used format %d-%b-%Y: 23-Nov-2023
INC-01767,incidents,mixed_date_format:incident_date,used format %d-%b-%Y: 31-Aug-2023
INC-01772,incidents,dirty_label:severity,Critical ->  Critical
INC-01772,incidents,missing_required_field:incident_type,
INC-01773,incidents,dirty_label:severity,Critical -> CRITICAL
INC-01774,incidents,dirty_label:incident_type,Near Miss -> near miss
INC-01774,incidents,future_date:incident_date,2026-10-18
INC-01777,incidents,missing_required_field:severity,
INC-01779,incidents,dirty_label:severity,High -> HIGH
INC-01784,incidents,mixed_date_format:incident_date,used format %Y-%m-%dT%H:%M:%SZ: 2025-11-02T00:00:00Z
INC-01786,incidents,dirty_label:severity,Medium ->  medium
INC-01787,incidents,dirty_label:severity,Medium -> medium
INC-01787,incidents,mixed_date_format:incident_date,used format %d-%b-%Y: 26-Sep-2025
INC-01788,incidents,dirty_label:severity,Low -> LOW
INC-01792,incidents,dirty_label:severity,High ->  High
INC-01792,incidents,mixed_date_format:incident_date,used format %Y-%m-%dT%H:%M:%SZ: 2026-01-14T00:00:00Z
INC-01793,incidents,missing_required_field:severity,
INC-01796,incidents,mixed_date_format:incident_date,used format %Y-%m-%dT%H:%M:%SZ: 2025-09-24T00:00:00Z
INC-01799,incidents,future_date:incident_date,2026-07-26
INC-01800,incidents,mixed_date_format:incident_date,used format %m/%d/%Y: 07/23/2025
INC-01802,incidents,dirty_label:severity,Critical ->  Critical
INC-01802,incidents,missing_required_field:incident_type,
INC-01804,incidents,missing_required_field:severity,
INC-01806,incidents,dirty_label:severity,Medium -> medium
INC-01806,incidents,dirty_label:incident_type,Near Miss -> near miss
INC-01807,incidents,dirty_label:incident_type,Spill ->  spill 
INC-01809,incidents,mixed_date_format:incident_date,used format %Y-%m-%dT%H:%M:%SZ: 2025-07-30T00:00:00Z
INC-01810,incidents,dirty_label:severity,Medium -> medium
INC-01811,incidents,dirty_label:incident_type,Near Miss -> near-miss
INC-01812,incidents,out_of_range:compliance_score,-12.3
INC-01813,incidents,dirty_label:incident_type,Near Miss -> NEAR MISS
INC-01814,incidents,mixed_date_format:incident_date,used format %d-%b-%Y: 06-Aug-2023
INC-01815,incidents,missing_required_field:severity,
INC-01816,incidents,dirty_label:severity,Medium -> Medium 
INC-01817,incidents,dirty_label:incident_type,Equipment Failure -> Equip. Failure
INC-01818,incidents,missing_required_field:severity,
INC-01821,incidents,mixed_date_format:incident_date,used format %m/%d/%Y: 02/28/2024
INC-01822,incidents,mixed_date_format:incident_date,used format %d/%m/%Y: 21/04/2026
INC-01827,incidents,dirty_label:severity,High -> HIGH
INC-01828,incidents,dirty_label:severity,Low ->  Low
INC-01829,incidents,mixed_date_format:incident_date,used format %d-%b-%Y: 05-Jun-2024
INC-01829,incidents,future_date:incident_date,2026-09-30
INC-01830,incidents,dirty_label:severity,Critical -> CRITICAL
INC-01830,incidents,mixed_date_format:incident_date,used format %m/%d/%Y: 07/01/2026
INC-01832,incidents,mixed_date_format:incident_date,used format %Y-%m-%dT%H:%M:%SZ: 2026-02-10T00:00:00Z
INC-01835,incidents,dirty_label:severity,High ->  High
INC-01837,incidents,mixed_date_format:incident_date,used format %d/%m/%Y: 10/07/2026
INC-01838,incidents,dirty_label:incident_type,Near Miss -> Near  Miss
INC-01839,incidents,mixed_date_format:incident_date,used format %d/%m/%Y: 01/10/2023
INC-01841,incidents,dirty_label:incident_type,Spill -> spill
INC-01846,incidents,dirty_label:incident_type,Fire -> fire
INC-01848,incidents,mixed_date_format:incident_date,used format %m/%d/%Y: 10/27/2023
INC-01855,incidents,mixed_date_format:incident_date,used format %m/%d/%Y: 02/15/2025
INC-01860,incidents,mixed_date_format:incident_date,used format %Y-%m-%dT%H:%M:%SZ: 2025-02-13T00:00:00Z
INC-01862,incidents,missing_required_field:severity,
INC-01863,incidents,dirty_label:severity,High ->  High
INC-01863,incidents,mixed_date_format:incident_date,used format %m/%d/%Y: 08/09/2024
INC-01864,incidents,dirty_label:incident_type,Fire ->  fire
INC-01864,incidents,mixed_date_format:incident_date,used format %d-%b-%Y: 10-Mar-2025
INC-01865,incidents,mixed_date_format:incident_date,used format %Y-%m-%dT%H:%M:%SZ: 2025-04-23T00:00:00Z
INC-01867,incidents,dirty_label:severity,Medium -> MEDIUM
INC-01867,incidents,out_of_range:compliance_score,150.0
INC-01871,incidents,mixed_date_format:incident_date,used format %m/%d/%Y: 09/01/2023
INC-01871,incidents,missing_required_field:severity,
INC-01874,incidents,dirty_label:severity,Medium -> Med
INC-01874,incidents,mixed_date_format:incident_date,used format %d/%m/%Y: 30/12/2024
INC-01875,incidents,out_of_range:compliance_score,115.7
INC-01878,incidents,missing_required_field:severity,
INC-01880,incidents,dirty_label:incident_type,Fire -> fire
INC-01882,incidents,dirty_label:severity,Critical -> critical
INC-01883,incidents,dirty_label:incident_type,Equipment Failure -> equipment failure
INC-01886,incidents,mixed_date_format:incident_date,used format %Y-%m-%dT%H:%M:%SZ: 2024-07-20T00:00:00Z
INC-01887,incidents,mixed_date_format:incident_date,used format %m/%d/%Y: 06/10/2026
INC-01888,incidents,out_of_range:compliance_score,150.0
INC-01891,incidents,mixed_date_format:incident_date,used format %d/%m/%Y: 15/08/2023
INC-01892,incidents,mixed_date_format:incident_date,used format %d-%b-%Y: 13-Jul-2025
INC-01892,incidents,missing_required_field:severity,
INC-01893,incidents,dirty_label:incident_type,Spill -> Spill 
INC-01894,incidents,missing_required_field:incident_type,
INC-01896,incidents,dirty_label:incident_type,Spill -> SPILL
INC-01898,incidents,dirty_label:severity,Low -> Lo
INC-01900,incidents,mixed_date_format:incident_date,used format %Y-%m-%dT%H:%M:%SZ: 2026-06-11T00:00:00Z
INC-01909,incidents,dirty_label:severity,High ->  High
INC-01909,incidents,mixed_date_format:incident_date,used format %d/%m/%Y: 04/04/2026
INC-01910,incidents,dirty_label:severity,Critical -> critical
INC-01911,incidents,dirty_label:severity,Medium -> Medium 
INC-01914,incidents,dirty_label:severity,Low ->  Low
INC-01917,incidents,mixed_date_format:incident_date,used format %m/%d/%Y: 09/04/2024
INC-01919,incidents,mixed_date_format:incident_date,used format %d-%b-%Y: 16-Sep-2023
INC-01920,incidents,missing_required_field:severity,
INC-01920,incidents,out_of_range:compliance_score,-12.3
INC-01921,incidents,dirty_label:incident_type,Leak -> Oil Leak
INC-01923,incidents,dirty_label:severity,Critical -> CRITICAL
INC-01924,incidents,missing_required_field:severity,
INC-01927,incidents,mixed_date_format:incident_date,used format %m/%d/%Y: 07/21/2026
INC-01930,incidents,mixed_date_format:incident_date,used format %Y-%m-%dT%H:%M:%SZ: 2023-10-22T00:00:00Z
INC-01931,incidents,mixed_date_format:incident_date,used format %m/%d/%Y: 02/09/2026
INC-01932,incidents,future_date:incident_date,2026-08-06
INC-01936,incidents,dirty_label:incident_type,Near Miss -> near-miss
INC-01937,incidents,mixed_date_format:incident_date,used format %d-%b-%Y: 26-Mar-2025
INC-01938,incidents,dirty_label:incident_type,Equipment Failure -> equipment failure
INC-01939,incidents,dirty_label:severity,Medium -> Med
INC-01940,incidents,mixed_date_format:incident_date,used format %m/%d/%Y: 05/28/2025
INC-01944,incidents,dirty_label:incident_type,Equipment Failure -> Equip. Failure
INC-01948,incidents,dirty_label:incident_type,Equipment Failure -> EQUIPMENT FAILURE
INC-01952,incidents,mixed_date_format:incident_date,used format %d/%m/%Y: 10/11/2025
INC-01953,incidents,missing_required_field:incident_type,
INC-01960,incidents,missing_required_field:severity,
INC-01961,incidents,mixed_date_format:incident_date,used format %d/%m/%Y: 02/03/2025
INC-01963,incidents,out_of_range:compliance_score,104.0
INC-01964,incidents,mixed_date_format:incident_date,used format %d/%m/%Y: 10/07/2024
INC-01968,incidents,dirty_label:incident_type,Leak -> leak 
INC-01971,incidents,dirty_label:incident_type,Fire ->  fire
INC-01973,incidents,mixed_date_format:incident_date,used format %d/%m/%Y: 10/09/2024
INC-01975,incidents,dirty_label:severity,Medium -> medium
INC-01977,incidents,dirty_label:incident_type,Leak -> leak
INC-01977,incidents,missing_required_field:severity,
INC-01978,incidents,mixed_date_format:incident_date,used format %m/%d/%Y: 03/06/2024
INC-01981,incidents,dirty_label:severity,Low -> LOW
INC-01982,incidents,mixed_date_format:incident_date,used format %d/%m/%Y: 02/06/2024
INC-01982,incidents,missing_required_field:severity,
INC-01986,incidents,mixed_date_format:incident_date,used format %d/%m/%Y: 13/01/2026
INC-01991,incidents,missing_required_field:severity,
INC-01993,incidents,dirty_label:severity,Medium ->  medium
INC-01994,incidents,mixed_date_format:incident_date,used format %d-%b-%Y: 17-Jul-2024
INC-01995,incidents,missing_required_field:severity,
INC-01996,incidents,dirty_label:severity,High -> high
INC-01996,incidents,dirty_label:incident_type,Leak -> LEAK
INC-01998,incidents,dirty_label:incident_type,Near Miss -> NEAR MISS
INC-02000,incidents,mixed_date_format:incident_date,used format %d/%m/%Y: 16/02/2026
INC-02002,incidents,mixed_date_format:incident_date,used format %m/%d/%Y: 08/10/2024
INC-02002,incidents,missing_required_field:severity,
INC-02003,incidents,dirty_label:incident_type,Equipment Failure -> Equipment  Failure
INC-02006,incidents,dirty_label:incident_type,Equipment Failure -> equipment failure
INC-02008,incidents,mixed_date_format:incident_date,used format %Y-%m-%dT%H:%M:%SZ: 2025-04-03T00:00:00Z
INC-02016,incidents,dirty_label:severity,High -> HIGH
INC-02017,incidents,mixed_date_format:incident_date,used format %Y-%m-%dT%H:%M:%SZ: 2026-03-20T00:00:00Z
INC-02018,incidents,dirty_label:incident_type,Fire -> FIRE
INC-02018,incidents,mixed_date_format:incident_date,used format %d/%m/%Y: 04/10/2024
INC-02020,incidents,mixed_date_format:incident_date,used format %Y-%m-%dT%H:%M:%SZ: 2023-08-09T00:00:00Z
INC-02021,incidents,dirty_label:incident_type,Spill -> Spill 
INC-02022,incidents,missing_required_field:severity,
INC-02023,incidents,mixed_date_format:incident_date,used format %m/%d/%Y: 03/31/2025
INC-02023,incidents,missing_required_field:incident_type,
INC-02025,incidents,mixed_date_format:incident_date,used format %d/%m/%Y: 16/07/2024
INC-02026,incidents,dirty_label:severity,Low -> low
INC-02026,incidents,mixed_date_format:incident_date,used format %d-%b-%Y: 08-Sep-2023
INC-02026,incidents,missing_required_field:severity,
INC-02031,incidents,mixed_date_format:incident_date,used format %Y-%m-%dT%H:%M:%SZ: 2025-10-14T00:00:00Z
INC-02036,incidents,missing_required_field:incident_type,
INC-02037,incidents,mixed_date_format:incident_date,used format %d/%m/%Y: 03/06/2025
INC-02039,incidents,dirty_label:severity,High ->  High
INC-02039,incidents,out_of_range:compliance_score,104.0
INC-02041,incidents,missing_required_field:severity,
INC-02043,incidents,mixed_date_format:incident_date,used format %d-%b-%Y: 04-Dec-2025
INC-02045,incidents,dirty_label:severity,Medium -> Med
INC-02045,incidents,mixed_date_format:incident_date,used format %d/%m/%Y: 04/05/2026
INC-02048,incidents,mixed_date_format:incident_date,used format %Y-%m-%dT%H:%M:%SZ: 2025-03-21T00:00:00Z
INC-02048,incidents,missing_required_field:incident_type,
INC-02050,incidents,mixed_date_format:incident_date,used format %Y-%m-%dT%H:%M:%SZ: 2025-04-25T00:00:00Z
INC-02050,incidents,missing_required_field:severity,
INC-02051,incidents,mixed_date_format:incident_date,used format %d/%m/%Y: 25/01/2024
INC-02052,incidents,dirty_label:incident_type,Equipment Failure -> Equip. Failure
INC-02052,incidents,mixed_date_format:incident_date,used format %d-%b-%Y: 03-May-2024
INC-02055,incidents,dirty_label:severity,Critical -> critical
INC-02055,incidents,dirty_label:incident_type,Spill -> SPILL
INC-02055,incidents,mixed_date_format:incident_date,used format %m/%d/%Y: 01/20/2026
INC-02057,incidents,mixed_date_format:incident_date,used format %d/%m/%Y: 14/08/2025
INC-02058,incidents,mixed_date_format:incident_date,used format %d-%b-%Y: 26-Oct-2024
INC-02062,incidents,mixed_date_format:incident_date,used format %d-%b-%Y: 10-Aug-2024
INC-02062,incidents,missing_required_field:severity,
INC-02063,incidents,mixed_date_format:incident_date,used format %d/%m/%Y: 24/09/2023
INC-02064,incidents,mixed_date_format:incident_date,used format %d-%b-%Y: 13-Jul-2024
INC-02065,incidents,dirty_label:severity,Low -> Lo
INC-02066,incidents,mixed_date_format:incident_date,used format %m/%d/%Y: 04/22/2025
INC-02067,incidents,missing_required_field:severity,
INC-02068,incidents,mixed_date_format:incident_date,used format %d-%b-%Y: 25-Feb-2026
INC-02072,incidents,mixed_date_format:incident_date,used format %m/%d/%Y: 12/03/2025
INC-02075,incidents,mixed_date_format:incident_date,used format %d/%m/%Y: 26/02/2026
INC-02077,incidents,missing_required_field:incident_type,
INC-02080,incidents,mixed_date_format:incident_date,used format %Y-%m-%dT%H:%M:%SZ: 2025-12-12T00:00:00Z
INC-02080,incidents,missing_required_field:severity,
INC-02081,incidents,missing_required_field:incident_type,
INC-02082,incidents,missing_required_field:severity,
INC-02083,incidents,dirty_label:severity,Medium -> Medium 
INC-02084,incidents,mixed_date_format:incident_date,used format %d-%b-%Y: 30-Sep-2023
INC-02091,incidents,future_date:incident_date,2026-09-30
INC-02093,incidents,dirty_label:incident_type,Equipment Failure -> equipment failure
INC-02093,incidents,missing_required_field:incident_type,
INC-02095,incidents,dirty_label:severity,Medium -> Med
INC-02095,incidents,dirty_label:incident_type,Equipment Failure -> Equipment  Failure
INC-02097,incidents,mixed_date_format:incident_date,used format %m/%d/%Y: 08/18/2024
INC-02098,incidents,mixed_date_format:incident_date,used format %Y-%m-%dT%H:%M:%SZ: 2024-02-17T00:00:00Z
INC-02109,incidents,dirty_label:incident_type,Near Miss -> near miss
INC-02110,incidents,mixed_date_format:incident_date,used format %d/%m/%Y: 25/02/2026
INC-02113,incidents,dirty_label:incident_type,Equipment Failure -> Equipment  Failure
INC-02113,incidents,missing_required_field:incident_type,
INC-02114,incidents,missing_required_field:severity,
INC-02115,incidents,missing_required_field:severity,
INC-02116,incidents,dirty_label:severity,Low ->  Low
INC-02117,incidents,future_date:incident_date,2026-07-31
INC-02120,incidents,missing_required_field:severity,
INC-02121,incidents,mixed_date_format:incident_date,used format %Y-%m-%dT%H:%M:%SZ: 2023-12-01T00:00:00Z
INC-02124,incidents,dirty_label:incident_type,Leak ->  Leak
INC-02125,incidents,dirty_label:severity,High ->  High
INC-02125,incidents,mixed_date_format:incident_date,used format %m/%d/%Y: 06/21/2024
INC-02128,incidents,mixed_date_format:incident_date,used format %m/%d/%Y: 08/18/2025
INC-02130,incidents,dirty_label:incident_type,Leak -> leak
INC-02130,incidents,mixed_date_format:incident_date,used format %d/%m/%Y: 11/06/2025
INC-02130,incidents,missing_required_field:incident_type,
INC-02133,incidents,missing_required_field:incident_type,
INC-02137,incidents,dirty_label:severity,Medium -> Medium 
INC-02140,incidents,dirty_label:incident_type,Near Miss -> NEAR MISS
INC-02142,incidents,dirty_label:incident_type,Near Miss -> Near  Miss
INC-02142,incidents,missing_required_field:severity,
INC-02142,incidents,missing_required_field:incident_type,
INC-02144,incidents,dirty_label:severity,Low -> low
INC-02145,incidents,dirty_label:severity,High -> high
INC-02146,incidents,mixed_date_format:incident_date,used format %d/%m/%Y: 02/08/2024
INC-02148,incidents,mixed_date_format:incident_date,used format %d/%m/%Y: 20/04/2025
INC-02149,incidents,out_of_range:compliance_score,-5.0
INC-02152,incidents,mixed_date_format:incident_date,used format %d-%b-%Y: 05-Oct-2025
INC-02154,incidents,dirty_label:incident_type,Spill -> SPILL
INC-02155,incidents,dirty_label:incident_type,Leak -> leak
INC-02159,incidents,missing_required_field:severity,
INC-02161,incidents,missing_required_field:severity,
INC-02162,incidents,missing_required_field:severity,
INC-02163,incidents,mixed_date_format:incident_date,used format %Y-%m-%dT%H:%M:%SZ: 2024-09-26T00:00:00Z
INC-02164,incidents,dirty_label:incident_type,Fire -> Fire 
INC-02170,incidents,dirty_label:incident_type,Near Miss -> NEAR MISS
INC-02170,incidents,mixed_date_format:incident_date,used format %d-%b-%Y: 10-Feb-2024
INC-02172,incidents,dirty_label:incident_type,Near Miss -> near miss
INC-02173,incidents,dirty_label:incident_type,Equipment Failure -> Equipment  Failure
INC-02173,incidents,missing_required_field:severity,
INC-02175,incidents,mixed_date_format:incident_date,used format %Y-%m-%dT%H:%M:%SZ: 2025-04-29T00:00:00Z
INC-02177,incidents,mixed_date_format:incident_date,used format %d/%m/%Y: 13/05/2026
INC-02177,incidents,missing_required_field:incident_type,
INC-02178,incidents,dirty_label:severity,High -> high
INC-02183,incidents,dirty_label:incident_type,Fire -> FIRE
INC-02188,incidents,dirty_label:severity,High ->  High
INC-02188,incidents,dirty_label:incident_type,Leak -> leak 
INC-02188,incidents,mixed_date_format:incident_date,used format %m/%d/%Y: 12/08/2025
INC-02189,incidents,dirty_label:severity,Medium ->  medium
INC-02189,incidents,dirty_label:incident_type,Near Miss -> NEAR MISS
INC-02190,incidents,dirty_label:severity,High -> high
INC-02191,incidents,dirty_label:severity,High ->  High
INC-02192,incidents,dirty_label:incident_type,Fire -> fire
INC-02192,incidents,mixed_date_format:incident_date,used format %d-%b-%Y: 16-Nov-2023
INC-02193,incidents,mixed_date_format:incident_date,used format %Y-%m-%dT%H:%M:%SZ: 2024-10-19T00:00:00Z
INC-02196,incidents,dirty_label:severity,High -> high
INC-02197,incidents,missing_required_field:incident_type,
INC-02198,incidents,mixed_date_format:incident_date,used format %d/%m/%Y: 15/04/2024
INC-02199,incidents,mixed_date_format:incident_date,used format %Y-%m-%dT%H:%M:%SZ: 2024-06-19T00:00:00Z
INC-02199,incidents,missing_required_field:severity,
INC-02200,incidents,dirty_label:incident_type,Near Miss -> near-miss
INC-02201,incidents,future_date:incident_date,2026-09-24
INC-02203,incidents,dirty_label:incident_type,Equipment Failure -> Equip. Failure
INC-02204,incidents,missing_required_field:severity,
INC-02206,incidents,dirty_label:incident_type,Spill ->  spill 
INC-02207,incidents,dirty_label:severity,Critical -> CRITICAL
INC-02207,incidents,out_of_range:compliance_score,104.0
INC-02209,incidents,mixed_date_format:incident_date,used format %d/%m/%Y: 21/01/2026
INC-02210,incidents,dirty_label:severity,High -> high
INC-02210,incidents,mixed_date_format:incident_date,used format %m/%d/%Y: 08/19/2024
INC-02212,incidents,mixed_date_format:incident_date,used format %d-%b-%Y: 03-Feb-2026
INC-02213,incidents,future_date:incident_date,2026-09-30
INC-02215,incidents,dirty_label:severity,High -> high
INC-02215,incidents,mixed_date_format:incident_date,used format %d-%b-%Y: 28-May-2026
INC-02217,incidents,mixed_date_format:incident_date,used format %d-%b-%Y: 30-Mar-2025
INC-02218,incidents,mixed_date_format:incident_date,used format %d/%m/%Y: 22/09/2024
INC-02221,incidents,dirty_label:incident_type,Near Miss -> near-miss
INC-02222,incidents,dirty_label:incident_type,Leak ->  Leak
INC-02223,incidents,mixed_date_format:incident_date,used format %d-%b-%Y: 01-Mar-2025
INC-02226,incidents,dirty_label:severity,Critical -> Crit
INC-02227,incidents,dirty_label:incident_type,Leak -> leak 
INC-02228,incidents,mixed_date_format:incident_date,used format %m/%d/%Y: 07/11/2026
INC-02233,incidents,mixed_date_format:incident_date,used format %d/%m/%Y: 10/12/2023
INC-02238,incidents,mixed_date_format:incident_date,used format %d-%b-%Y: 19-Aug-2023
INC-02247,incidents,dirty_label:incident_type,Fire -> Fire 
INC-02248,incidents,dirty_label:severity,High ->  High
INC-02249,incidents,mixed_date_format:incident_date,used format %d/%m/%Y: 09/03/2025
INC-02252,incidents,missing_required_field:severity,
INC-02253,incidents,dirty_label:severity,Critical -> Crit
INC-02254,incidents,future_date:incident_date,2026-09-12
INC-02257,incidents,mixed_date_format:incident_date,used format %d-%b-%Y: 19-Aug-2023
INC-02258,incidents,mixed_date_format:incident_date,used format %m/%d/%Y: 10/17/2025
INC-02260,incidents,mixed_date_format:incident_date,used format %Y-%m-%dT%H:%M:%SZ: 2025-07-26T00:00:00Z
INC-02261,incidents,dirty_label:severity,Critical -> crit
INC-02262,incidents,dirty_label:incident_type,Leak -> leak
INC-02266,incidents,mixed_date_format:incident_date,used format %Y-%m-%dT%H:%M:%SZ: 2025-11-24T00:00:00Z
INC-02269,incidents,dirty_label:incident_type,Leak ->  Leak
INC-02275,incidents,dirty_label:severity,Low -> low
INC-02275,incidents,out_of_range:compliance_score,-5.0
INC-02277,incidents,mixed_date_format:incident_date,used format %m/%d/%Y: 09/21/2024
INC-02278,incidents,dirty_label:incident_type,Equipment Failure -> Equipment  Failure
INC-02281,incidents,missing_required_field:severity,
INC-02282,incidents,dirty_label:severity,High -> HIGH
INC-02282,incidents,mixed_date_format:incident_date,used format %Y-%m-%dT%H:%M:%SZ: 2025-04-26T00:00:00Z
INC-02285,incidents,dirty_label:severity,Medium ->  medium
INC-02286,incidents,dirty_label:incident_type,Equipment Failure -> Equipment  Failure
INC-02289,incidents,dirty_label:incident_type,Equipment Failure -> EQUIPMENT FAILURE
INC-02290,incidents,mixed_date_format:incident_date,used format %d-%b-%Y: 26-Jan-2024
INC-02292,incidents,mixed_date_format:incident_date,used format %Y-%m-%dT%H:%M:%SZ: 2026-06-12T00:00:00Z
INC-02293,incidents,dirty_label:severity,High -> HIGH
INC-02295,incidents,dirty_label:incident_type,Near Miss -> near miss
INC-02305,incidents,dirty_label:severity,Low -> low 
INC-02305,incidents,mixed_date_format:incident_date,used format %Y-%m-%dT%H:%M:%SZ: 2024-03-21T00:00:00Z
INC-02307,incidents,out_of_range:compliance_score,-0.5
INC-02310,incidents,dirty_label:severity,Medium -> medium
INC-02312,incidents,missing_required_field:severity,
INC-02312,incidents,missing_required_field:incident_type,
INC-02315,incidents,mixed_date_format:incident_date,used format %d-%b-%Y: 30-Jul-2023
INC-02316,incidents,mixed_date_format:incident_date,used format %d/%m/%Y: 08/01/2026
INC-02319,incidents,mixed_date_format:incident_date,used format %m/%d/%Y: 09/19/2023
INC-02320,incidents,dirty_label:severity,Low ->  Low
INC-02320,incidents,out_of_range:compliance_score,150.0
INC-02322,incidents,dirty_label:incident_type,Equipment Failure -> equipment failure
INC-02324,incidents,dirty_label:incident_type,Leak -> leak 
INC-02324,incidents,mixed_date_format:incident_date,used format %d/%m/%Y: 21/02/2026
INC-02326,incidents,dirty_label:incident_type,Spill -> Spill 
INC-02334,incidents,dirty_label:severity,Critical ->  Critical
INC-02334,incidents,dirty_label:incident_type,Equipment Failure -> Equipment  Failure
INC-02335,incidents,dirty_label:severity,Low ->  Low
INC-02339,incidents,out_of_range:compliance_score,115.7
INC-02341,incidents,mixed_date_format:incident_date,used format %d/%m/%Y: 06/07/2025
INC-02341,incidents,missing_required_field:incident_type,
INC-02342,incidents,dirty_label:incident_type,Fire -> Fire 
INC-02343,incidents,mixed_date_format:incident_date,used format %Y-%m-%dT%H:%M:%SZ: 2024-08-21T00:00:00Z
INC-02344,incidents,dirty_label:incident_type,Leak -> Oil Leak
INC-02344,incidents,mixed_date_format:incident_date,used format %d-%b-%Y: 30-Mar-2024
INC-02344,incidents,out_of_range:compliance_score,-12.3
INC-02345,incidents,dirty_label:severity,Medium -> MEDIUM
INC-02346,incidents,dirty_label:incident_type,Spill -> SPILL
INC-02347,incidents,dirty_label:severity,Critical -> Crit
INC-02347,incidents,mixed_date_format:incident_date,used format %d-%b-%Y: 24-Apr-2024
INC-02348,incidents,mixed_date_format:incident_date,used format %m/%d/%Y: 07/10/2024
INC-02351,incidents,dirty_label:severity,Low -> low
INC-02351,incidents,mixed_date_format:incident_date,used format %m/%d/%Y: 12/10/2025
INC-02355,incidents,mixed_date_format:incident_date,used format %d-%b-%Y: 07-Mar-2026
INC-02356,incidents,mixed_date_format:incident_date,used format %Y-%m-%dT%H:%M:%SZ: 2024-04-24T00:00:00Z
INC-02357,incidents,dirty_label:severity,High -> high
INC-02359,incidents,dirty_label:incident_type,Fire -> Fire 
INC-02360,incidents,missing_required_field:incident_type,
INC-02363,incidents,dirty_label:severity,Low -> Lo
INC-02364,incidents,dirty_label:severity,Low -> LOW
INC-02367,incidents,mixed_date_format:incident_date,used format %d-%b-%Y: 16-Aug-2025
INC-02368,incidents,dirty_label:severity,Medium -> medium
INC-02368,incidents,dirty_label:incident_type,Near Miss -> Near  Miss
INC-02372,incidents,dirty_label:severity,Medium -> medium
INC-02374,incidents,mixed_date_format:incident_date,used format %m/%d/%Y: 08/24/2024
INC-02378,incidents,mixed_date_format:incident_date,used format %d-%b-%Y: 11-Apr-2026
INC-02384,incidents,dirty_label:incident_type,Fire -> FIRE
INC-02386,incidents,mixed_date_format:incident_date,used format %Y-%m-%dT%H:%M:%SZ: 2025-10-05T00:00:00Z
INC-02387,incidents,dirty_label:severity,Low -> Lo
INC-02388,incidents,mixed_date_format:incident_date,used format %d-%b-%Y: 03-Oct-2024
INC-02389,incidents,dirty_label:incident_type,Near Miss -> Near  Miss
INC-02390,incidents,mixed_date_format:incident_date,used format %m/%d/%Y: 10/30/2024
INC-02393,incidents,mixed_date_format:incident_date,used format %Y-%m-%dT%H:%M:%SZ: 2023-08-15T00:00:00Z
INC-02395,incidents,mixed_date_format:incident_date,used format %Y-%m-%dT%H:%M:%SZ: 2026-03-14T00:00:00Z
INC-02395,incidents,missing_required_field:incident_type,
INC-02396,incidents,dirty_label:severity,Medium -> MEDIUM
INC-02396,incidents,mixed_date_format:incident_date,used format %d-%b-%Y: 06-Jun-2026
INC-02397,incidents,dirty_label:severity,Medium -> Medium 
INC-02397,incidents,missing_required_field:incident_type,
INC-02399,incidents,dirty_label:severity,Low -> low 
INC-02400,incidents,missing_required_field:incident_type,
INC-02406,incidents,mixed_date_format:incident_date,used format %m/%d/%Y: 05/26/2025
INC-02409,incidents,mixed_date_format:incident_date,used format %d-%b-%Y: 16-Sep-2024
INC-02412,incidents,dirty_label:incident_type,Leak -> leak
INC-02413,incidents,missing_required_field:severity,
INC-02416,incidents,mixed_date_format:incident_date,used format %d/%m/%Y: 16/08/2024
INC-02417,incidents,dirty_label:severity,Medium -> MEDIUM
INC-02417,incidents,missing_required_field:severity,
INC-02422,incidents,mixed_date_format:incident_date,used format %d-%b-%Y: 07-Mar-2026
INC-02422,incidents,missing_required_field:incident_type,
INC-02423,incidents,mixed_date_format:incident_date,used format %Y-%m-%dT%H:%M:%SZ: 2024-03-19T00:00:00Z
INC-02424,incidents,out_of_range:compliance_score,115.7
INC-02425,incidents,mixed_date_format:incident_date,used format %Y-%m-%dT%H:%M:%SZ: 2024-04-24T00:00:00Z
INC-02426,incidents,dirty_label:severity,Medium -> medium
INC-02428,incidents,mixed_date_format:incident_date,used format %Y-%m-%dT%H:%M:%SZ: 2026-05-05T00:00:00Z
INC-02434,incidents,mixed_date_format:incident_date,used format %d-%b-%Y: 17-Jan-2024
INC-02439,incidents,missing_required_field:incident_type,
INC-02444,incidents,missing_required_field:severity,
INC-02444,incidents,out_of_range:compliance_score,-5.0
INC-02446,incidents,dirty_label:incident_type,Leak -> Oil Leak
INC-02448,incidents,mixed_date_format:incident_date,used format %m/%d/%Y: 08/17/2024
INC-02449,incidents,dirty_label:severity,Medium ->  medium
INC-02449,incidents,mixed_date_format:incident_date,used format %Y-%m-%dT%H:%M:%SZ: 2024-08-24T00:00:00Z
INC-02452,incidents,future_date:incident_date,2026-10-11
INC-02456,incidents,missing_required_field:incident_type,
INC-02457,incidents,mixed_date_format:incident_date,used format %d-%b-%Y: 31-Mar-2024
INC-02459,incidents,mixed_date_format:incident_date,used format %m/%d/%Y: 07/30/2025
INC-02463,incidents,missing_required_field:severity,
INC-02469,incidents,mixed_date_format:incident_date,used format %d-%b-%Y: 08-Jan-2024
INC-02470,incidents,dirty_label:incident_type,Near Miss -> Near  Miss
INC-02470,incidents,mixed_date_format:incident_date,used format %m/%d/%Y: 03/19/2025
INC-02471,incidents,missing_required_field:incident_type,
INC-02473,incidents,mixed_date_format:incident_date,used format %d/%m/%Y: 14/07/2024
INC-02473,incidents,future_date:incident_date,2026-08-12
INC-02474,incidents,dirty_label:incident_type,Fire ->  fire
INC-02481,incidents,dirty_label:severity,Low -> low 
INC-02483,incidents,mixed_date_format:incident_date,used format %m/%d/%Y: 09/27/2025
INC-02485,incidents,dirty_label:incident_type,Near Miss -> NEAR MISS
INC-02486,incidents,mixed_date_format:incident_date,used format %m/%d/%Y: 01/24/2025
INC-02489,incidents,mixed_date_format:incident_date,used format %d/%m/%Y: 15/04/2025
INC-02490,incidents,out_of_range:compliance_score,104.0
INC-02493,incidents,missing_required_field:severity,
INC-02498,incidents,mixed_date_format:incident_date,used format %d/%m/%Y: 10/05/2024
INC-02499,incidents,missing_required_field:severity,
INC-02500,incidents,mixed_date_format:incident_date,used format %Y-%m-%dT%H:%M:%SZ: 2025-11-24T00:00:00Z
INC-02501,incidents,missing_required_field:incident_type,
INC-02504,incidents,dirty_label:severity,High -> Hi
INC-02511,incidents,dirty_label:incident_type,Spill -> spill
INC-02514,incidents,dirty_label:severity,Critical ->  Critical
INC-02515,incidents,dirty_label:severity,High -> HIGH
INC-02515,incidents,missing_required_field:severity,
INC-02517,incidents,missing_required_field:severity,
INC-02518,incidents,mixed_date_format:incident_date,used format %d/%m/%Y: 19/10/2024
INC-02525,incidents,dirty_label:severity,Critical -> crit
INC-02526,incidents,mixed_date_format:incident_date,used format %Y-%m-%dT%H:%M:%SZ: 2025-08-07T00:00:00Z
INC-02526,incidents,missing_required_field:severity,
INC-02527,incidents,mixed_date_format:incident_date,used format %m/%d/%Y: 10/19/2025
INC-02528,incidents,mixed_date_format:incident_date,used format %Y-%m-%dT%H:%M:%SZ: 2025-12-27T00:00:00Z
INC-02531,incidents,missing_required_field:severity,
INC-02532,incidents,mixed_date_format:incident_date,used format %m/%d/%Y: 12/11/2025
INC-02533,incidents,missing_required_field:severity,
INC-02535,incidents,dirty_label:severity,High -> Hi
INC-02536,incidents,dirty_label:severity,Medium -> MEDIUM
INC-02538,incidents,dirty_label:severity,Critical ->  Critical
INC-02538,incidents,mixed_date_format:incident_date,used format %m/%d/%Y: 04/17/2025
INC-02539,incidents,dirty_label:severity,Critical ->  Critical
INC-02541,incidents,missing_required_field:severity,
INC-02543,incidents,dirty_label:severity,High -> Hi
INC-02545,incidents,missing_required_field:incident_type,
INC-02549,incidents,dirty_label:severity,Critical -> Crit
INC-02549,incidents,mixed_date_format:incident_date,used format %Y-%m-%dT%H:%M:%SZ: 2025-07-19T00:00:00Z
INC-02551,incidents,missing_required_field:incident_type,
INC-02553,incidents,mixed_date_format:incident_date,used format %d/%m/%Y: 07/11/2024
INC-02556,incidents,dirty_label:severity,Critical -> CRITICAL
INC-02558,incidents,dirty_label:incident_type,Near Miss -> Near  Miss
INC-02559,incidents,future_date:incident_date,2026-07-29
INC-02562,incidents,dirty_label:incident_type,Near Miss -> near miss
INC-02565,incidents,mixed_date_format:incident_date,used format %Y-%m-%dT%H:%M:%SZ: 2026-07-15T00:00:00Z
INC-02566,incidents,dirty_label:incident_type,Equipment Failure -> Equipment  Failure
INC-02566,incidents,mixed_date_format:incident_date,used format %d/%m/%Y: 22/08/2023
INC-02569,incidents,dirty_label:severity,Low -> Lo
INC-02569,incidents,dirty_label:incident_type,Equipment Failure -> Equip. Failure
INC-02569,incidents,mixed_date_format:incident_date,used format %m/%d/%Y: 03/26/2025
INC-02570,incidents,mixed_date_format:incident_date,used format %Y-%m-%dT%H:%M:%SZ: 2023-11-04T00:00:00Z
INC-02576,incidents,mixed_date_format:incident_date,used format %d-%b-%Y: 05-Dec-2023
INC-02577,incidents,mixed_date_format:incident_date,used format %d/%m/%Y: 21/06/2024
INC-02579,incidents,dirty_label:incident_type,Spill -> SPILL
INC-02579,incidents,mixed_date_format:incident_date,used format %d-%b-%Y: 08-Apr-2024
INC-02581,incidents,mixed_date_format:incident_date,used format %m/%d/%Y: 11/15/2023
INC-02581,incidents,missing_required_field:incident_type,
INC-02582,incidents,dirty_label:severity,High -> Hi
INC-02583,incidents,mixed_date_format:incident_date,used format %d/%m/%Y: 16/01/2024
INC-02590,incidents,mixed_date_format:incident_date,used format %Y-%m-%dT%H:%M:%SZ: 2024-04-18T00:00:00Z
INC-02590,incidents,missing_required_field:incident_type,
INC-02592,incidents,dirty_label:severity,Critical -> crit
INC-02592,incidents,mixed_date_format:incident_date,used format %m/%d/%Y: 11/03/2024
INC-02594,incidents,mixed_date_format:incident_date,used format %m/%d/%Y: 04/27/2026
INC-02595,incidents,mixed_date_format:incident_date,used format %Y-%m-%dT%H:%M:%SZ: 2023-08-22T00:00:00Z
INC-02596,incidents,out_of_range:compliance_score,150.0
INC-02598,incidents,dirty_label:severity,Low -> low 
INC-02601,incidents,mixed_date_format:incident_date,used format %d-%b-%Y: 16-Oct-2024
INC-02601,incidents,missing_required_field:incident_type,
INC-02603,incidents,out_of_range:compliance_score,150.0
INC-02604,incidents,dirty_label:severity,Low ->  Low
INC-02612,incidents,dirty_label:severity,High ->  High
INC-02614,incidents,out_of_range:compliance_score,-12.3
INC-02619,incidents,dirty_label:incident_type,Near Miss -> Near  Miss
INC-02621,incidents,dirty_label:severity,Critical -> Crit
INC-02623,incidents,mixed_date_format:incident_date,used format %d/%m/%Y: 28/11/2025
INC-02627,incidents,dirty_label:severity,Critical -> CRITICAL
INC-02627,incidents,missing_required_field:severity,
INC-02628,incidents,dirty_label:severity,Low -> low 
INC-02632,incidents,out_of_range:compliance_score,-0.5
INC-02633,incidents,dirty_label:incident_type,Spill -> SPILL
INC-02639,incidents,dirty_label:severity,Critical -> crit
INC-02643,incidents,dirty_label:incident_type,Spill -> spill
INC-02643,incidents,mixed_date_format:incident_date,used format %d-%b-%Y: 03-Jan-2026
INC-02647,incidents,mixed_date_format:incident_date,used format %m/%d/%Y: 08/02/2023
INC-02647,incidents,missing_required_field:severity,
INC-02648,incidents,dirty_label:incident_type,Near Miss -> NEAR MISS
INC-02649,incidents,missing_required_field:incident_type,
INC-02650,incidents,missing_required_field:incident_type,
INC-02652,incidents,mixed_date_format:incident_date,used format %m/%d/%Y: 07/15/2026
INC-02653,incidents,dirty_label:severity,Medium -> Med
INC-02654,incidents,mixed_date_format:incident_date,used format %d/%m/%Y: 07/04/2026
INC-02655,incidents,dirty_label:incident_type,Leak -> LEAK
INC-02656,incidents,dirty_label:severity,Low -> low
INC-02658,incidents,mixed_date_format:incident_date,used format %d/%m/%Y: 17/12/2025
INC-02662,incidents,dirty_label:severity,High -> Hi
INC-02663,incidents,mixed_date_format:incident_date,used format %Y-%m-%dT%H:%M:%SZ: 2026-02-02T00:00:00Z
INC-02664,incidents,dirty_label:severity,Medium ->  medium
INC-02665,incidents,dirty_label:severity,High -> high
INC-02667,incidents,mixed_date_format:incident_date,used format %m/%d/%Y: 05/23/2025
INC-02668,incidents,mixed_date_format:incident_date,used format %d/%m/%Y: 17/10/2023
INC-02669,incidents,mixed_date_format:incident_date,used format %m/%d/%Y: 02/04/2026
INC-02670,incidents,missing_required_field:severity,
INC-02672,incidents,dirty_label:incident_type,Equipment Failure -> equipment failure
INC-02674,incidents,mixed_date_format:incident_date,used format %Y-%m-%dT%H:%M:%SZ: 2025-03-05T00:00:00Z
INC-02674,incidents,missing_required_field:severity,
INC-02676,incidents,missing_required_field:incident_type,
INC-02681,incidents,dirty_label:severity,Medium ->  medium
INC-02681,incidents,dirty_label:incident_type,Equipment Failure -> Equip. Failure
INC-02681,incidents,mixed_date_format:incident_date,used format %Y-%m-%dT%H:%M:%SZ: 2025-07-27T00:00:00Z
INC-02685,incidents,mixed_date_format:incident_date,used format %m/%d/%Y: 08/01/2025
INC-02689,incidents,dirty_label:severity,Low -> low
INC-02690,incidents,mixed_date_format:incident_date,used format %d/%m/%Y: 28/02/2024
INC-02691,incidents,missing_required_field:severity,
INC-02692,incidents,mixed_date_format:incident_date,used format %d/%m/%Y: 07/12/2023
INC-02693,incidents,dirty_label:severity,Medium -> medium
INC-02693,incidents,mixed_date_format:incident_date,used format %m/%d/%Y: 06/09/2026
INC-02693,incidents,missing_required_field:incident_type,
INC-02696,incidents,dirty_label:incident_type,Equipment Failure -> Equip. Failure
INC-02698,incidents,dirty_label:incident_type,Near Miss -> NEAR MISS
INC-02698,incidents,mixed_date_format:incident_date,used format %Y-%m-%dT%H:%M:%SZ: 2026-05-14T00:00:00Z
INC-02699,incidents,dirty_label:severity,High -> high
INC-02700,incidents,mixed_date_format:incident_date,used format %d/%m/%Y: 31/10/2025
INC-02706,incidents,missing_required_field:incident_type,
INC-02707,incidents,mixed_date_format:incident_date,used format %m/%d/%Y: 11/26/2023
INC-02713,incidents,future_date:incident_date,2026-10-20
INC-02716,incidents,dirty_label:incident_type,Fire -> fire
INC-02720,incidents,dirty_label:incident_type,Equipment Failure -> Equip. Failure
INC-02721,incidents,dirty_label:severity,Critical ->  Critical
INC-02722,incidents,dirty_label:severity,Low -> LOW
INC-02726,incidents,mixed_date_format:incident_date,used format %d-%b-%Y: 31-Jul-2024
INC-02727,incidents,dirty_label:severity,High -> Hi
INC-02728,incidents,dirty_label:severity,Medium -> Med
INC-02735,incidents,mixed_date_format:incident_date,used format %d/%m/%Y: 23/02/2024
INC-02735,incidents,missing_required_field:incident_type,
INC-02739,incidents,dirty_label:severity,Medium ->  medium
INC-02740,incidents,dirty_label:incident_type,Fire ->  fire
INC-02740,incidents,mixed_date_format:incident_date,used format %m/%d/%Y: 07/07/2024
INC-02741,incidents,missing_required_field:severity,
INC-02745,incidents,dirty_label:severity,Critical -> crit
INC-02745,incidents,dirty_label:incident_type,Spill -> SPILL
INC-02745,incidents,mixed_date_format:incident_date,used format %Y-%m-%dT%H:%M:%SZ: 2025-11-02T00:00:00Z
INC-02746,incidents,dirty_label:severity,High ->  High
INC-02748,incidents,dirty_label:incident_type,Equipment Failure -> Equipment  Failure
INC-02749,incidents,dirty_label:incident_type,Fire -> Fire 
INC-02749,incidents,mixed_date_format:incident_date,used format %d/%m/%Y: 07/07/2026
INC-02752,incidents,dirty_label:incident_type,Near Miss -> near-miss
INC-02753,incidents,dirty_label:incident_type,Near Miss -> near miss
INC-02753,incidents,mixed_date_format:incident_date,used format %d/%m/%Y: 01/01/2026
INC-02755,incidents,dirty_label:severity,Low -> low
INC-02755,incidents,mixed_date_format:incident_date,used format %d/%m/%Y: 02/01/2025
INC-02756,incidents,dirty_label:incident_type,Spill ->  spill 
INC-02756,incidents,out_of_range:compliance_score,-12.3
INC-02757,incidents,dirty_label:severity,High ->  High
INC-02761,incidents,mixed_date_format:incident_date,used format %d-%b-%Y: 06-Jul-2025
INC-02762,incidents,dirty_label:severity,High -> Hi
INC-02763,incidents,dirty_label:severity,Critical -> crit
INC-02763,incidents,out_of_range:compliance_score,104.0
INC-02764,incidents,mixed_date_format:incident_date,used format %m/%d/%Y: 04/16/2026
INC-02767,incidents,dirty_label:severity,Medium ->  medium
INC-02768,incidents,dirty_label:severity,High -> high
INC-02771,incidents,mixed_date_format:incident_date,used format %Y-%m-%dT%H:%M:%SZ: 2026-02-12T00:00:00Z
INC-02772,incidents,missing_required_field:incident_type,
INC-02774,incidents,dirty_label:incident_type,Fire -> Fire 
INC-02775,incidents,future_date:incident_date,2026-09-18
INC-02776,incidents,dirty_label:severity,High -> high
INC-02778,incidents,dirty_label:severity,Low ->  Low
INC-02781,incidents,dirty_label:severity,Critical -> crit
INC-02781,incidents,mixed_date_format:incident_date,used format %Y-%m-%dT%H:%M:%SZ: 2024-12-20T00:00:00Z
INC-02785,incidents,mixed_date_format:incident_date,used format %d-%b-%Y: 02-Dec-2024
INC-02787,incidents,dirty_label:severity,Medium -> medium
INC-02788,incidents,mixed_date_format:incident_date,used format %d-%b-%Y: 29-Aug-2024
INC-02791,incidents,mixed_date_format:incident_date,used format %m/%d/%Y: 08/05/2024
INC-02799,incidents,dirty_label:severity,Medium -> Med
INC-02799,incidents,mixed_date_format:incident_date,used format %m/%d/%Y: 08/21/2025
INC-02803,incidents,dirty_label:incident_type,Near Miss -> near-miss
INC-02805,incidents,dirty_label:severity,High -> HIGH
INC-02805,incidents,mixed_date_format:incident_date,used format %m/%d/%Y: 10/29/2025
INC-02805,incidents,missing_required_field:incident_type,
INC-02806,incidents,mixed_date_format:incident_date,used format %Y-%m-%dT%H:%M:%SZ: 2024-12-25T00:00:00Z
INC-02812,incidents,mixed_date_format:incident_date,used format %Y-%m-%dT%H:%M:%SZ: 2024-03-05T00:00:00Z
INC-02813,incidents,dirty_label:incident_type,Leak -> LEAK
INC-02818,incidents,dirty_label:severity,Low -> Lo
INC-02819,incidents,mixed_date_format:incident_date,used format %d/%m/%Y: 06/06/2025
INC-02820,incidents,missing_required_field:incident_type,
INC-02821,incidents,future_date:incident_date,2026-07-25
INC-02822,incidents,missing_required_field:severity,
INC-02823,incidents,dirty_label:severity,High ->  High
INC-02824,incidents,mixed_date_format:incident_date,used format %m/%d/%Y: 07/09/2026
INC-02827,incidents,dirty_label:severity,Medium -> Medium 
INC-02827,incidents,missing_required_field:incident_type,
INC-02829,incidents,dirty_label:severity,High -> Hi
INC-02834,incidents,missing_required_field:severity,
INC-02836,incidents,dirty_label:severity,Low ->  Low
INC-02836,incidents,missing_required_field:severity,
INC-02837,incidents,mixed_date_format:incident_date,used format %Y-%m-%dT%H:%M:%SZ: 2023-12-25T00:00:00Z
INC-02838,incidents,missing_required_field:severity,
INC-02842,incidents,dirty_label:severity,Low -> low 
INC-02845,incidents,dirty_label:severity,Critical -> crit
INC-02845,incidents,dirty_label:incident_type,Leak -> leak
INC-02845,incidents,missing_required_field:severity,
INC-02846,incidents,mixed_date_format:incident_date,used format %d/%m/%Y: 08/02/2024
INC-02848,incidents,dirty_label:severity,Low -> low
INC-02850,incidents,dirty_label:incident_type,Fire -> Fire 
INC-02850,incidents,missing_required_field:severity,
INC-02858,incidents,future_date:incident_date,2026-09-22
INC-02860,incidents,future_date:incident_date,2026-08-29
INC-02861,incidents,dirty_label:incident_type,Equipment Failure -> EQUIPMENT FAILURE
INC-02863,incidents,mixed_date_format:incident_date,used format %Y-%m-%dT%H:%M:%SZ: 2026-01-08T00:00:00Z
INC-02864,incidents,mixed_date_format:incident_date,used format %d/%m/%Y: 30/01/2026
INC-02867,incidents,missing_required_field:severity,
INC-02868,incidents,missing_required_field:incident_type,
INC-02869,incidents,dirty_label:severity,Low -> Lo
INC-02871,incidents,dirty_label:incident_type,Fire ->  fire
INC-02873,incidents,dirty_label:incident_type,Fire ->  fire
INC-02878,incidents,dirty_label:severity,High ->  High
INC-02879,incidents,mixed_date_format:incident_date,used format %d-%b-%Y: 22-Jun-2024
INC-02880,incidents,mixed_date_format:incident_date,used format %d/%m/%Y: 24/06/2024
INC-02884,incidents,mixed_date_format:incident_date,used format %m/%d/%Y: 10/31/2025
INC-02886,incidents,mixed_date_format:incident_date,used format %Y-%m-%dT%H:%M:%SZ: 2026-02-15T00:00:00Z
INC-02890,incidents,dirty_label:severity,High -> high
INC-02890,incidents,mixed_date_format:incident_date,used format %Y-%m-%dT%H:%M:%SZ: 2026-01-05T00:00:00Z
INC-02892,incidents,mixed_date_format:incident_date,used format %m/%d/%Y: 07/17/2024
INC-02892,incidents,missing_required_field:severity,
INC-02892,incidents,missing_required_field:incident_type,
INC-02892,incidents,future_date:incident_date,2026-09-17
INC-02894,incidents,dirty_label:severity,Medium -> MEDIUM
INC-02896,incidents,dirty_label:severity,Low -> low
INC-02896,incidents,mixed_date_format:incident_date,used format %m/%d/%Y: 06/17/2025
INC-02896,incidents,future_date:incident_date,2026-10-03
INC-02897,incidents,dirty_label:incident_type,Equipment Failure -> Equip. Failure
INC-02901,incidents,missing_required_field:severity,
INC-02902,incidents,dirty_label:severity,Medium ->  medium
INC-02902,incidents,missing_required_field:severity,
INC-02909,incidents,missing_required_field:incident_type,
INC-02910,incidents,mixed_date_format:incident_date,used format %m/%d/%Y: 04/22/2025
INC-02910,incidents,missing_required_field:severity,
INC-02911,incidents,mixed_date_format:incident_date,used format %d/%m/%Y: 08/02/2025
INC-02915,incidents,dirty_label:severity,Critical -> crit
INC-02915,incidents,mixed_date_format:incident_date,used format %d/%m/%Y: 11/09/2023
INC-02916,incidents,mixed_date_format:incident_date,used format %d/%m/%Y: 14/08/2023
INC-02919,incidents,dirty_label:incident_type,Fire ->  fire
INC-02920,incidents,dirty_label:incident_type,Equipment Failure -> EQUIPMENT FAILURE
INC-02924,incidents,future_date:incident_date,2026-08-02
INC-02925,incidents,dirty_label:incident_type,Near Miss -> near-miss
INC-02928,incidents,dirty_label:severity,High -> HIGH
INC-02929,incidents,mixed_date_format:incident_date,used format %Y-%m-%dT%H:%M:%SZ: 2024-05-21T00:00:00Z
INC-02932,incidents,future_date:incident_date,2026-10-02
INC-02936,incidents,dirty_label:severity,Medium -> medium
INC-02938,incidents,missing_required_field:incident_type,
INC-02941,incidents,missing_required_field:incident_type,
INC-02942,incidents,mixed_date_format:incident_date,used format %d/%m/%Y: 26/08/2024
INC-02946,incidents,dirty_label:severity,Low -> low
INC-02948,incidents,mixed_date_format:incident_date,used format %Y-%m-%dT%H:%M:%SZ: 2025-01-02T00:00:00Z
INC-02949,incidents,mixed_date_format:incident_date,used format %Y-%m-%dT%H:%M:%SZ: 2023-11-11T00:00:00Z
INC-02951,incidents,mixed_date_format:incident_date,used format %Y-%m-%dT%H:%M:%SZ: 2026-04-28T00:00:00Z
INC-02953,incidents,mixed_date_format:incident_date,used format %Y-%m-%dT%H:%M:%SZ: 2025-01-03T00:00:00Z
INC-02955,incidents,dirty_label:severity,Low -> Lo
INC-02955,incidents,dirty_label:incident_type,Near Miss -> near miss
INC-02957,incidents,dirty_label:severity,Low -> LOW
INC-02959,incidents,mixed_date_format:incident_date,used format %m/%d/%Y: 08/05/2025
INC-02962,incidents,dirty_label:incident_type,Near Miss -> near-miss
INC-02963,incidents,mixed_date_format:incident_date,used format %m/%d/%Y: 01/05/2024
INC-02963,incidents,out_of_range:compliance_score,-0.5
INC-02965,incidents,dirty_label:incident_type,Equipment Failure -> EQUIPMENT FAILURE
INC-02968,incidents,mixed_date_format:incident_date,used format %Y-%m-%dT%H:%M:%SZ: 2024-11-01T00:00:00Z
INC-02970,incidents,missing_required_field:severity,
INC-02972,incidents,mixed_date_format:incident_date,used format %m/%d/%Y: 12/01/2024
INC-02972,incidents,missing_required_field:severity,
INC-02973,incidents,dirty_label:incident_type,Leak ->  Leak
INC-02974,incidents,out_of_range:compliance_score,104.0
INC-02976,incidents,mixed_date_format:incident_date,used format %d-%b-%Y: 26-Mar-2025
INC-02978,incidents,dirty_label:severity,High -> Hi
INC-02981,incidents,mixed_date_format:incident_date,used format %m/%d/%Y: 02/25/2024
INC-02982,incidents,mixed_date_format:incident_date,used format %Y-%m-%dT%H:%M:%SZ: 2025-08-03T00:00:00Z
INC-02985,incidents,mixed_date_format:incident_date,used format %d-%b-%Y: 01-Jan-2024
INC-02987,incidents,dirty_label:severity,Critical -> critical
INC-02989,incidents,mixed_date_format:incident_date,used format %d/%m/%Y: 30/04/2025
INC-02990,incidents,dirty_label:incident_type,Equipment Failure -> Equip. Failure
INC-02990,incidents,mixed_date_format:incident_date,used format %d-%b-%Y: 04-Jan-2025
INC-02993,incidents,dirty_label:severity,Low -> low 
INC-02994,incidents,mixed_date_format:incident_date,used format %m/%d/%Y: 10/03/2023
INC-02996,incidents,dirty_label:incident_type,Equipment Failure -> equipment failure
INC-02997,incidents,missing_required_field:incident_type,
INC-02998,incidents,missing_required_field:severity,
INC-02999,incidents,dirty_label:incident_type,Leak ->  Leak
INC-03001,incidents,mixed_date_format:incident_date,used format %d-%b-%Y: 06-Nov-2024
INC-03003,incidents,dirty_label:incident_type,Near Miss -> Near  Miss
INC-03005,incidents,dirty_label:severity,Critical -> crit
INC-03007,incidents,mixed_date_format:incident_date,used format %d-%b-%Y: 28-Feb-2026
INC-03008,incidents,mixed_date_format:incident_date,used format %d-%b-%Y: 16-Feb-2026
INC-03009,incidents,dirty_label:incident_type,Leak -> LEAK
INC-03009,incidents,mixed_date_format:incident_date,used format %Y-%m-%dT%H:%M:%SZ: 2024-04-11T00:00:00Z
INC-03009,incidents,missing_required_field:severity,
INC-03009,incidents,out_of_range:compliance_score,-12.3
INC-03011,incidents,mixed_date_format:incident_date,used format %m/%d/%Y: 05/14/2026
INC-03013,incidents,dirty_label:severity,Critical -> crit
INC-03018,incidents,dirty_label:severity,High ->  High
INC-03021,incidents,missing_required_field:severity,
INC-03023,incidents,missing_required_field:incident_type,
INC-03027,incidents,missing_required_field:severity,
INC-03027,incidents,future_date:incident_date,2026-09-26
INC-03028,incidents,mixed_date_format:incident_date,used format %d/%m/%Y: 29/02/2024
INC-03029,incidents,mixed_date_format:incident_date,used format %m/%d/%Y: 05/18/2025
INC-03029,incidents,missing_required_field:incident_type,
INC-03030,incidents,dirty_label:severity,Critical ->  Critical
INC-03030,incidents,mixed_date_format:incident_date,used format %d-%b-%Y: 12-Aug-2024
INC-03033,incidents,missing_required_field:severity,
INC-03035,incidents,out_of_range:compliance_score,115.7
INC-03036,incidents,mixed_date_format:incident_date,used format %d/%m/%Y: 21/02/2024
INC-03043,incidents,dirty_label:severity,Medium -> MEDIUM
INC-03043,incidents,mixed_date_format:incident_date,used format %Y-%m-%dT%H:%M:%SZ: 2024-10-12T00:00:00Z
INC-03045,incidents,missing_required_field:severity,
INC-03048,incidents,dirty_label:severity,High ->  High
INC-03050,incidents,dirty_label:severity,Low -> low
INC-03052,incidents,dirty_label:severity,Low -> low
INC-03052,incidents,dirty_label:incident_type,Fire -> Fire 
INC-03052,incidents,mixed_date_format:incident_date,used format %m/%d/%Y: 01/15/2024
INC-03057,incidents,mixed_date_format:incident_date,used format %m/%d/%Y: 11/14/2024
INC-03057,incidents,missing_required_field:incident_type,
INC-03061,incidents,mixed_date_format:incident_date,used format %d-%b-%Y: 07-Apr-2025
INC-03063,incidents,out_of_range:compliance_score,115.7
INC-03067,incidents,dirty_label:severity,Low ->  Low
INC-03070,incidents,dirty_label:incident_type,Near Miss -> near-miss
INC-03072,incidents,missing_required_field:incident_type,
INC-03073,incidents,mixed_date_format:incident_date,used format %d-%b-%Y: 19-Sep-2023
INC-03074,incidents,dirty_label:incident_type,Equipment Failure -> equipment failure
INC-03078,incidents,mixed_date_format:incident_date,used format %d-%b-%Y: 01-Sep-2024
INC-03080,incidents,dirty_label:severity,High -> high
INC-03081,incidents,mixed_date_format:incident_date,used format %d-%b-%Y: 22-Feb-2026
INC-03082,incidents,mixed_date_format:incident_date,used format %Y-%m-%dT%H:%M:%SZ: 2023-08-26T00:00:00Z
INC-03083,incidents,mixed_date_format:incident_date,used format %d/%m/%Y: 28/11/2023
INC-03084,incidents,out_of_range:compliance_score,-12.3
INC-03090,incidents,dirty_label:incident_type,Near Miss -> near miss
INC-03091,incidents,dirty_label:severity,Medium ->  medium
INC-03094,incidents,dirty_label:severity,Medium -> MEDIUM
INC-03100,incidents,dirty_label:incident_type,Near Miss -> near miss
INC-03101,incidents,dirty_label:severity,High ->  High
INC-03101,incidents,missing_required_field:incident_type,
INC-03102,incidents,mixed_date_format:incident_date,used format %d/%m/%Y: 03/10/2025
INC-03104,incidents,future_date:incident_date,2026-07-26
INC-03107,incidents,dirty_label:severity,High -> high
INC-03108,incidents,mixed_date_format:incident_date,used format %Y-%m-%dT%H:%M:%SZ: 2026-04-04T00:00:00Z
INC-03109,incidents,future_date:incident_date,2026-09-10
INC-03110,incidents,dirty_label:severity,Medium -> MEDIUM
INC-03113,incidents,mixed_date_format:incident_date,used format %Y-%m-%dT%H:%M:%SZ: 2024-06-07T00:00:00Z
INC-03114,incidents,dirty_label:severity,Medium ->  medium
INC-03116,incidents,dirty_label:severity,Medium -> Med
INC-03122,incidents,mixed_date_format:incident_date,used format %m/%d/%Y: 07/15/2024
INC-03123,incidents,dirty_label:severity,Low -> low
INC-03124,incidents,dirty_label:incident_type,Equipment Failure -> Equipment  Failure
INC-03127,incidents,dirty_label:incident_type,Leak ->  Leak
INC-03131,incidents,dirty_label:severity,Medium ->  medium
INC-03132,incidents,mixed_date_format:incident_date,used format %m/%d/%Y: 12/16/2025
INC-03132,incidents,missing_required_field:severity,
INC-03134,incidents,missing_required_field:severity,
INC-03136,incidents,mixed_date_format:incident_date,used format %d-%b-%Y: 17-Jan-2025
INC-03136,incidents,missing_required_field:severity,
INC-03136,incidents,missing_required_field:incident_type,
INC-03137,incidents,dirty_label:incident_type,Fire -> fire
INC-03141,incidents,mixed_date_format:incident_date,used format %d/%m/%Y: 05/02/2026
INC-03144,incidents,mixed_date_format:incident_date,used format %d-%b-%Y: 31-Aug-2024
INC-03147,incidents,dirty_label:incident_type,Equipment Failure -> equipment failure
INC-03155,incidents,mixed_date_format:incident_date,used format %d-%b-%Y: 16-Feb-2025
INC-03155,incidents,missing_required_field:incident_type,
INC-03157,incidents,mixed_date_format:incident_date,used format %m/%d/%Y: 12/25/2024
INC-03159,incidents,dirty_label:severity,High -> HIGH
INC-03160,incidents,out_of_range:compliance_score,104.0
INC-03162,incidents,mixed_date_format:incident_date,used format %m/%d/%Y: 09/21/2024
INC-03163,incidents,dirty_label:incident_type,Leak -> leak
INC-03163,incidents,mixed_date_format:incident_date,used format %d-%b-%Y: 12-Aug-2023
INC-03164,incidents,dirty_label:severity,High ->  High
INC-03166,incidents,missing_required_field:incident_type,
INC-03167,incidents,dirty_label:severity,Low -> low
INC-03169,incidents,mixed_date_format:incident_date,used format %Y-%m-%dT%H:%M:%SZ: 2026-04-02T00:00:00Z
INC-03171,incidents,mixed_date_format:incident_date,used format %Y-%m-%dT%H:%M:%SZ: 2025-03-05T00:00:00Z
INC-03171,incidents,out_of_range:compliance_score,150.0
INC-03174,incidents,dirty_label:severity,Low -> low
INC-03176,incidents,dirty_label:severity,Medium -> Med
INC-03176,incidents,mixed_date_format:incident_date,used format %Y-%m-%dT%H:%M:%SZ: 2025-02-28T00:00:00Z
INC-03177,incidents,dirty_label:severity,Medium -> Med
INC-03179,incidents,mixed_date_format:incident_date,used format %m/%d/%Y: 12/22/2023
INC-03184,incidents,dirty_label:incident_type,Equipment Failure -> Equipment  Failure
INC-03184,incidents,mixed_date_format:incident_date,used format %m/%d/%Y: 02/23/2025
INC-03184,incidents,missing_required_field:severity,
INC-03188,incidents,future_date:incident_date,2026-10-10
INC-03189,incidents,missing_required_field:incident_type,
INC-03190,incidents,dirty_label:severity,Low -> LOW
INC-03193,incidents,dirty_label:severity,High -> HIGH
INC-03197,incidents,dirty_label:severity,Low ->  Low
INC-03198,incidents,dirty_label:severity,High -> Hi
INC-03198,incidents,mixed_date_format:incident_date,used format %d/%m/%Y: 26/01/2025
INC-03201,incidents,dirty_label:incident_type,Spill -> spill
INC-03202,incidents,mixed_date_format:incident_date,used format %d/%m/%Y: 21/01/2026
INC-03203,incidents,missing_required_field:incident_type,
INC-03205,incidents,dirty_label:incident_type,Fire -> Fire 
INC-03205,incidents,mixed_date_format:incident_date,used format %Y-%m-%dT%H:%M:%SZ: 2025-01-29T00:00:00Z
INC-03207,incidents,mixed_date_format:incident_date,used format %Y-%m-%dT%H:%M:%SZ: 2025-03-16T00:00:00Z
INC-03208,incidents,dirty_label:severity,Medium -> Medium 
INC-03209,incidents,dirty_label:incident_type,Equipment Failure -> EQUIPMENT FAILURE
INC-03211,incidents,dirty_label:severity,High -> high
INC-03214,incidents,dirty_label:severity,Critical -> Crit
INC-03215,incidents,mixed_date_format:incident_date,used format %d-%b-%Y: 30-Dec-2025
INC-03218,incidents,dirty_label:incident_type,Equipment Failure -> Equipment  Failure
INC-03220,incidents,mixed_date_format:incident_date,used format %d-%b-%Y: 13-Sep-2024
INC-03222,incidents,dirty_label:severity,Medium -> Med
INC-03223,incidents,dirty_label:severity,Critical ->  Critical
INC-03226,incidents,mixed_date_format:incident_date,used format %d/%m/%Y: 02/06/2024
INC-03229,incidents,dirty_label:incident_type,Spill -> SPILL
INC-03233,incidents,mixed_date_format:incident_date,used format %d-%b-%Y: 22-Apr-2024
INC-03234,incidents,mixed_date_format:incident_date,used format %Y-%m-%dT%H:%M:%SZ: 2024-03-19T00:00:00Z
INC-03235,incidents,out_of_range:compliance_score,104.0
INC-03236,incidents,dirty_label:severity,Medium ->  medium
INC-03237,incidents,dirty_label:incident_type,Equipment Failure -> equipment failure
INC-03237,incidents,mixed_date_format:incident_date,used format %Y-%m-%dT%H:%M:%SZ: 2025-11-14T00:00:00Z
INC-03238,incidents,dirty_label:severity,Critical -> CRITICAL
INC-03243,incidents,dirty_label:incident_type,Equipment Failure -> Equipment  Failure
INC-03243,incidents,missing_required_field:severity,
INC-03244,incidents,dirty_label:severity,High ->  High
INC-03247,incidents,dirty_label:severity,Medium ->  medium
INC-03251,incidents,mixed_date_format:incident_date,used format %d/%m/%Y: 21/04/2025
INC-03253,incidents,dirty_label:severity,High ->  High
INC-03254,incidents,dirty_label:severity,Low -> low 
INC-03255,incidents,mixed_date_format:incident_date,used format %d-%b-%Y: 10-Apr-2026
INC-03256,incidents,dirty_label:severity,Critical -> crit
INC-03258,incidents,mixed_date_format:incident_date,used format %d-%b-%Y: 02-Aug-2024
INC-03259,incidents,dirty_label:incident_type,Fire ->  fire
INC-03260,incidents,mixed_date_format:incident_date,used format %Y-%m-%dT%H:%M:%SZ: 2023-08-25T00:00:00Z
INC-03261,incidents,missing_required_field:severity,
INC-03263,incidents,mixed_date_format:incident_date,used format %d-%b-%Y: 26-Jun-2026
INC-03264,incidents,dirty_label:severity,High -> high
INC-03268,incidents,mixed_date_format:incident_date,used format %d-%b-%Y: 21-Dec-2023
INC-03268,incidents,out_of_range:compliance_score,-0.5
INC-03269,incidents,dirty_label:incident_type,Leak -> LEAK
INC-03273,incidents,dirty_label:incident_type,Fire -> Fire 
INC-03274,incidents,dirty_label:severity,Low -> low
INC-03274,incidents,mixed_date_format:incident_date,used format %d-%b-%Y: 29-Dec-2024
INC-03275,incidents,mixed_date_format:incident_date,used format %m/%d/%Y: 12/02/2023
INC-03284,incidents,dirty_label:severity,Critical -> CRITICAL
INC-03284,incidents,mixed_date_format:incident_date,used format %d-%b-%Y: 25-Jan-2024
INC-03285,incidents,future_date:incident_date,2026-10-01
INC-03286,incidents,dirty_label:severity,Medium -> MEDIUM
INC-03287,incidents,dirty_label:incident_type,Equipment Failure -> Equipment  Failure
INC-03291,incidents,mixed_date_format:incident_date,used format %Y-%m-%dT%H:%M:%SZ: 2025-01-14T00:00:00Z
INC-03293,incidents,mixed_date_format:incident_date,used format %Y-%m-%dT%H:%M:%SZ: 2025-02-24T00:00:00Z
INC-03296,incidents,mixed_date_format:incident_date,used format %m/%d/%Y: 09/04/2024
INC-03297,incidents,dirty_label:incident_type,Near Miss -> NEAR MISS
INC-03299,incidents,mixed_date_format:incident_date,used format %m/%d/%Y: 06/19/2024
INC-03300,incidents,mixed_date_format:incident_date,used format %d-%b-%Y: 08-Dec-2023
INC-03301,incidents,dirty_label:severity,Medium -> Med
INC-03301,incidents,mixed_date_format:incident_date,used format %m/%d/%Y: 07/08/2025
INC-03304,incidents,future_date:incident_date,2026-08-21
INC-03311,incidents,dirty_label:incident_type,Leak -> Oil Leak
INC-03311,incidents,missing_required_field:severity,
INC-03312,incidents,dirty_label:incident_type,Near Miss -> near miss
INC-03313,incidents,dirty_label:incident_type,Near Miss -> Near  Miss
INC-03315,incidents,out_of_range:compliance_score,104.0
INC-03316,incidents,dirty_label:severity,Medium -> Medium 
INC-03316,incidents,mixed_date_format:incident_date,used format %m/%d/%Y: 03/17/2025
INC-03318,incidents,dirty_label:incident_type,Leak -> Oil Leak
INC-03318,incidents,mixed_date_format:incident_date,used format %d-%b-%Y: 22-Mar-2024
INC-03319,incidents,missing_required_field:incident_type,
INC-03321,incidents,mixed_date_format:incident_date,used format %Y-%m-%dT%H:%M:%SZ: 2026-03-07T00:00:00Z
INC-03322,incidents,dirty_label:severity,Low ->  Low
INC-03323,incidents,dirty_label:severity,Medium -> Med
INC-03323,incidents,missing_required_field:incident_type,
INC-03324,incidents,dirty_label:incident_type,Spill -> Minor Spill
INC-03324,incidents,mixed_date_format:incident_date,used format %d-%b-%Y: 06-Nov-2023
INC-03327,incidents,dirty_label:severity,Medium -> medium
INC-03330,incidents,mixed_date_format:incident_date,used format %d/%m/%Y: 25/03/2025
INC-03333,incidents,missing_required_field:severity,
INC-03334,incidents,dirty_label:severity,Medium ->  medium
INC-03334,incidents,mixed_date_format:incident_date,used format %d-%b-%Y: 21-Jan-2026
INC-03334,incidents,missing_required_field:incident_type,
INC-03341,incidents,future_date:incident_date,2026-09-02
INC-03343,incidents,mixed_date_format:incident_date,used format %m/%d/%Y: 01/22/2024
INC-03344,incidents,dirty_label:incident_type,Near Miss -> NEAR MISS
INC-03345,incidents,mixed_date_format:incident_date,used format %Y-%m-%dT%H:%M:%SZ: 2024-09-30T00:00:00Z
INC-03345,incidents,missing_required_field:severity,
INC-03348,incidents,missing_required_field:incident_type,
INC-03352,incidents,dirty_label:incident_type,Equipment Failure -> Equipment  Failure
INC-03353,incidents,dirty_label:severity,Low -> Lo
INC-03358,incidents,mixed_date_format:incident_date,used format %m/%d/%Y: 01/30/2024
INC-03358,incidents,missing_required_field:incident_type,
INC-03362,incidents,mixed_date_format:incident_date,used format %d-%b-%Y: 17-Sep-2024
INC-03363,incidents,mixed_date_format:incident_date,used format %m/%d/%Y: 11/08/2025
INC-03364,incidents,mixed_date_format:incident_date,used format %d/%m/%Y: 21/11/2024
INC-03367,incidents,dirty_label:incident_type,Leak -> leak
INC-03368,incidents,dirty_label:incident_type,Spill -> spill
INC-03369,incidents,dirty_label:severity,Critical -> crit
INC-03373,incidents,dirty_label:severity,High ->  High
INC-03373,incidents,mixed_date_format:incident_date,used format %Y-%m-%dT%H:%M:%SZ: 2025-11-13T00:00:00Z
INC-03378,incidents,mixed_date_format:incident_date,used format %m/%d/%Y: 12/16/2024
INC-03380,incidents,mixed_date_format:incident_date,used format %d-%b-%Y: 04-Aug-2023
INC-03381,incidents,mixed_date_format:incident_date,used format %d-%b-%Y: 26-Mar-2024
INC-03381,incidents,missing_required_field:severity,
INC-03382,incidents,dirty_label:severity,Critical -> crit
INC-03383,incidents,dirty_label:incident_type,Equipment Failure -> Equip. Failure
INC-03383,incidents,missing_required_field:severity,
INC-03384,incidents,missing_required_field:incident_type,
INC-03386,incidents,out_of_range:compliance_score,115.7
INC-03388,incidents,dirty_label:severity,Medium -> MEDIUM
INC-03390,incidents,mixed_date_format:incident_date,used format %d-%b-%Y: 23-May-2025
INC-03391,incidents,dirty_label:incident_type,Near Miss -> near-miss
INC-03392,incidents,mixed_date_format:incident_date,used format %d/%m/%Y: 19/03/2026
INC-03393,incidents,dirty_label:incident_type,Equipment Failure -> equipment failure
INC-03394,incidents,mixed_date_format:incident_date,used format %Y-%m-%dT%H:%M:%SZ: 2025-08-01T00:00:00Z
INC-03397,incidents,missing_required_field:severity,
INC-03402,incidents,dirty_label:severity,Low ->  Low
INC-03403,incidents,mixed_date_format:incident_date,used format %d/%m/%Y: 21/07/2024
INC-03404,incidents,dirty_label:incident_type,Spill -> Spill 
INC-03404,incidents,mixed_date_format:incident_date,used format %m/%d/%Y: 12/30/2025
INC-03406,incidents,dirty_label:severity,Medium -> medium
INC-03407,incidents,mixed_date_format:incident_date,used format %d/%m/%Y: 31/07/2024
INC-03408,incidents,dirty_label:incident_type,Leak -> LEAK
INC-03410,incidents,dirty_label:severity,Medium ->  medium
INC-03412,incidents,missing_required_field:severity,
INC-03412,incidents,out_of_range:compliance_score,115.7
INC-03413,incidents,missing_required_field:severity,
INC-03414,incidents,dirty_label:severity,Critical -> critical
INC-03414,incidents,mixed_date_format:incident_date,used format %d/%m/%Y: 03/02/2024
INC-03416,incidents,dirty_label:severity,High ->  High
INC-03416,incidents,mixed_date_format:incident_date,used format %Y-%m-%dT%H:%M:%SZ: 2024-01-07T00:00:00Z
INC-03418,incidents,mixed_date_format:incident_date,used format %Y-%m-%dT%H:%M:%SZ: 2026-01-03T00:00:00Z
INC-03419,incidents,mixed_date_format:incident_date,used format %m/%d/%Y: 12/31/2023
INC-03421,incidents,dirty_label:severity,Medium -> Med
INC-03421,incidents,missing_required_field:severity,
INC-03425,incidents,future_date:incident_date,2026-09-22
INC-03428,incidents,dirty_label:severity,High -> Hi
INC-03428,incidents,missing_required_field:incident_type,
INC-03431,incidents,mixed_date_format:incident_date,used format %Y-%m-%dT%H:%M:%SZ: 2024-11-21T00:00:00Z
INC-03431,incidents,missing_required_field:severity,
INC-03432,incidents,mixed_date_format:incident_date,used format %d/%m/%Y: 17/03/2026
INC-03433,incidents,missing_required_field:severity,
INC-03436,incidents,dirty_label:severity,Low -> LOW
INC-03437,incidents,dirty_label:severity,High ->  High
INC-03438,incidents,mixed_date_format:incident_date,used format %d/%m/%Y: 06/05/2025
INC-03439,incidents,future_date:incident_date,2026-08-23
INC-03440,incidents,dirty_label:severity,High -> high
INC-03440,incidents,dirty_label:incident_type,Equipment Failure -> EQUIPMENT FAILURE
INC-03441,incidents,mixed_date_format:incident_date,used format %d/%m/%Y: 12/05/2026
INC-03444,incidents,dirty_label:incident_type,Near Miss -> Near  Miss
INC-03444,incidents,out_of_range:compliance_score,-12.3
INC-03445,incidents,dirty_label:severity,Medium -> MEDIUM
INC-03446,incidents,dirty_label:severity,Low -> low
INC-03447,incidents,dirty_label:severity,High -> Hi
INC-03447,incidents,dirty_label:incident_type,Equipment Failure -> Equipment  Failure
INC-03450,incidents,mixed_date_format:incident_date,used format %m/%d/%Y: 01/08/2026
INC-03452,incidents,dirty_label:incident_type,Equipment Failure -> Equipment  Failure
INC-03453,incidents,dirty_label:severity,Medium -> Med
INC-03453,incidents,mixed_date_format:incident_date,used format %m/%d/%Y: 11/04/2025
INC-03455,incidents,mixed_date_format:incident_date,used format %Y-%m-%dT%H:%M:%SZ: 2026-02-25T00:00:00Z
INC-03458,incidents,dirty_label:incident_type,Near Miss -> Near  Miss
INC-03459,incidents,mixed_date_format:incident_date,used format %Y-%m-%dT%H:%M:%SZ: 2026-07-08T00:00:00Z
INC-03459,incidents,missing_required_field:incident_type,
INC-03460,incidents,mixed_date_format:incident_date,used format %m/%d/%Y: 02/15/2025
INC-03463,incidents,dirty_label:incident_type,Near Miss -> Near  Miss
INC-03463,incidents,mixed_date_format:incident_date,used format %d-%b-%Y: 05-Dec-2024
INC-03466,incidents,missing_required_field:incident_type,
INC-03470,incidents,mixed_date_format:incident_date,used format %d-%b-%Y: 09-Mar-2026
INC-03470,incidents,missing_required_field:severity,
INC-03470,incidents,missing_required_field:incident_type,
INC-03475,incidents,dirty_label:incident_type,Spill -> Spill 
INC-03476,incidents,dirty_label:severity,Medium -> Med
INC-03479,incidents,dirty_label:severity,Medium -> MEDIUM
INC-03479,incidents,mixed_date_format:incident_date,used format %d/%m/%Y: 28/06/2026
INC-03480,incidents,dirty_label:incident_type,Fire -> Fire 
INC-03492,incidents,dirty_label:severity,Critical -> critical
INC-03492,incidents,mixed_date_format:incident_date,used format %Y-%m-%dT%H:%M:%SZ: 2023-10-04T00:00:00Z
INC-03495,incidents,dirty_label:severity,Medium -> Med
INC-03498,incidents,dirty_label:incident_type,Fire -> Fire 
INC-03502,incidents,dirty_label:incident_type,Spill -> Minor Spill
INC-03503,incidents,missing_required_field:severity,
INC-03504,incidents,dirty_label:incident_type,Leak -> Oil Leak
INC-03504,incidents,mixed_date_format:incident_date,used format %d-%b-%Y: 05-Dec-2023
INC-03505,incidents,dirty_label:severity,High -> Hi
INC-03505,incidents,future_date:incident_date,2026-10-03
INC-03510,incidents,future_date:incident_date,2026-09-04
INC-03511,incidents,dirty_label:incident_type,Near Miss -> NEAR MISS
INC-03511,incidents,mixed_date_format:incident_date,used format %m/%d/%Y: 05/09/2024
INC-03516,incidents,mixed_date_format:incident_date,used format %d/%m/%Y: 18/01/2025
INC-03516,incidents,out_of_range:compliance_score,-12.3
INC-03517,incidents,dirty_label:severity,Critical ->  Critical
INC-03518,incidents,dirty_label:severity,Low -> Lo
INC-03519,incidents,missing_required_field:incident_type,
INC-03520,incidents,dirty_label:incident_type,Near Miss -> NEAR MISS
INC-03520,incidents,mixed_date_format:incident_date,used format %Y-%m-%dT%H:%M:%SZ: 2023-10-31T00:00:00Z
INC-03520,incidents,missing_required_field:incident_type,
INC-03521,incidents,out_of_range:compliance_score,104.0
INC-03523,incidents,missing_required_field:incident_type,
INC-03524,incidents,mixed_date_format:incident_date,used format %d/%m/%Y: 23/01/2026
INC-03525,incidents,dirty_label:severity,Low -> LOW
INC-03525,incidents,missing_required_field:incident_type,
INC-03526,incidents,mixed_date_format:incident_date,used format %d/%m/%Y: 19/09/2024
INC-03526,incidents,missing_required_field:incident_type,
INC-03527,incidents,dirty_label:severity,Low -> low 
INC-03528,incidents,missing_required_field:severity,
INC-03529,incidents,dirty_label:incident_type,Fire -> Fire 
INC-03531,incidents,dirty_label:incident_type,Spill -> Minor Spill
INC-03532,incidents,missing_required_field:severity,
INC-03533,incidents,mixed_date_format:incident_date,used format %d/%m/%Y: 07/09/2025
INC-03534,incidents,dirty_label:severity,Critical -> critical
INC-03534,incidents,missing_required_field:severity,
INC-03535,incidents,dirty_label:incident_type,Near Miss -> near miss
INC-03536,incidents,mixed_date_format:incident_date,used format %d-%b-%Y: 17-Sep-2023
INC-03538,incidents,missing_required_field:severity,
INC-03540,incidents,mixed_date_format:incident_date,used format %d/%m/%Y: 14/02/2024
INC-03546,incidents,mixed_date_format:incident_date,used format %d/%m/%Y: 26/02/2025
INC-03549,incidents,dirty_label:severity,Low -> low
INC-03549,incidents,mixed_date_format:incident_date,used format %d/%m/%Y: 17/07/2024
INC-03550,incidents,missing_required_field:incident_type,
INC-03552,incidents,dirty_label:incident_type,Equipment Failure -> Equip. Failure
INC-03552,incidents,mixed_date_format:incident_date,used format %d-%b-%Y: 03-May-2026
INC-03552,incidents,missing_required_field:incident_type,
INC-03555,incidents,mixed_date_format:incident_date,used format %d/%m/%Y: 24/07/2023
INC-03555,incidents,missing_required_field:incident_type,
INC-03556,incidents,dirty_label:severity,Low -> Lo
INC-03566,incidents,dirty_label:severity,Medium -> MEDIUM
INC-03569,incidents,dirty_label:severity,Critical -> crit
INC-03570,incidents,mixed_date_format:incident_date,used format %d-%b-%Y: 21-May-2024
INC-03570,incidents,missing_required_field:severity,
INC-03571,incidents,dirty_label:severity,Low -> low 
INC-03573,incidents,dirty_label:incident_type,Spill ->  spill 
INC-03574,incidents,dirty_label:incident_type,Near Miss -> near-miss
INC-03575,incidents,dirty_label:incident_type,Fire ->  fire
INC-03577,incidents,dirty_label:incident_type,Equipment Failure -> Equip. Failure
INC-03579,incidents,dirty_label:severity,Medium -> MEDIUM
INC-03581,incidents,mixed_date_format:incident_date,used format %Y-%m-%dT%H:%M:%SZ: 2025-10-10T00:00:00Z
INC-03583,incidents,mixed_date_format:incident_date,used format %d/%m/%Y: 29/09/2023
INC-03585,incidents,dirty_label:incident_type,Near Miss -> near-miss
INC-03586,incidents,dirty_label:severity,High ->  High
INC-03586,incidents,mixed_date_format:incident_date,used format %m/%d/%Y: 05/10/2025
INC-03587,incidents,dirty_label:severity,Medium -> medium
INC-03588,incidents,dirty_label:severity,High -> Hi
INC-03590,incidents,dirty_label:incident_type,Fire -> Fire 
INC-03590,incidents,future_date:incident_date,2026-10-11
INC-03599,incidents,dirty_label:incident_type,Fire -> Fire 
INC-03602,incidents,mixed_date_format:incident_date,used format %d/%m/%Y: 04/07/2026
INC-03607,incidents,missing_required_field:severity,
INC-03610,incidents,mixed_date_format:incident_date,used format %d-%b-%Y: 13-Aug-2024
INC-03612,incidents,dirty_label:incident_type,Equipment Failure -> Equip. Failure
INC-03617,incidents,mixed_date_format:incident_date,used format %d-%b-%Y: 03-Feb-2024
INC-03619,incidents,dirty_label:severity,Critical ->  Critical
INC-03619,incidents,missing_required_field:incident_type,
INC-03622,incidents,mixed_date_format:incident_date,used format %d/%m/%Y: 19/06/2025
INC-03624,incidents,mixed_date_format:incident_date,used format %d/%m/%Y: 27/10/2025
INC-03626,incidents,mixed_date_format:incident_date,used format %Y-%m-%dT%H:%M:%SZ: 2024-11-26T00:00:00Z
INC-03629,incidents,mixed_date_format:incident_date,used format %m/%d/%Y: 03/25/2026
INC-03636,incidents,dirty_label:severity,High -> Hi
INC-03637,incidents,missing_required_field:incident_type,
INC-03637,incidents,future_date:incident_date,2026-09-11
INC-03640,incidents,dirty_label:severity,Medium -> Med
INC-03640,incidents,mixed_date_format:incident_date,used format %m/%d/%Y: 04/07/2024
INC-03641,incidents,mixed_date_format:incident_date,used format %d-%b-%Y: 13-Jan-2025
INC-03642,incidents,mixed_date_format:incident_date,used format %d/%m/%Y: 07/05/2024
INC-03644,incidents,dirty_label:severity,High ->  High
INC-03644,incidents,missing_required_field:incident_type,
INC-03646,incidents,mixed_date_format:incident_date,used format %m/%d/%Y: 12/14/2023
INC-03646,incidents,out_of_range:compliance_score,150.0
INC-03648,incidents,dirty_label:severity,Medium -> MEDIUM
INC-03648,incidents,future_date:incident_date,2026-08-26
INC-03649,incidents,mixed_date_format:incident_date,used format %d/%m/%Y: 22/07/2024
INC-03651,incidents,missing_required_field:severity,
INC-03653,incidents,dirty_label:incident_type,Fire ->  fire
INC-03653,incidents,mixed_date_format:incident_date,used format %m/%d/%Y: 10/03/2024
INC-03656,incidents,mixed_date_format:incident_date,used format %m/%d/%Y: 09/02/2025
INC-03658,incidents,mixed_date_format:incident_date,used format %d/%m/%Y: 18/02/2026
INC-03658,incidents,missing_required_field:severity,
INC-03659,incidents,dirty_label:severity,High -> Hi
INC-03661,incidents,dirty_label:incident_type,Spill -> Minor Spill
INC-03661,incidents,mixed_date_format:incident_date,used format %Y-%m-%dT%H:%M:%SZ: 2025-11-30T00:00:00Z
INC-03662,incidents,dirty_label:incident_type,Equipment Failure -> Equipment  Failure
INC-03665,incidents,mixed_date_format:incident_date,used format %Y-%m-%dT%H:%M:%SZ: 2026-02-25T00:00:00Z
INC-03667,incidents,dirty_label:severity,Critical -> Crit
INC-03668,incidents,mixed_date_format:incident_date,used format %Y-%m-%dT%H:%M:%SZ: 2023-11-10T00:00:00Z
INC-03669,incidents,missing_required_field:incident_type,
INC-03670,incidents,mixed_date_format:incident_date,used format %m/%d/%Y: 12/04/2025
INC-03673,incidents,mixed_date_format:incident_date,used format %m/%d/%Y: 09/10/2024
INC-03674,incidents,mixed_date_format:incident_date,used format %d/%m/%Y: 07/12/2025
INC-03678,incidents,dirty_label:incident_type,Spill -> SPILL
INC-03682,incidents,dirty_label:incident_type,Fire -> FIRE
INC-03684,incidents,mixed_date_format:incident_date,used format %m/%d/%Y: 02/28/2026
INC-03686,incidents,future_date:incident_date,2026-09-15
INC-03688,incidents,missing_required_field:severity,
INC-03689,incidents,missing_required_field:incident_type,
INC-03691,incidents,dirty_label:severity,Medium -> MEDIUM
INC-03693,incidents,mixed_date_format:incident_date,used format %d-%b-%Y: 19-Sep-2023
INC-03694,incidents,dirty_label:incident_type,Near Miss -> Near  Miss
INC-03699,incidents,dirty_label:incident_type,Fire -> Fire 
INC-03700,incidents,dirty_label:severity,Low -> low 
INC-03701,incidents,dirty_label:severity,Low -> LOW
INC-03703,incidents,missing_required_field:severity,
INC-03709,incidents,dirty_label:severity,High -> Hi
INC-03711,incidents,dirty_label:incident_type,Equipment Failure -> Equip. Failure
INC-03712,incidents,mixed_date_format:incident_date,used format %d-%b-%Y: 31-Mar-2026
INC-03714,incidents,mixed_date_format:incident_date,used format %m/%d/%Y: 01/13/2024
INC-03714,incidents,missing_required_field:incident_type,
INC-03716,incidents,mixed_date_format:incident_date,used format %d-%b-%Y: 03-Feb-2026
INC-03717,incidents,mixed_date_format:incident_date,used format %Y-%m-%dT%H:%M:%SZ: 2026-04-01T00:00:00Z
INC-03720,incidents,missing_required_field:severity,
INC-03722,incidents,mixed_date_format:incident_date,used format %Y-%m-%dT%H:%M:%SZ: 2025-03-25T00:00:00Z
INC-03723,incidents,dirty_label:incident_type,Equipment Failure -> EQUIPMENT FAILURE
INC-03724,incidents,dirty_label:incident_type,Spill -> spill
INC-03726,incidents,missing_required_field:incident_type,
INC-03728,incidents,mixed_date_format:incident_date,used format %d-%b-%Y: 27-Nov-2024
INC-03729,incidents,future_date:incident_date,2026-08-05
INC-03732,incidents,dirty_label:severity,Low -> Lo
INC-03732,incidents,dirty_label:incident_type,Equipment Failure -> Equip. Failure
INC-03733,incidents,missing_required_field:severity,
INC-03736,incidents,mixed_date_format:incident_date,used format %m/%d/%Y: 05/07/2024
INC-03737,incidents,dirty_label:severity,Critical -> crit
INC-03737,incidents,missing_required_field:incident_type,
INC-03737,incidents,future_date:incident_date,2026-09-10
INC-03739,incidents,dirty_label:incident_type,Fire -> fire
INC-03739,incidents,mixed_date_format:incident_date,used format %Y-%m-%dT%H:%M:%SZ: 2024-08-14T00:00:00Z
INC-03740,incidents,dirty_label:severity,Medium -> MEDIUM
INC-03742,incidents,missing_required_field:incident_type,
INC-03745,incidents,future_date:incident_date,2026-08-18
INC-03748,incidents,dirty_label:severity,Critical ->  Critical
INC-03748,incidents,mixed_date_format:incident_date,used format %d/%m/%Y: 09/02/2024
INC-03753,incidents,missing_required_field:severity,
INC-03754,incidents,future_date:incident_date,2026-09-22
INC-03755,incidents,mixed_date_format:incident_date,used format %Y-%m-%dT%H:%M:%SZ: 2026-01-29T00:00:00Z
INC-03759,incidents,dirty_label:incident_type,Near Miss -> NEAR MISS
INC-03759,incidents,mixed_date_format:incident_date,used format %Y-%m-%dT%H:%M:%SZ: 2024-01-16T00:00:00Z
INC-03760,incidents,missing_required_field:incident_type,
INC-03763,incidents,mixed_date_format:incident_date,used format %d-%b-%Y: 17-Dec-2024
INC-03764,incidents,dirty_label:incident_type,Near Miss -> near-miss
INC-03766,incidents,out_of_range:compliance_score,-12.3
INC-03769,incidents,dirty_label:severity,Low -> Lo
INC-03771,incidents,dirty_label:incident_type,Near Miss -> near-miss
INC-03773,incidents,mixed_date_format:incident_date,used format %d/%m/%Y: 03/05/2026
INC-03773,incidents,missing_required_field:severity,
INC-03774,incidents,mixed_date_format:incident_date,used format %m/%d/%Y: 03/08/2025
INC-03781,incidents,mixed_date_format:incident_date,used format %d-%b-%Y: 30-Jul-2023
INC-03783,incidents,dirty_label:incident_type,Spill -> SPILL
INC-03786,incidents,dirty_label:severity,High -> high
INC-03787,incidents,mixed_date_format:incident_date,used format %d/%m/%Y: 13/06/2025
INC-03788,incidents,dirty_label:severity,Low -> low
INC-03788,incidents,missing_required_field:severity,
INC-03791,incidents,dirty_label:severity,High ->  High
INC-03792,incidents,dirty_label:incident_type,Leak ->  Leak
INC-03793,incidents,mixed_date_format:incident_date,used format %d/%m/%Y: 26/01/2024
INC-03794,incidents,dirty_label:severity,High -> Hi
INC-03796,incidents,mixed_date_format:incident_date,used format %m/%d/%Y: 12/14/2024
INC-03799,incidents,out_of_range:compliance_score,150.0
INC-03802,incidents,dirty_label:severity,Critical -> critical
INC-03804,incidents,mixed_date_format:incident_date,used format %Y-%m-%dT%H:%M:%SZ: 2026-06-25T00:00:00Z
INC-03805,incidents,missing_required_field:incident_type,
INC-03810,incidents,mixed_date_format:incident_date,used format %d-%b-%Y: 10-Oct-2025
INC-03818,incidents,dirty_label:severity,Medium -> Med
INC-03820,incidents,mixed_date_format:incident_date,used format %Y-%m-%dT%H:%M:%SZ: 2025-07-10T00:00:00Z
INC-03823,incidents,dirty_label:incident_type,Equipment Failure -> equipment failure
INC-03824,incidents,missing_required_field:incident_type,
INC-03824,incidents,out_of_range:compliance_score,115.7
INC-03827,incidents,missing_required_field:severity,
INC-03828,incidents,missing_required_field:severity,
INC-03829,incidents,missing_required_field:severity,
INC-03830,incidents,dirty_label:incident_type,Leak -> Oil Leak
INC-03830,incidents,mixed_date_format:incident_date,used format %d/%m/%Y: 17/08/2024
INC-03833,incidents,dirty_label:severity,High -> high
INC-03833,incidents,dirty_label:incident_type,Equipment Failure -> Equipment  Failure
INC-03834,incidents,missing_required_field:incident_type,
INC-03838,incidents,dirty_label:incident_type,Leak -> Oil Leak
INC-03838,incidents,mixed_date_format:incident_date,used format %Y-%m-%dT%H:%M:%SZ: 2025-04-25T00:00:00Z
INC-03842,incidents,dirty_label:severity,Low -> LOW
INC-03845,incidents,mixed_date_format:incident_date,used format %m/%d/%Y: 06/17/2026
INC-03848,incidents,mixed_date_format:incident_date,used format %d-%b-%Y: 22-Sep-2023
INC-03850,incidents,dirty_label:incident_type,Fire -> Fire 
INC-03851,incidents,mixed_date_format:incident_date,used format %m/%d/%Y: 02/24/2025
INC-03853,incidents,missing_required_field:incident_type,
INC-03854,incidents,mixed_date_format:incident_date,used format %d/%m/%Y: 18/07/2024
INC-03855,incidents,mixed_date_format:incident_date,used format %m/%d/%Y: 03/10/2026
INC-03855,incidents,missing_required_field:severity,
INC-03855,incidents,out_of_range:compliance_score,-12.3
INC-03856,incidents,out_of_range:compliance_score,104.0
INC-03861,incidents,dirty_label:severity,Critical -> CRITICAL
INC-03863,incidents,mixed_date_format:incident_date,used format %d/%m/%Y: 24/05/2025
INC-03864,incidents,dirty_label:severity,Medium ->  medium
INC-03865,incidents,mixed_date_format:incident_date,used format %d/%m/%Y: 18/01/2024
INC-03867,incidents,mixed_date_format:incident_date,used format %d-%b-%Y: 23-Feb-2025
INC-03872,incidents,dirty_label:incident_type,Fire ->  fire
INC-03873,incidents,mixed_date_format:incident_date,used format %Y-%m-%dT%H:%M:%SZ: 2023-10-03T00:00:00Z
INC-03875,incidents,mixed_date_format:incident_date,used format %m/%d/%Y: 12/20/2023
INC-03877,incidents,mixed_date_format:incident_date,used format %Y-%m-%dT%H:%M:%SZ: 2025-05-14T00:00:00Z
INC-03877,incidents,missing_required_field:severity,
INC-03878,incidents,mixed_date_format:incident_date,used format %d/%m/%Y: 21/09/2024
INC-03878,incidents,missing_required_field:severity,
INC-03879,incidents,dirty_label:incident_type,Fire -> fire
INC-03879,incidents,mixed_date_format:incident_date,used format %d-%b-%Y: 22-Nov-2024
INC-03880,incidents,missing_required_field:incident_type,
INC-03882,incidents,dirty_label:severity,Medium -> Medium 
INC-03882,incidents,mixed_date_format:incident_date,used format %d-%b-%Y: 01-Sep-2025
INC-03882,incidents,missing_required_field:severity,
INC-03888,incidents,mixed_date_format:incident_date,used format %Y-%m-%dT%H:%M:%SZ: 2024-07-03T00:00:00Z
INC-03893,incidents,dirty_label:severity,High -> high
INC-03893,incidents,mixed_date_format:incident_date,used format %d-%b-%Y: 30-Apr-2025
INC-03894,incidents,dirty_label:incident_type,Leak -> Oil Leak
INC-03896,incidents,dirty_label:severity,Medium -> Medium 
INC-03896,incidents,mixed_date_format:incident_date,used format %d-%b-%Y: 30-Aug-2024
INC-03897,incidents,mixed_date_format:incident_date,used format %Y-%m-%dT%H:%M:%SZ: 2025-06-25T00:00:00Z
INC-03898,incidents,mixed_date_format:incident_date,used format %m/%d/%Y: 01/01/2025
INC-03898,incidents,missing_required_field:severity,
INC-03901,incidents,dirty_label:incident_type,Fire ->  fire
INC-03902,incidents,dirty_label:severity,Low ->  Low
INC-03903,incidents,mixed_date_format:incident_date,used format %Y-%m-%dT%H:%M:%SZ: 2025-05-21T00:00:00Z
INC-03905,incidents,dirty_label:incident_type,Near Miss -> near-miss
INC-03905,incidents,missing_required_field:severity,
INC-03910,incidents,missing_required_field:severity,
INC-03912,incidents,dirty_label:severity,Low ->  Low
INC-03918,incidents,dirty_label:severity,Critical -> crit
INC-03921,incidents,mixed_date_format:incident_date,used format %d-%b-%Y: 26-Jan-2025
INC-03921,incidents,missing_required_field:severity,
INC-03923,incidents,dirty_label:incident_type,Spill -> SPILL
INC-03925,incidents,dirty_label:severity,Critical -> Crit
INC-03926,incidents,dirty_label:severity,Low -> LOW
INC-03928,incidents,mixed_date_format:incident_date,used format %d/%m/%Y: 07/10/2023
INC-03930,incidents,future_date:incident_date,2026-09-19
INC-03934,incidents,dirty_label:severity,High ->  High
INC-03934,incidents,mixed_date_format:incident_date,used format %d-%b-%Y: 27-Oct-2023
INC-03935,incidents,out_of_range:compliance_score,-12.3
INC-03936,incidents,dirty_label:incident_type,Spill -> Spill 
INC-03938,incidents,dirty_label:incident_type,Near Miss -> near miss
INC-03939,incidents,mixed_date_format:incident_date,used format %d-%b-%Y: 12-Oct-2023
INC-03940,incidents,mixed_date_format:incident_date,used format %Y-%m-%dT%H:%M:%SZ: 2024-08-29T00:00:00Z
INC-03942,incidents,mixed_date_format:incident_date,used format %d-%b-%Y: 11-Feb-2025
INC-03945,incidents,dirty_label:severity,Medium ->  medium
INC-03945,incidents,dirty_label:incident_type,Equipment Failure -> equipment failure
INC-03945,incidents,mixed_date_format:incident_date,used format %d-%b-%Y: 07-Nov-2025
INC-03950,incidents,mixed_date_format:incident_date,used format %Y-%m-%dT%H:%M:%SZ: 2024-08-17T00:00:00Z
INC-03952,incidents,dirty_label:incident_type,Equipment Failure -> Equip. Failure
INC-03956,incidents,mixed_date_format:incident_date,used format %d-%b-%Y: 17-Mar-2025
INC-03957,incidents,dirty_label:severity,High -> HIGH
INC-03959,incidents,dirty_label:severity,Critical -> Crit
INC-03959,incidents,out_of_range:compliance_score,-5.0
INC-03960,incidents,missing_required_field:incident_type,
INC-03963,incidents,out_of_range:compliance_score,-5.0
INC-03964,incidents,dirty_label:severity,Critical -> critical
INC-03964,incidents,mixed_date_format:incident_date,used format %d-%b-%Y: 05-Jun-2024
INC-03964,incidents,missing_required_field:severity,
INC-03966,incidents,out_of_range:compliance_score,115.7
INC-03967,incidents,missing_required_field:severity,
INC-03969,incidents,mixed_date_format:incident_date,used format %d/%m/%Y: 11/09/2024
INC-03972,incidents,missing_required_field:severity,
INC-03973,incidents,missing_required_field:incident_type,
INC-03975,incidents,mixed_date_format:incident_date,used format %d-%b-%Y: 25-Nov-2023
INC-03976,incidents,mixed_date_format:incident_date,used format %d-%b-%Y: 09-Apr-2024
INC-03977,incidents,dirty_label:severity,Medium -> MEDIUM
INC-03978,incidents,mixed_date_format:incident_date,used format %m/%d/%Y: 08/21/2024
INC-03979,incidents,dirty_label:severity,High -> high
INC-03980,incidents,dirty_label:incident_type,Leak -> LEAK
INC-03981,incidents,dirty_label:incident_type,Equipment Failure -> Equipment  Failure
INC-03986,incidents,mixed_date_format:incident_date,used format %Y-%m-%dT%H:%M:%SZ: 2025-02-28T00:00:00Z
INC-03988,incidents,missing_required_field:incident_type,
INC-03991,incidents,missing_required_field:severity,
INC-03992,incidents,missing_required_field:incident_type,
INC-03994,incidents,dirty_label:incident_type,Equipment Failure -> Equipment  Failure
INC-03995,incidents,dirty_label:severity,Critical -> CRITICAL
INC-03998,incidents,dirty_label:severity,Medium -> MEDIUM
INC-04002,incidents,mixed_date_format:incident_date,used format %d/%m/%Y: 09/04/2025
INC-04003,incidents,mixed_date_format:incident_date,used format %d/%m/%Y: 23/11/2025
INC-04012,incidents,mixed_date_format:incident_date,used format %d/%m/%Y: 22/04/2026
INC-04013,incidents,dirty_label:severity,High -> HIGH
INC-04013,incidents,mixed_date_format:incident_date,used format %d/%m/%Y: 20/10/2023
INC-04017,incidents,dirty_label:severity,High -> HIGH
INC-04017,incidents,dirty_label:incident_type,Near Miss -> NEAR MISS
INC-04020,incidents,mixed_date_format:incident_date,used format %d/%m/%Y: 17/10/2023
INC-04022,incidents,mixed_date_format:incident_date,used format %d/%m/%Y: 16/02/2024
INC-04023,incidents,dirty_label:incident_type,Spill ->  spill 
INC-04028,incidents,dirty_label:severity,High -> HIGH
INC-04028,incidents,mixed_date_format:incident_date,used format %d/%m/%Y: 28/11/2023
INC-04031,incidents,mixed_date_format:incident_date,used format %m/%d/%Y: 01/04/2024
INC-04036,incidents,out_of_range:compliance_score,150.0
INC-04039,incidents,dirty_label:incident_type,Equipment Failure -> Equip. Failure
INC-04039,incidents,mixed_date_format:incident_date,used format %m/%d/%Y: 06/18/2026
INC-04042,incidents,mixed_date_format:incident_date,used format %d-%b-%Y: 11-May-2024
INC-04043,incidents,missing_required_field:severity,
INC-04047,incidents,dirty_label:severity,Low -> LOW
INC-04047,incidents,missing_required_field:severity,
INC-04048,incidents,dirty_label:severity,High -> high
INC-04049,incidents,dirty_label:severity,Low -> low 
INC-04051,incidents,missing_required_field:incident_type,
INC-04053,incidents,dirty_label:severity,Medium -> MEDIUM
INC-04054,incidents,dirty_label:severity,Medium -> Medium 
INC-04056,incidents,dirty_label:incident_type,Leak -> leak 
INC-04060,incidents,dirty_label:severity,Low -> LOW
INC-04065,incidents,missing_required_field:severity,
INC-04068,incidents,dirty_label:incident_type,Equipment Failure -> Equipment  Failure
INC-04068,incidents,mixed_date_format:incident_date,used format %d-%b-%Y: 23-Aug-2025
INC-04069,incidents,mixed_date_format:incident_date,used format %d-%b-%Y: 17-Feb-2026
INC-04072,incidents,dirty_label:severity,Medium -> MEDIUM
INC-04072,incidents,mixed_date_format:incident_date,used format %Y-%m-%dT%H:%M:%SZ: 2024-05-27T00:00:00Z
INC-04073,incidents,dirty_label:severity,High -> high
INC-04074,incidents,dirty_label:severity,Critical -> crit
INC-04074,incidents,dirty_label:incident_type,Leak -> Oil Leak
INC-04075,incidents,missing_required_field:incident_type,
INC-04077,incidents,dirty_label:incident_type,Near Miss -> NEAR MISS
INC-04080,incidents,missing_required_field:severity,
INC-04082,incidents,mixed_date_format:incident_date,used format %Y-%m-%dT%H:%M:%SZ: 2025-03-02T00:00:00Z
INC-04089,incidents,mixed_date_format:incident_date,used format %m/%d/%Y: 05/25/2026
INC-04091,incidents,mixed_date_format:incident_date,used format %d-%b-%Y: 20-Dec-2023
INC-04092,incidents,mixed_date_format:incident_date,used format %m/%d/%Y: 10/04/2025
INC-04094,incidents,mixed_date_format:incident_date,used format %d/%m/%Y: 22/09/2025
INC-04095,incidents,missing_required_field:severity,
INC-04096,incidents,future_date:incident_date,2026-08-22
INC-04097,incidents,dirty_label:severity,High -> HIGH
INC-04097,incidents,missing_required_field:incident_type,
INC-04098,incidents,dirty_label:severity,Critical -> Crit
INC-04099,incidents,dirty_label:severity,High -> Hi
INC-04100,incidents,dirty_label:severity,Medium -> medium
INC-04100,incidents,mixed_date_format:incident_date,used format %d/%m/%Y: 19/06/2025
INC-04102,incidents,mixed_date_format:incident_date,used format %d-%b-%Y: 31-Mar-2025
INC-04104,incidents,mixed_date_format:incident_date,used format %d/%m/%Y: 16/01/2025
INC-04105,incidents,mixed_date_format:incident_date,used format %d-%b-%Y: 06-Mar-2024
INC-04106,incidents,mixed_date_format:incident_date,used format %d/%m/%Y: 19/12/2024
INC-04110,incidents,missing_required_field:severity,
INC-04111,incidents,dirty_label:incident_type,Near Miss -> NEAR MISS
INC-04111,incidents,mixed_date_format:incident_date,used format %Y-%m-%dT%H:%M:%SZ: 2026-02-11T00:00:00Z
INC-04112,incidents,mixed_date_format:incident_date,used format %m/%d/%Y: 08/12/2025
INC-04113,incidents,dirty_label:severity,Medium ->  medium
INC-04118,incidents,missing_required_field:incident_type,
INC-04120,incidents,mixed_date_format:incident_date,used format %m/%d/%Y: 06/19/2025
INC-04123,incidents,dirty_label:severity,High -> high
INC-04124,incidents,dirty_label:severity,High ->  High
INC-04125,incidents,dirty_label:incident_type,Equipment Failure -> EQUIPMENT FAILURE
INC-04127,incidents,mixed_date_format:incident_date,used format %d/%m/%Y: 15/08/2023
INC-04130,incidents,mixed_date_format:incident_date,used format %m/%d/%Y: 08/02/2023
INC-04131,incidents,dirty_label:severity,High -> HIGH
INC-04132,incidents,dirty_label:severity,High -> Hi
INC-04133,incidents,mixed_date_format:incident_date,used format %m/%d/%Y: 07/13/2026
INC-04134,incidents,mixed_date_format:incident_date,used format %Y-%m-%dT%H:%M:%SZ: 2025-03-21T00:00:00Z
INC-04139,incidents,dirty_label:severity,Critical ->  Critical
INC-04142,incidents,missing_required_field:incident_type,
INC-04143,incidents,dirty_label:severity,Medium -> Medium 
INC-04147,incidents,dirty_label:incident_type,Fire ->  fire
INC-04152,incidents,mixed_date_format:incident_date,used format %d/%m/%Y: 10/11/2024
INC-04153,incidents,dirty_label:severity,Medium -> MEDIUM
INC-04153,incidents,dirty_label:incident_type,Fire -> fire
INC-04155,incidents,dirty_label:incident_type,Fire -> fire
INC-04158,incidents,mixed_date_format:incident_date,used format %m/%d/%Y: 04/18/2026
INC-04161,incidents,mixed_date_format:incident_date,used format %m/%d/%Y: 03/28/2025
INC-04163,incidents,dirty_label:incident_type,Near Miss -> near miss
INC-04164,incidents,dirty_label:incident_type,Fire ->  fire
INC-04165,incidents,dirty_label:incident_type,Near Miss -> near-miss
INC-04170,incidents,mixed_date_format:incident_date,used format %m/%d/%Y: 11/17/2024
INC-04172,incidents,dirty_label:severity,Medium -> medium
INC-04174,incidents,mixed_date_format:incident_date,used format %d/%m/%Y: 24/07/2024
INC-04180,incidents,dirty_label:incident_type,Leak -> Oil Leak
INC-04181,incidents,dirty_label:severity,Medium -> medium
INC-04182,incidents,dirty_label:incident_type,Spill -> Spill 
INC-04182,incidents,mixed_date_format:incident_date,used format %d/%m/%Y: 04/12/2025
INC-04186,incidents,mixed_date_format:incident_date,used format %m/%d/%Y: 05/07/2025
INC-04187,incidents,dirty_label:severity,Medium -> MEDIUM
INC-04188,incidents,mixed_date_format:incident_date,used format %d/%m/%Y: 10/04/2025
INC-04188,incidents,missing_required_field:incident_type,
INC-04190,incidents,missing_required_field:severity,
INC-04192,incidents,mixed_date_format:incident_date,used format %Y-%m-%dT%H:%M:%SZ: 2023-11-05T00:00:00Z
INC-04194,incidents,mixed_date_format:incident_date,used format %m/%d/%Y: 08/15/2024
INC-04195,incidents,mixed_date_format:incident_date,used format %m/%d/%Y: 12/21/2023
INC-04197,incidents,mixed_date_format:incident_date,used format %m/%d/%Y: 08/09/2024
INC-04201,incidents,dirty_label:incident_type,Fire -> fire
INC-04202,incidents,mixed_date_format:incident_date,used format %Y-%m-%dT%H:%M:%SZ: 2025-06-24T00:00:00Z
INC-04203,incidents,mixed_date_format:incident_date,used format %d-%b-%Y: 30-Aug-2025
INC-04203,incidents,missing_required_field:incident_type,
INC-04203,incidents,out_of_range:compliance_score,-0.5
INC-04204,incidents,mixed_date_format:incident_date,used format %d-%b-%Y: 17-Dec-2025
INC-04204,incidents,missing_required_field:severity,
INC-04205,incidents,mixed_date_format:incident_date,used format %d/%m/%Y: 31/07/2023
INC-04207,incidents,out_of_range:compliance_score,115.7
INC-04208,incidents,out_of_range:compliance_score,150.0
INC-04210,incidents,mixed_date_format:incident_date,used format %d-%b-%Y: 30-Apr-2024
INC-04211,incidents,dirty_label:incident_type,Near Miss -> NEAR MISS
INC-04213,incidents,mixed_date_format:incident_date,used format %d/%m/%Y: 12/08/2024
INC-04215,incidents,mixed_date_format:incident_date,used format %d/%m/%Y: 03/11/2025
INC-04217,incidents,dirty_label:incident_type,Spill ->  spill 
INC-04217,incidents,mixed_date_format:incident_date,used format %m/%d/%Y: 04/16/2026
INC-04218,incidents,dirty_label:severity,Low -> LOW
INC-04219,incidents,mixed_date_format:incident_date,used format %d/%m/%Y: 09/04/2026
INC-04220,incidents,out_of_range:compliance_score,-5.0
INC-04226,incidents,dirty_label:severity,High -> HIGH
INC-04227,incidents,dirty_label:incident_type,Equipment Failure -> equipment failure
INC-04228,incidents,dirty_label:incident_type,Equipment Failure -> Equipment  Failure
INC-04231,incidents,dirty_label:severity,Medium ->  medium
INC-04235,incidents,dirty_label:incident_type,Equipment Failure -> equipment failure
INC-04236,incidents,dirty_label:incident_type,Leak -> LEAK
INC-04236,incidents,mixed_date_format:incident_date,used format %d/%m/%Y: 25/11/2025
INC-04240,incidents,mixed_date_format:incident_date,used format %d-%b-%Y: 17-Jan-2025
INC-04240,incidents,out_of_range:compliance_score,150.0
INC-04243,incidents,dirty_label:severity,Medium -> MEDIUM
INC-04244,incidents,mixed_date_format:incident_date,used format %d/%m/%Y: 05/06/2024
INC-04246,incidents,dirty_label:severity,High -> high
INC-04247,incidents,missing_required_field:severity,
INC-04248,incidents,mixed_date_format:incident_date,used format %d-%b-%Y: 30-Mar-2025
INC-04249,incidents,mixed_date_format:incident_date,used format %d/%m/%Y: 20/09/2024
INC-04250,incidents,missing_required_field:severity,
INC-04252,incidents,dirty_label:severity,Medium -> MEDIUM
INC-04253,incidents,missing_required_field:severity,
INC-04254,incidents,mixed_date_format:incident_date,used format %d-%b-%Y: 26-Sep-2023
INC-04258,incidents,dirty_label:incident_type,Near Miss -> Near  Miss
INC-04259,incidents,dirty_label:severity,Low -> low
INC-04259,incidents,mixed_date_format:incident_date,used format %d/%m/%Y: 17/04/2025
INC-04260,incidents,mixed_date_format:incident_date,used format %d/%m/%Y: 28/04/2026
INC-04262,incidents,dirty_label:incident_type,Near Miss -> Near  Miss
INC-04263,incidents,mixed_date_format:incident_date,used format %Y-%m-%dT%H:%M:%SZ: 2026-03-09T00:00:00Z
INC-04264,incidents,future_date:incident_date,2026-09-07
INC-04267,incidents,dirty_label:severity,Low -> Lo
INC-04270,incidents,mixed_date_format:incident_date,used format %d-%b-%Y: 22-Feb-2026
INC-04271,incidents,mixed_date_format:incident_date,used format %Y-%m-%dT%H:%M:%SZ: 2026-02-03T00:00:00Z
INC-04276,incidents,dirty_label:severity,Critical -> CRITICAL
INC-04277,incidents,mixed_date_format:incident_date,used format %d/%m/%Y: 14/02/2026
INC-04282,incidents,dirty_label:incident_type,Near Miss -> NEAR MISS
INC-04282,incidents,mixed_date_format:incident_date,used format %m/%d/%Y: 06/13/2024
INC-04284,incidents,mixed_date_format:incident_date,used format %Y-%m-%dT%H:%M:%SZ: 2025-04-13T00:00:00Z
INC-04285,incidents,mixed_date_format:incident_date,used format %m/%d/%Y: 01/31/2026
INC-04287,incidents,mixed_date_format:incident_date,used format %m/%d/%Y: 05/28/2025
INC-04288,incidents,mixed_date_format:incident_date,used format %d/%m/%Y: 14/08/2024
INC-04289,incidents,dirty_label:severity,High -> HIGH
INC-04292,incidents,dirty_label:incident_type,Equipment Failure -> Equip. Failure
INC-04292,incidents,mixed_date_format:incident_date,used format %Y-%m-%dT%H:%M:%SZ: 2024-05-20T00:00:00Z
INC-04294,incidents,dirty_label:incident_type,Near Miss -> near-miss
INC-04295,incidents,dirty_label:incident_type,Near Miss -> Near  Miss
INC-04298,incidents,mixed_date_format:incident_date,used format %d-%b-%Y: 13-Jul-2025
INC-04300,incidents,mixed_date_format:incident_date,used format %m/%d/%Y: 09/04/2023
INC-04301,incidents,mixed_date_format:incident_date,used format %d/%m/%Y: 07/12/2025
INC-04302,incidents,mixed_date_format:incident_date,used format %m/%d/%Y: 07/10/2025
INC-04306,incidents,mixed_date_format:incident_date,used format %Y-%m-%dT%H:%M:%SZ: 2025-10-01T00:00:00Z
INC-04307,incidents,dirty_label:severity,Medium ->  medium
INC-04307,incidents,dirty_label:incident_type,Spill -> spill
INC-04307,incidents,mixed_date_format:incident_date,used format %d-%b-%Y: 03-May-2025
INC-04308,incidents,dirty_label:incident_type,Leak -> Oil Leak
INC-04309,incidents,dirty_label:severity,Medium -> MEDIUM
INC-04310,incidents,dirty_label:severity,Low -> low 
INC-04312,incidents,mixed_date_format:incident_date,used format %m/%d/%Y: 06/28/2026
INC-04314,incidents,dirty_label:incident_type,Equipment Failure -> Equipment  Failure
INC-04315,incidents,dirty_label:severity,Critical -> critical
INC-04318,incidents,mixed_date_format:incident_date,used format %d-%b-%Y: 25-Jan-2026
INC-04318,incidents,missing_required_field:severity,
INC-04321,incidents,mixed_date_format:incident_date,used format %Y-%m-%dT%H:%M:%SZ: 2026-03-04T00:00:00Z
INC-04322,incidents,missing_required_field:incident_type,
INC-04323,incidents,mixed_date_format:incident_date,used format %Y-%m-%dT%H:%M:%SZ: 2024-10-13T00:00:00Z
INC-04326,incidents,dirty_label:severity,Medium -> Medium 
INC-04326,incidents,mixed_date_format:incident_date,used format %d-%b-%Y: 11-Jul-2026
INC-04327,incidents,missing_required_field:incident_type,
INC-04328,incidents,mixed_date_format:incident_date,used format %d/%m/%Y: 15/09/2023
INC-04328,incidents,missing_required_field:severity,
INC-04328,incidents,out_of_range:compliance_score,-5.0
INC-04329,incidents,mixed_date_format:incident_date,used format %d-%b-%Y: 11-Aug-2025
INC-04333,incidents,dirty_label:severity,Low ->  Low
INC-04333,incidents,dirty_label:incident_type,Fire -> FIRE
INC-04335,incidents,dirty_label:severity,Critical -> Crit
INC-04335,incidents,dirty_label:incident_type,Leak -> LEAK
INC-04335,incidents,mixed_date_format:incident_date,used format %m/%d/%Y: 03/16/2024
INC-04337,incidents,dirty_label:incident_type,Spill -> spill
INC-04339,incidents,future_date:incident_date,2026-07-25
INC-04340,incidents,dirty_label:severity,Low -> low
INC-04342,incidents,dirty_label:severity,High -> Hi
INC-04346,incidents,out_of_range:compliance_score,-12.3
INC-04347,incidents,dirty_label:incident_type,Spill -> Spill 
INC-04348,incidents,mixed_date_format:incident_date,used format %d/%m/%Y: 09/06/2025
INC-04349,incidents,dirty_label:severity,Medium -> MEDIUM
INC-04351,incidents,dirty_label:severity,Low -> low
INC-04352,incidents,dirty_label:incident_type,Spill -> spill
INC-04355,incidents,dirty_label:severity,High -> Hi
INC-04359,incidents,dirty_label:incident_type,Leak ->  Leak
INC-04360,incidents,mixed_date_format:incident_date,used format %d/%m/%Y: 12/10/2024
INC-04362,incidents,dirty_label:severity,Medium ->  medium
INC-04365,incidents,dirty_label:severity,Low -> Lo
INC-04365,incidents,mixed_date_format:incident_date,used format %d-%b-%Y: 07-Feb-2024
INC-04367,incidents,dirty_label:incident_type,Fire -> Fire 
INC-04367,incidents,mixed_date_format:incident_date,used format %Y-%m-%dT%H:%M:%SZ: 2024-08-27T00:00:00Z
INC-04368,incidents,mixed_date_format:incident_date,used format %m/%d/%Y: 12/11/2024
INC-04369,incidents,missing_required_field:severity,
INC-04372,incidents,mixed_date_format:incident_date,used format %d/%m/%Y: 07/12/2025
INC-04372,incidents,missing_required_field:incident_type,
INC-04378,incidents,dirty_label:incident_type,Near Miss -> near miss
INC-04379,incidents,dirty_label:severity,High -> high
INC-04380,incidents,dirty_label:incident_type,Leak -> LEAK
INC-04380,incidents,missing_required_field:severity,
INC-04382,incidents,dirty_label:severity,Low -> Lo
INC-04382,incidents,mixed_date_format:incident_date,used format %m/%d/%Y: 01/16/2025
INC-04384,incidents,missing_required_field:severity,
INC-04384,incidents,missing_required_field:incident_type,
INC-04385,incidents,dirty_label:severity,Critical -> crit
INC-04386,incidents,dirty_label:incident_type,Spill -> SPILL
INC-04387,incidents,dirty_label:incident_type,Fire ->  fire
INC-04388,incidents,missing_required_field:severity,
INC-04390,incidents,mixed_date_format:incident_date,used format %m/%d/%Y: 05/03/2025
INC-04393,incidents,mixed_date_format:incident_date,used format %m/%d/%Y: 10/29/2023
INC-04400,incidents,mixed_date_format:incident_date,used format %d/%m/%Y: 24/06/2025
INC-04403,incidents,mixed_date_format:incident_date,used format %Y-%m-%dT%H:%M:%SZ: 2026-01-10T00:00:00Z
INC-04404,incidents,mixed_date_format:incident_date,used format %d-%b-%Y: 25-Jul-2024
INC-04404,incidents,future_date:incident_date,2026-08-17
INC-04405,incidents,dirty_label:incident_type,Near Miss -> NEAR MISS
INC-04406,incidents,mixed_date_format:incident_date,used format %Y-%m-%dT%H:%M:%SZ: 2024-08-16T00:00:00Z
INC-04408,incidents,mixed_date_format:incident_date,used format %d-%b-%Y: 02-Mar-2025
INC-04409,incidents,dirty_label:incident_type,Spill -> SPILL
INC-04411,incidents,mixed_date_format:incident_date,used format %d-%b-%Y: 28-Aug-2024
INC-04412,incidents,mixed_date_format:incident_date,used format %m/%d/%Y: 03/17/2024
INC-04413,incidents,dirty_label:severity,High -> Hi
INC-04415,incidents,mixed_date_format:incident_date,used format %m/%d/%Y: 07/08/2025
INC-04417,incidents,mixed_date_format:incident_date,used format %d/%m/%Y: 18/09/2024
INC-04421,incidents,dirty_label:incident_type,Spill ->  spill 
INC-04423,incidents,mixed_date_format:incident_date,used format %Y-%m-%dT%H:%M:%SZ: 2025-11-20T00:00:00Z
INC-04424,incidents,future_date:incident_date,2026-08-10
INC-04425,incidents,out_of_range:compliance_score,115.7
INC-04427,incidents,missing_required_field:incident_type,
INC-04430,incidents,dirty_label:severity,High ->  High
INC-04431,incidents,dirty_label:severity,High -> high
INC-04432,incidents,dirty_label:severity,Low ->  Low
INC-04435,incidents,mixed_date_format:incident_date,used format %m/%d/%Y: 09/15/2025
INC-04435,incidents,future_date:incident_date,2026-09-24
INC-04438,incidents,mixed_date_format:incident_date,used format %m/%d/%Y: 06/28/2026
INC-04444,incidents,mixed_date_format:incident_date,used format %m/%d/%Y: 08/20/2025
INC-04447,incidents,dirty_label:incident_type,Leak ->  Leak
INC-04447,incidents,missing_required_field:severity,
INC-04448,incidents,mixed_date_format:incident_date,used format %m/%d/%Y: 12/27/2023
INC-04455,incidents,mixed_date_format:incident_date,used format %Y-%m-%dT%H:%M:%SZ: 2023-09-10T00:00:00Z
INC-04457,incidents,dirty_label:incident_type,Fire -> fire
INC-04458,incidents,dirty_label:incident_type,Spill -> SPILL
INC-04458,incidents,mixed_date_format:incident_date,used format %d/%m/%Y: 05/05/2025
INC-04458,incidents,future_date:incident_date,2026-08-08
INC-04459,incidents,out_of_range:compliance_score,104.0
INC-04464,incidents,dirty_label:incident_type,Equipment Failure -> EQUIPMENT FAILURE
INC-04465,incidents,mixed_date_format:incident_date,used format %m/%d/%Y: 02/25/2025
INC-04466,incidents,dirty_label:severity,Critical -> crit
INC-04469,incidents,dirty_label:incident_type,Fire -> FIRE
INC-04470,incidents,dirty_label:severity,Medium -> Medium 
INC-04471,incidents,future_date:incident_date,2026-08-27
INC-04473,incidents,dirty_label:incident_type,Near Miss -> Near  Miss
INC-04477,incidents,dirty_label:severity,High -> high
INC-04477,incidents,mixed_date_format:incident_date,used format %d-%b-%Y: 01-Nov-2024
INC-04478,incidents,dirty_label:incident_type,Equipment Failure -> EQUIPMENT FAILURE
INC-04484,incidents,missing_required_field:incident_type,
INC-04489,incidents,mixed_date_format:incident_date,used format %d/%m/%Y: 02/01/2024
INC-04491,incidents,mixed_date_format:incident_date,used format %m/%d/%Y: 11/26/2025
INC-04494,incidents,dirty_label:incident_type,Equipment Failure -> Equipment  Failure
INC-04494,incidents,mixed_date_format:incident_date,used format %m/%d/%Y: 08/19/2023
INC-04494,incidents,out_of_range:compliance_score,104.0
INC-04496,incidents,dirty_label:incident_type,Equipment Failure -> equipment failure
INC-04498,incidents,mixed_date_format:incident_date,used format %d-%b-%Y: 01-Nov-2025
INC-04500,incidents,dirty_label:severity,High -> Hi
INC-04501,incidents,dirty_label:incident_type,Fire -> FIRE
INC-04502,incidents,dirty_label:severity,Critical ->  Critical
INC-04505,incidents,mixed_date_format:incident_date,used format %d-%b-%Y: 01-Dec-2023
INC-04507,incidents,dirty_label:severity,Medium -> MEDIUM
INC-04508,incidents,dirty_label:severity,High -> HIGH
INC-04508,incidents,mixed_date_format:incident_date,used format %d/%m/%Y: 13/09/2025
INC-04511,incidents,dirty_label:incident_type,Near Miss -> NEAR MISS
INC-04512,incidents,dirty_label:severity,High -> HIGH
INC-04513,incidents,mixed_date_format:incident_date,used format %d/%m/%Y: 21/10/2024
INC-04513,incidents,missing_required_field:incident_type,
INC-04515,incidents,mixed_date_format:incident_date,used format %d-%b-%Y: 18-May-2026
INC-04516,incidents,mixed_date_format:incident_date,used format %d-%b-%Y: 18-Sep-2024
INC-04518,incidents,dirty_label:incident_type,Fire -> fire
INC-04518,incidents,mixed_date_format:incident_date,used format %d/%m/%Y: 30/05/2025
INC-04518,incidents,out_of_range:compliance_score,-5.0
INC-04521,incidents,dirty_label:incident_type,Leak -> Oil Leak
INC-04523,incidents,mixed_date_format:incident_date,used format %d-%b-%Y: 28-Aug-2023
INC-04525,incidents,dirty_label:incident_type,Fire -> FIRE
INC-04526,incidents,dirty_label:severity,Critical -> critical
INC-04526,incidents,mixed_date_format:incident_date,used format %d/%m/%Y: 26/05/2024
INC-04526,incidents,missing_required_field:incident_type,
INC-04527,incidents,dirty_label:severity,Low -> low
INC-04528,incidents,dirty_label:incident_type,Leak -> LEAK
INC-04534,incidents,dirty_label:incident_type,Spill -> Spill 
INC-04534,incidents,future_date:incident_date,2026-08-23
INC-04540,incidents,dirty_label:severity,Medium ->  medium
INC-04541,incidents,dirty_label:severity,Critical -> crit
INC-04542,incidents,dirty_label:severity,High -> Hi
INC-04545,incidents,dirty_label:severity,Low -> low
INC-04545,incidents,dirty_label:incident_type,Equipment Failure -> EQUIPMENT FAILURE
INC-04545,incidents,mixed_date_format:incident_date,used format %Y-%m-%dT%H:%M:%SZ: 2024-09-06T00:00:00Z
INC-04547,incidents,mixed_date_format:incident_date,used format %m/%d/%Y: 01/26/2025
INC-04551,incidents,mixed_date_format:incident_date,used format %d-%b-%Y: 01-Sep-2024
INC-04552,incidents,dirty_label:severity,Critical -> crit
INC-04552,incidents,dirty_label:incident_type,Leak -> leak
INC-04557,incidents,dirty_label:severity,Critical ->  Critical
INC-04557,incidents,missing_required_field:incident_type,
INC-04557,incidents,out_of_range:compliance_score,104.0
INC-04560,incidents,mixed_date_format:incident_date,used format %m/%d/%Y: 10/28/2024
INC-04562,incidents,mixed_date_format:incident_date,used format %d-%b-%Y: 04-Jan-2024
INC-04564,incidents,mixed_date_format:incident_date,used format %m/%d/%Y: 02/24/2024
INC-04565,incidents,dirty_label:severity,Low -> Lo
INC-04565,incidents,missing_required_field:severity,
INC-04566,incidents,missing_required_field:severity,
INC-04572,incidents,dirty_label:severity,High -> HIGH
INC-04573,incidents,mixed_date_format:incident_date,used format %d-%b-%Y: 25-Aug-2024
INC-04574,incidents,dirty_label:incident_type,Equipment Failure -> EQUIPMENT FAILURE
INC-04576,incidents,mixed_date_format:incident_date,used format %Y-%m-%dT%H:%M:%SZ: 2024-03-21T00:00:00Z
INC-04582,incidents,dirty_label:severity,High -> HIGH
INC-04583,incidents,dirty_label:incident_type,Equipment Failure -> Equip. Failure
INC-04589,incidents,mixed_date_format:incident_date,used format %Y-%m-%dT%H:%M:%SZ: 2024-06-16T00:00:00Z
INC-04590,incidents,dirty_label:incident_type,Near Miss -> near miss
INC-04590,incidents,mixed_date_format:incident_date,used format %Y-%m-%dT%H:%M:%SZ: 2026-07-16T00:00:00Z
INC-04592,incidents,mixed_date_format:incident_date,used format %m/%d/%Y: 02/22/2025
INC-04593,incidents,mixed_date_format:incident_date,used format %d/%m/%Y: 30/07/2023
INC-04595,incidents,mixed_date_format:incident_date,used format %Y-%m-%dT%H:%M:%SZ: 2024-06-16T00:00:00Z
INC-04595,incidents,missing_required_field:severity,
INC-04596,incidents,dirty_label:severity,Medium -> MEDIUM
INC-04596,incidents,mixed_date_format:incident_date,used format %m/%d/%Y: 01/13/2026
INC-04598,incidents,mixed_date_format:incident_date,used format %d-%b-%Y: 11-Jan-2025
INC-04599,incidents,dirty_label:incident_type,Equipment Failure -> equipment failure
INC-04600,incidents,dirty_label:severity,Medium -> Med
INC-04601,incidents,dirty_label:incident_type,Leak -> leak
INC-04603,incidents,dirty_label:severity,Medium ->  medium
INC-04604,incidents,mixed_date_format:incident_date,used format %m/%d/%Y: 03/03/2026
INC-04607,incidents,dirty_label:incident_type,Fire -> fire
INC-04610,incidents,missing_required_field:severity,
INC-04612,incidents,dirty_label:incident_type,Leak -> leak 
INC-04615,incidents,mixed_date_format:incident_date,used format %m/%d/%Y: 03/05/2026
INC-04617,incidents,mixed_date_format:incident_date,used format %Y-%m-%dT%H:%M:%SZ: 2024-10-03T00:00:00Z
INC-04617,incidents,future_date:incident_date,2026-08-24
INC-04618,incidents,dirty_label:severity,Low -> Lo
INC-04618,incidents,missing_required_field:incident_type,
INC-04619,incidents,mixed_date_format:incident_date,used format %Y-%m-%dT%H:%M:%SZ: 2025-07-16T00:00:00Z
INC-04621,incidents,dirty_label:incident_type,Leak -> leak
INC-04621,incidents,future_date:incident_date,2026-08-29
INC-04622,incidents,dirty_label:severity,Critical -> Crit
INC-04631,incidents,dirty_label:incident_type,Fire -> fire
INC-04631,incidents,future_date:incident_date,2026-09-10
INC-04632,incidents,dirty_label:incident_type,Spill -> Minor Spill
INC-04632,incidents,mixed_date_format:incident_date,used format %m/%d/%Y: 05/30/2024
INC-04633,incidents,out_of_range:compliance_score,104.0
INC-04636,incidents,dirty_label:severity,Critical -> Crit
INC-04640,incidents,mixed_date_format:incident_date,used format %Y-%m-%dT%H:%M:%SZ: 2023-11-01T00:00:00Z
INC-04641,incidents,dirty_label:severity,High -> HIGH
INC-04641,incidents,missing_required_field:incident_type,
INC-04643,incidents,mixed_date_format:incident_date,used format %d/%m/%Y: 20/09/2024
INC-04647,incidents,mixed_date_format:incident_date,used format %Y-%m-%dT%H:%M:%SZ: 2026-03-28T00:00:00Z
INC-04647,incidents,missing_required_field:severity,
INC-04650,incidents,mixed_date_format:incident_date,used format %d/%m/%Y: 05/12/2025
INC-04656,incidents,dirty_label:severity,Low -> low
INC-04657,incidents,mixed_date_format:incident_date,used format %d-%b-%Y: 15-Feb-2026
INC-04658,incidents,dirty_label:incident_type,Equipment Failure -> equipment failure
INC-04661,incidents,mixed_date_format:incident_date,used format %m/%d/%Y: 12/04/2025
INC-04662,incidents,mixed_date_format:incident_date,used format %m/%d/%Y: 07/16/2024
INC-04663,incidents,missing_required_field:severity,
INC-04664,incidents,mixed_date_format:incident_date,used format %d-%b-%Y: 01-Nov-2024
INC-04667,incidents,dirty_label:incident_type,Spill ->  spill 
INC-04671,incidents,mixed_date_format:incident_date,used format %Y-%m-%dT%H:%M:%SZ: 2026-02-16T00:00:00Z
INC-04672,incidents,dirty_label:severity,High -> HIGH
INC-04673,incidents,out_of_range:compliance_score,115.7
INC-04675,incidents,missing_required_field:incident_type,
INC-04677,incidents,dirty_label:severity,Critical -> CRITICAL
INC-04678,incidents,mixed_date_format:incident_date,used format %Y-%m-%dT%H:%M:%SZ: 2025-11-03T00:00:00Z
INC-04681,incidents,dirty_label:severity,Medium -> Med
INC-04681,incidents,mixed_date_format:incident_date,used format %d/%m/%Y: 26/11/2024
INC-04682,incidents,mixed_date_format:incident_date,used format %Y-%m-%dT%H:%M:%SZ: 2026-05-27T00:00:00Z
INC-04684,incidents,dirty_label:severity,Low -> Lo
INC-04686,incidents,dirty_label:severity,High -> Hi
INC-04687,incidents,dirty_label:severity,Medium -> Med
INC-04687,incidents,mixed_date_format:incident_date,used format %Y-%m-%dT%H:%M:%SZ: 2026-07-17T00:00:00Z
INC-04687,incidents,missing_required_field:incident_type,
INC-04688,incidents,dirty_label:incident_type,Spill -> spill
INC-04692,incidents,mixed_date_format:incident_date,used format %m/%d/%Y: 07/29/2024
INC-04692,incidents,missing_required_field:incident_type,
INC-04693,incidents,missing_required_field:incident_type,
INC-04694,incidents,out_of_range:compliance_score,-5.0
INC-04695,incidents,missing_required_field:severity,
INC-04700,incidents,mixed_date_format:incident_date,used format %d/%m/%Y: 19/03/2024
INC-04703,incidents,dirty_label:incident_type,Leak -> Oil Leak
INC-04704,incidents,mixed_date_format:incident_date,used format %m/%d/%Y: 05/23/2026
INC-04705,incidents,mixed_date_format:incident_date,used format %d-%b-%Y: 14-Apr-2026
INC-04707,incidents,dirty_label:severity,Low -> low 
INC-04707,incidents,mixed_date_format:incident_date,used format %d/%m/%Y: 28/01/2025
INC-04708,incidents,dirty_label:severity,High ->  High
INC-04711,incidents,mixed_date_format:incident_date,used format %m/%d/%Y: 09/10/2023
INC-04712,incidents,missing_required_field:incident_type,
INC-04713,incidents,dirty_label:severity,Low -> low 
INC-04714,incidents,mixed_date_format:incident_date,used format %d-%b-%Y: 19-Sep-2025
INC-04714,incidents,missing_required_field:severity,
INC-04718,incidents,dirty_label:severity,Critical -> CRITICAL
INC-04719,incidents,mixed_date_format:incident_date,used format %Y-%m-%dT%H:%M:%SZ: 2026-02-16T00:00:00Z
INC-04720,incidents,dirty_label:incident_type,Leak -> Oil Leak
INC-04720,incidents,missing_required_field:severity,
INC-04721,incidents,dirty_label:incident_type,Equipment Failure -> EQUIPMENT FAILURE
INC-04721,incidents,mixed_date_format:incident_date,used format %d/%m/%Y: 18/08/2024
INC-04722,incidents,dirty_label:severity,High -> HIGH
INC-04723,incidents,mixed_date_format:incident_date,used format %d-%b-%Y: 26-Feb-2026
INC-04725,incidents,dirty_label:incident_type,Near Miss -> near-miss
INC-04725,incidents,mixed_date_format:incident_date,used format %Y-%m-%dT%H:%M:%SZ: 2024-06-05T00:00:00Z
INC-04729,incidents,dirty_label:severity,Low -> Lo
INC-04729,incidents,mixed_date_format:incident_date,used format %d-%b-%Y: 14-May-2024
INC-04730,incidents,mixed_date_format:incident_date,used format %d/%m/%Y: 09/02/2024
INC-04732,incidents,dirty_label:severity,High -> Hi
INC-04737,incidents,future_date:incident_date,2026-09-04
INC-04740,incidents,missing_required_field:severity,
INC-04741,incidents,dirty_label:severity,Critical -> critical
INC-04741,incidents,out_of_range:compliance_score,104.0
INC-04744,incidents,dirty_label:severity,High -> Hi
INC-04744,incidents,mixed_date_format:incident_date,used format %Y-%m-%dT%H:%M:%SZ: 2024-12-09T00:00:00Z
INC-04745,incidents,dirty_label:severity,Medium -> Med
INC-04747,incidents,dirty_label:severity,High -> Hi
INC-04749,incidents,mixed_date_format:incident_date,used format %d-%b-%Y: 12-Jun-2024
INC-04750,incidents,dirty_label:severity,Low -> low
INC-04753,incidents,missing_required_field:severity,
INC-04755,incidents,missing_required_field:severity,
INC-04758,incidents,mixed_date_format:incident_date,used format %d-%b-%Y: 01-Jul-2026
INC-04759,incidents,dirty_label:incident_type,Fire -> fire
INC-04759,incidents,mixed_date_format:incident_date,used format %Y-%m-%dT%H:%M:%SZ: 2025-10-13T00:00:00Z
INC-04760,incidents,dirty_label:severity,High -> Hi
INC-04761,incidents,mixed_date_format:incident_date,used format %d/%m/%Y: 08/07/2024
INC-04765,incidents,mixed_date_format:incident_date,used format %Y-%m-%dT%H:%M:%SZ: 2023-08-29T00:00:00Z
INC-04767,incidents,mixed_date_format:incident_date,used format %d/%m/%Y: 22/03/2024
INC-04772,incidents,mixed_date_format:incident_date,used format %d/%m/%Y: 18/03/2025
INC-04775,incidents,dirty_label:incident_type,Near Miss -> near-miss
INC-04780,incidents,dirty_label:severity,Medium ->  medium
INC-04781,incidents,mixed_date_format:incident_date,used format %d-%b-%Y: 24-Apr-2024
INC-04782,incidents,future_date:incident_date,2026-08-04
INC-04783,incidents,mixed_date_format:incident_date,used format %d-%b-%Y: 02-Sep-2025
INC-04783,incidents,missing_required_field:incident_type,
INC-04784,incidents,out_of_range:compliance_score,-5.0
INC-04785,incidents,missing_required_field:incident_type,
INC-04787,incidents,dirty_label:incident_type,Equipment Failure -> Equipment  Failure
INC-04788,incidents,dirty_label:severity,Medium -> MEDIUM
INC-04791,incidents,mixed_date_format:incident_date,used format %Y-%m-%dT%H:%M:%SZ: 2024-02-17T00:00:00Z
INC-04792,incidents,dirty_label:severity,Low -> LOW
INC-04793,incidents,dirty_label:severity,Critical ->  Critical
INC-04797,incidents,dirty_label:severity,Low -> low 
INC-04798,incidents,missing_required_field:incident_type,
INC-04799,incidents,out_of_range:compliance_score,-5.0
INC-04800,incidents,missing_required_field:severity,
INC-04801,incidents,dirty_label:incident_type,Near Miss -> Near  Miss
INC-04802,incidents,dirty_label:severity,Medium -> Med
INC-04802,incidents,dirty_label:incident_type,Near Miss -> NEAR MISS
INC-04806,incidents,mixed_date_format:incident_date,used format %d/%m/%Y: 22/10/2023
INC-04808,incidents,mixed_date_format:incident_date,used format %m/%d/%Y: 07/01/2024
INC-04811,incidents,missing_required_field:incident_type,
INC-04813,incidents,mixed_date_format:incident_date,used format %Y-%m-%dT%H:%M:%SZ: 2025-03-13T00:00:00Z
INC-04814,incidents,out_of_range:compliance_score,115.7
INC-04815,incidents,mixed_date_format:incident_date,used format %d-%b-%Y: 25-Oct-2024
INC-04817,incidents,mixed_date_format:incident_date,used format %m/%d/%Y: 01/29/2026
INC-04818,incidents,mixed_date_format:incident_date,used format %Y-%m-%dT%H:%M:%SZ: 2024-10-14T00:00:00Z
INC-04820,incidents,missing_required_field:incident_type,
INC-04822,incidents,mixed_date_format:incident_date,used format %Y-%m-%dT%H:%M:%SZ: 2026-05-04T00:00:00Z
INC-04827,incidents,dirty_label:incident_type,Near Miss -> Near  Miss
INC-04830,incidents,dirty_label:severity,High -> high
INC-04831,incidents,mixed_date_format:incident_date,used format %m/%d/%Y: 05/26/2025
INC-04832,incidents,mixed_date_format:incident_date,used format %d-%b-%Y: 13-Mar-2026
INC-04833,incidents,dirty_label:incident_type,Leak -> leak 
INC-04835,incidents,future_date:incident_date,2026-08-24
INC-04836,incidents,dirty_label:incident_type,Leak ->  Leak
INC-04836,incidents,missing_required_field:incident_type,
INC-04840,incidents,missing_required_field:severity,
INC-04841,incidents,dirty_label:severity,High -> high
INC-04845,incidents,dirty_label:severity,High -> Hi
INC-04849,incidents,mixed_date_format:incident_date,used format %m/%d/%Y: 10/18/2024
INC-04853,incidents,mixed_date_format:incident_date,used format %m/%d/%Y: 12/14/2023
INC-04857,incidents,dirty_label:incident_type,Spill -> Spill 
INC-04864,incidents,future_date:incident_date,2026-09-27
INC-04865,incidents,mixed_date_format:incident_date,used format %Y-%m-%dT%H:%M:%SZ: 2026-04-18T00:00:00Z
INC-04868,incidents,mixed_date_format:incident_date,used format %d-%b-%Y: 10-Jul-2026
INC-04868,incidents,missing_required_field:incident_type,
INC-04868,incidents,out_of_range:compliance_score,115.7
INC-04869,incidents,dirty_label:severity,High ->  High
INC-04870,incidents,missing_required_field:severity,
INC-04871,incidents,dirty_label:severity,Critical -> Crit
INC-04871,incidents,dirty_label:incident_type,Near Miss -> near miss
INC-04873,incidents,dirty_label:severity,Low -> Lo
INC-04873,incidents,dirty_label:incident_type,Equipment Failure -> equipment failure
INC-04874,incidents,dirty_label:severity,Medium -> Med
INC-04876,incidents,missing_required_field:severity,
INC-04880,incidents,missing_required_field:severity,
INC-04884,incidents,mixed_date_format:incident_date,used format %m/%d/%Y: 06/17/2025
INC-04885,incidents,mixed_date_format:incident_date,used format %Y-%m-%dT%H:%M:%SZ: 2026-04-09T00:00:00Z
INC-04887,incidents,missing_required_field:severity,
INC-04889,incidents,dirty_label:severity,High -> HIGH
INC-04892,incidents,dirty_label:incident_type,Leak -> LEAK
INC-04893,incidents,mixed_date_format:incident_date,used format %d/%m/%Y: 02/05/2025
INC-04894,incidents,mixed_date_format:incident_date,used format %m/%d/%Y: 07/31/2024
INC-04897,incidents,mixed_date_format:incident_date,used format %d/%m/%Y: 05/09/2025
INC-04899,incidents,dirty_label:incident_type,Spill -> Spill 
INC-04899,incidents,mixed_date_format:incident_date,used format %d/%m/%Y: 30/05/2024
INC-04899,incidents,missing_required_field:incident_type,
INC-04900,incidents,out_of_range:compliance_score,150.0
INC-04902,incidents,dirty_label:incident_type,Near Miss -> NEAR MISS
INC-04902,incidents,mixed_date_format:incident_date,used format %m/%d/%Y: 06/08/2025
INC-04902,incidents,future_date:incident_date,2026-10-02
INC-04904,incidents,mixed_date_format:incident_date,used format %Y-%m-%dT%H:%M:%SZ: 2025-07-11T00:00:00Z
INC-04904,incidents,missing_required_field:incident_type,
INC-04907,incidents,mixed_date_format:incident_date,used format %m/%d/%Y: 10/08/2023
INC-04910,incidents,missing_required_field:incident_type,
INC-04914,incidents,dirty_label:severity,Medium -> MEDIUM
INC-04914,incidents,dirty_label:incident_type,Near Miss -> near miss
INC-04914,incidents,mixed_date_format:incident_date,used format %Y-%m-%dT%H:%M:%SZ: 2026-01-31T00:00:00Z
INC-04915,incidents,mixed_date_format:incident_date,used format %Y-%m-%dT%H:%M:%SZ: 2026-06-22T00:00:00Z
INC-04916,incidents,dirty_label:severity,Critical -> CRITICAL
INC-04916,incidents,future_date:incident_date,2026-07-23
INC-04919,incidents,mixed_date_format:incident_date,used format %d-%b-%Y: 06-Oct-2024
INC-04920,incidents,missing_required_field:severity,
INC-04922,incidents,dirty_label:incident_type,Fire ->  fire
INC-04922,incidents,mixed_date_format:incident_date,used format %d/%m/%Y: 15/01/2024
INC-04925,incidents,mixed_date_format:incident_date,used format %d/%m/%Y: 27/03/2026
INC-04927,incidents,dirty_label:severity,Low -> low
INC-04927,incidents,dirty_label:incident_type,Near Miss -> near-miss
INC-04931,incidents,future_date:incident_date,2026-10-13
INC-04933,incidents,dirty_label:incident_type,Spill -> Spill 
INC-04936,incidents,mixed_date_format:incident_date,used format %Y-%m-%dT%H:%M:%SZ: 2025-02-21T00:00:00Z
INC-04938,incidents,dirty_label:incident_type,Near Miss -> NEAR MISS
INC-04941,incidents,dirty_label:incident_type,Leak -> leak 
INC-04941,incidents,missing_required_field:severity,
INC-04943,incidents,mixed_date_format:incident_date,used format %m/%d/%Y: 03/26/2026
INC-04944,incidents,dirty_label:severity,High -> HIGH
INC-04944,incidents,mixed_date_format:incident_date,used format %m/%d/%Y: 11/26/2023
INC-04948,incidents,missing_required_field:incident_type,
INC-04952,incidents,dirty_label:incident_type,Near Miss -> near miss
INC-04953,incidents,mixed_date_format:incident_date,used format %Y-%m-%dT%H:%M:%SZ: 2025-08-19T00:00:00Z
INC-04958,incidents,out_of_range:compliance_score,-12.3
INC-04959,incidents,dirty_label:incident_type,Spill -> Spill 
INC-04960,incidents,future_date:incident_date,2026-09-01
INC-04963,incidents,missing_required_field:severity,
INC-04963,incidents,missing_required_field:incident_type,
INC-04966,incidents,dirty_label:incident_type,Spill -> Spill 
INC-04967,incidents,mixed_date_format:incident_date,used format %d-%b-%Y: 23-Mar-2024
INC-04969,incidents,dirty_label:severity,Low -> low
INC-04971,incidents,dirty_label:severity,Critical -> Crit
INC-04971,incidents,dirty_label:incident_type,Near Miss -> NEAR MISS
INC-04973,incidents,dirty_label:severity,High -> high
INC-04975,incidents,dirty_label:incident_type,Near Miss -> NEAR MISS
INC-04975,incidents,mixed_date_format:incident_date,used format %d-%b-%Y: 12-Nov-2025
INC-04976,incidents,mixed_date_format:incident_date,used format %Y-%m-%dT%H:%M:%SZ: 2025-05-14T00:00:00Z
INC-04977,incidents,mixed_date_format:incident_date,used format %d/%m/%Y: 18/07/2024
INC-04978,incidents,dirty_label:severity,Low -> LOW
INC-04985,incidents,mixed_date_format:incident_date,used format %d/%m/%Y: 09/04/2025
INC-04986,incidents,mixed_date_format:incident_date,used format %Y-%m-%dT%H:%M:%SZ: 2025-10-01T00:00:00Z
INC-04987,incidents,missing_required_field:incident_type,
INC-04988,incidents,missing_required_field:severity,
INC-04988,incidents,out_of_range:compliance_score,-12.3
INC-04990,incidents,mixed_date_format:incident_date,used format %d/%m/%Y: 12/06/2025
INC-04994,incidents,dirty_label:incident_type,Leak -> LEAK
INC-04995,incidents,dirty_label:severity,Low -> low
INC-04995,incidents,dirty_label:incident_type,Near Miss -> NEAR MISS
INC-04995,incidents,missing_required_field:incident_type,
INC-04996,incidents,dirty_label:severity,Critical -> CRITICAL
INC-04997,incidents,mixed_date_format:incident_date,used format %m/%d/%Y: 09/15/2023
INC-04998,incidents,mixed_date_format:incident_date,used format %Y-%m-%dT%H:%M:%SZ: 2026-01-17T00:00:00Z
INC-04999,incidents,dirty_label:severity,High -> HIGH
INC-04999,incidents,missing_required_field:severity,
INC-05000,incidents,missing_required_field:severity,
INC-05001,incidents,missing_required_field:severity,
INC-05010,incidents,dirty_label:incident_type,Spill -> SPILL
INC-05011,incidents,missing_required_field:incident_type,
INC-05013,incidents,dirty_label:severity,Low -> Lo
INC-05014,incidents,dirty_label:severity,Critical -> crit
INC-05014,incidents,missing_required_field:severity,
INC-05016,incidents,future_date:incident_date,2026-09-21
INC-05017,incidents,dirty_label:severity,High -> Hi
INC-05018,incidents,dirty_label:incident_type,Near Miss -> near miss
INC-05018,incidents,future_date:incident_date,2026-09-01
INC-05019,incidents,dirty_label:incident_type,Leak ->  Leak
INC-05021,incidents,out_of_range:compliance_score,150.0
INC-05023,incidents,dirty_label:severity,Low -> low 
INC-05023,incidents,future_date:incident_date,2026-09-29
INC-05029,incidents,dirty_label:incident_type,Equipment Failure -> Equip. Failure
INC-05030,incidents,mixed_date_format:incident_date,used format %d-%b-%Y: 16-Feb-2025
INC-05030,incidents,missing_required_field:incident_type,
INC-05033,incidents,mixed_date_format:incident_date,used format %d/%m/%Y: 26/05/2026
INC-05037,incidents,mixed_date_format:incident_date,used format %Y-%m-%dT%H:%M:%SZ: 2025-06-03T00:00:00Z
INC-05038,incidents,dirty_label:incident_type,Leak ->  Leak
INC-05040,incidents,dirty_label:incident_type,Spill -> spill
INC-05040,incidents,mixed_date_format:incident_date,used format %d-%b-%Y: 02-Sep-2023
INC-05041,incidents,mixed_date_format:incident_date,used format %d/%m/%Y: 25/01/2025
INC-05045,incidents,dirty_label:severity,Critical -> crit
INC-05045,incidents,mixed_date_format:incident_date,used format %Y-%m-%dT%H:%M:%SZ: 2024-12-06T00:00:00Z
INC-05048,incidents,future_date:incident_date,2026-09-05
INC-05049,incidents,dirty_label:incident_type,Fire ->  fire
INC-05049,incidents,mixed_date_format:incident_date,used format %d/%m/%Y: 26/10/2024
INC-05049,incidents,missing_required_field:incident_type,
INC-05050,incidents,out_of_range:compliance_score,-12.3
INC-05054,incidents,missing_required_field:severity,
INC-05055,incidents,mixed_date_format:incident_date,used format %d/%m/%Y: 22/12/2025
INC-05056,incidents,dirty_label:severity,Medium ->  medium
INC-05056,incidents,dirty_label:incident_type,Leak -> leak
INC-05057,incidents,mixed_date_format:incident_date,used format %m/%d/%Y: 06/12/2024
INC-05060,incidents,dirty_label:severity,Medium -> MEDIUM
INC-05061,incidents,dirty_label:incident_type,Leak -> LEAK
INC-05062,incidents,mixed_date_format:incident_date,used format %m/%d/%Y: 02/04/2024
INC-05066,incidents,dirty_label:severity,Critical -> Crit
INC-05067,incidents,missing_required_field:severity,
INC-05069,incidents,mixed_date_format:incident_date,used format %m/%d/%Y: 08/23/2025
INC-05072,incidents,mixed_date_format:incident_date,used format %d-%b-%Y: 05-May-2025
INC-05074,incidents,mixed_date_format:incident_date,used format %Y-%m-%dT%H:%M:%SZ: 2024-09-22T00:00:00Z
INC-05077,incidents,mixed_date_format:incident_date,used format %Y-%m-%dT%H:%M:%SZ: 2024-08-31T00:00:00Z
INC-05078,incidents,mixed_date_format:incident_date,used format %Y-%m-%dT%H:%M:%SZ: 2024-02-07T00:00:00Z
INC-05078,incidents,missing_required_field:incident_type,
INC-05080,incidents,dirty_label:severity,Medium ->  medium
INC-05080,incidents,mixed_date_format:incident_date,used format %Y-%m-%dT%H:%M:%SZ: 2024-11-19T00:00:00Z
INC-05082,incidents,dirty_label:severity,High -> HIGH
INC-05085,incidents,dirty_label:severity,Low -> LOW
INC-05090,incidents,mixed_date_format:incident_date,used format %Y-%m-%dT%H:%M:%SZ: 2025-12-19T00:00:00Z
INC-05095,incidents,dirty_label:incident_type,Equipment Failure -> equipment failure
INC-05099,incidents,missing_required_field:incident_type,
INC-05100,incidents,missing_required_field:severity,
INC-05103,incidents,mixed_date_format:incident_date,used format %Y-%m-%dT%H:%M:%SZ: 2025-09-15T00:00:00Z
INC-05104,incidents,dirty_label:severity,High -> high
INC-05106,incidents,dirty_label:incident_type,Leak -> Oil Leak
INC-05106,incidents,mixed_date_format:incident_date,used format %d/%m/%Y: 18/11/2024
INC-05107,incidents,dirty_label:incident_type,Equipment Failure -> equipment failure
INC-05108,incidents,dirty_label:severity,Critical -> critical
INC-05110,incidents,missing_required_field:incident_type,
INC-05111,incidents,mixed_date_format:incident_date,used format %d-%b-%Y: 18-May-2025
INC-05112,incidents,dirty_label:incident_type,Near Miss -> NEAR MISS
INC-05112,incidents,mixed_date_format:incident_date,used format %d-%b-%Y: 28-Jan-2025
INC-05114,incidents,dirty_label:severity,Critical -> crit
INC-05118,incidents,mixed_date_format:incident_date,used format %m/%d/%Y: 12/20/2023
INC-05119,incidents,mixed_date_format:incident_date,used format %d/%m/%Y: 25/01/2026
INC-05120,incidents,mixed_date_format:incident_date,used format %Y-%m-%dT%H:%M:%SZ: 2023-10-10T00:00:00Z
INC-05123,incidents,dirty_label:severity,Low -> Lo
INC-05129,incidents,dirty_label:incident_type,Fire -> fire
INC-05133,incidents,out_of_range:compliance_score,104.0
INC-05137,incidents,mixed_date_format:incident_date,used format %d-%b-%Y: 05-Feb-2025
INC-05139,incidents,mixed_date_format:incident_date,used format %m/%d/%Y: 06/25/2025
INC-05142,incidents,missing_required_field:incident_type,
INC-05146,incidents,mixed_date_format:incident_date,used format %d-%b-%Y: 25-Nov-2024
INC-05147,incidents,dirty_label:severity,Low -> low
INC-05148,incidents,dirty_label:severity,Low -> low 
INC-05150,incidents,dirty_label:severity,Medium -> Med
INC-05151,incidents,dirty_label:incident_type,Leak -> leak 
INC-05153,incidents,out_of_range:compliance_score,104.0
INC-05159,incidents,mixed_date_format:incident_date,used format %d-%b-%Y: 08-Feb-2024
INC-05172,incidents,dirty_label:severity,Medium -> medium
INC-05174,incidents,dirty_label:severity,Medium -> Medium 
INC-05175,incidents,mixed_date_format:incident_date,used format %Y-%m-%dT%H:%M:%SZ: 2025-10-14T00:00:00Z
INC-05175,incidents,future_date:incident_date,2026-07-25
INC-05178,incidents,dirty_label:severity,Critical ->  Critical
INC-05179,incidents,out_of_range:compliance_score,-12.3
INC-05180,incidents,out_of_range:compliance_score,150.0
INC-05182,incidents,dirty_label:severity,High -> Hi
INC-05183,incidents,mixed_date_format:incident_date,used format %d-%b-%Y: 08-Nov-2023
INC-05185,incidents,mixed_date_format:incident_date,used format %m/%d/%Y: 04/22/2024
INC-05185,incidents,missing_required_field:incident_type,
INC-05186,incidents,dirty_label:severity,High ->  High
INC-05186,incidents,dirty_label:incident_type,Spill -> Spill 
INC-05186,incidents,missing_required_field:severity,
INC-05188,incidents,mixed_date_format:incident_date,used format %m/%d/%Y: 12/17/2023
INC-05190,incidents,dirty_label:incident_type,Leak -> leak
INC-05191,incidents,dirty_label:incident_type,Near Miss -> near miss
INC-05191,incidents,missing_required_field:severity,
INC-05192,incidents,mixed_date_format:incident_date,used format %d-%b-%Y: 17-Feb-2024
INC-05192,incidents,missing_required_field:incident_type,
INC-05195,incidents,mixed_date_format:incident_date,used format %d/%m/%Y: 08/12/2024
INC-05198,incidents,missing_required_field:incident_type,
INC-05200,incidents,dirty_label:incident_type,Leak -> LEAK
INC-05202,incidents,dirty_label:incident_type,Equipment Failure -> equipment failure
INC-05203,incidents,mixed_date_format:incident_date,used format %m/%d/%Y: 03/07/2025
INC-05204,incidents,mixed_date_format:incident_date,used format %Y-%m-%dT%H:%M:%SZ: 2024-10-25T00:00:00Z
INC-05204,incidents,missing_required_field:severity,
INC-05206,incidents,mixed_date_format:incident_date,used format %Y-%m-%dT%H:%M:%SZ: 2025-11-02T00:00:00Z
INC-05208,incidents,missing_required_field:incident_type,
INC-05210,incidents,future_date:incident_date,2026-10-01
INC-05211,incidents,dirty_label:severity,High -> high
INC-05212,incidents,missing_required_field:severity,
INC-05213,incidents,missing_required_field:incident_type,
INC-05214,incidents,dirty_label:incident_type,Leak -> leak
INC-05215,incidents,missing_required_field:incident_type,
INC-05217,incidents,dirty_label:severity,High -> Hi
INC-05225,incidents,dirty_label:severity,High -> Hi
INC-05225,incidents,mixed_date_format:incident_date,used format %m/%d/%Y: 05/31/2024
INC-05229,incidents,dirty_label:incident_type,Leak -> leak
INC-05231,incidents,mixed_date_format:incident_date,used format %d/%m/%Y: 04/04/2024
INC-05232,incidents,mixed_date_format:incident_date,used format %Y-%m-%dT%H:%M:%SZ: 2025-01-05T00:00:00Z
INC-05233,incidents,dirty_label:severity,Medium -> MEDIUM
INC-05235,incidents,dirty_label:incident_type,Equipment Failure -> Equipment  Failure
INC-05235,incidents,mixed_date_format:incident_date,used format %m/%d/%Y: 09/25/2023
INC-05237,incidents,future_date:incident_date,2026-08-25
INC-05240,incidents,mixed_date_format:incident_date,used format %d/%m/%Y: 27/06/2024
INC-05240,incidents,missing_required_field:incident_type,
INC-05240,incidents,out_of_range:compliance_score,-12.3
INC-05241,incidents,mixed_date_format:incident_date,used format %m/%d/%Y: 04/27/2024
INC-05242,incidents,mixed_date_format:incident_date,used format %Y-%m-%dT%H:%M:%SZ: 2025-05-02T00:00:00Z
INC-05246,incidents,missing_required_field:severity,
INC-05246,incidents,missing_required_field:incident_type,
INC-05250,incidents,dirty_label:incident_type,Near Miss -> Near  Miss
INC-05254,incidents,missing_required_field:incident_type,
INC-05255,incidents,mixed_date_format:incident_date,used format %d/%m/%Y: 09/08/2024
INC-05257,incidents,dirty_label:incident_type,Equipment Failure -> EQUIPMENT FAILURE
INC-05259,incidents,mixed_date_format:incident_date,used format %d/%m/%Y: 04/08/2023
INC-05260,incidents,mixed_date_format:incident_date,used format %m/%d/%Y: 07/26/2024
INC-05263,incidents,mixed_date_format:incident_date,used format %Y-%m-%dT%H:%M:%SZ: 2023-07-25T00:00:00Z
INC-05264,incidents,mixed_date_format:incident_date,used format %m/%d/%Y: 08/23/2025
INC-05265,incidents,dirty_label:severity,Critical -> critical
INC-05266,incidents,mixed_date_format:incident_date,used format %d/%m/%Y: 24/04/2026
INC-05267,incidents,dirty_label:incident_type,Spill -> spill
INC-05269,incidents,dirty_label:severity,Medium -> MEDIUM
INC-05272,incidents,dirty_label:severity,Critical -> Crit
INC-05272,incidents,mixed_date_format:incident_date,used format %m/%d/%Y: 09/03/2024
INC-05276,incidents,dirty_label:incident_type,Leak -> leak
INC-05276,incidents,missing_required_field:incident_type,
INC-05278,incidents,dirty_label:severity,Critical ->  Critical
INC-05278,incidents,future_date:incident_date,2026-10-19
INC-05279,incidents,dirty_label:severity,High -> HIGH
INC-05279,incidents,mixed_date_format:incident_date,used format %d/%m/%Y: 19/07/2026
INC-05281,incidents,dirty_label:severity,Medium -> Med
INC-05281,incidents,dirty_label:incident_type,Spill -> Spill 
INC-05281,incidents,mixed_date_format:incident_date,used format %m/%d/%Y: 01/29/2026
INC-05281,incidents,future_date:incident_date,2026-07-28
INC-05282,incidents,dirty_label:incident_type,Near Miss -> near miss
INC-05282,incidents,mixed_date_format:incident_date,used format %m/%d/%Y: 10/14/2024
INC-05283,incidents,dirty_label:incident_type,Leak -> Oil Leak
INC-05288,incidents,dirty_label:severity,Low ->  Low
INC-05290,incidents,missing_required_field:severity,
INC-05292,incidents,mixed_date_format:incident_date,used format %d/%m/%Y: 28/01/2025
INC-05293,incidents,missing_required_field:incident_type,
INC-05294,incidents,mixed_date_format:incident_date,used format %m/%d/%Y: 11/24/2024
INC-05298,incidents,mixed_date_format:incident_date,used format %Y-%m-%dT%H:%M:%SZ: 2026-04-09T00:00:00Z
INC-05300,incidents,dirty_label:severity,High ->  High
INC-05301,incidents,mixed_date_format:incident_date,used format %m/%d/%Y: 08/25/2023
INC-05302,incidents,dirty_label:incident_type,Equipment Failure -> EQUIPMENT FAILURE
INC-05309,incidents,dirty_label:incident_type,Spill ->  spill 
INC-05316,incidents,out_of_range:compliance_score,104.0
INC-05318,incidents,out_of_range:compliance_score,104.0
INC-05321,incidents,dirty_label:severity,Critical ->  Critical
INC-05322,incidents,out_of_range:compliance_score,-12.3
INC-05324,incidents,dirty_label:incident_type,Fire -> Fire 
INC-05325,incidents,mixed_date_format:incident_date,used format %Y-%m-%dT%H:%M:%SZ: 2026-07-05T00:00:00Z
INC-05326,incidents,dirty_label:incident_type,Spill -> Spill 
INC-05331,incidents,dirty_label:incident_type,Spill -> Spill 
INC-05332,incidents,dirty_label:severity,Low -> low 
INC-05332,incidents,mixed_date_format:incident_date,used format %d/%m/%Y: 14/12/2024
INC-05335,incidents,dirty_label:incident_type,Leak -> leak 
INC-05337,incidents,mixed_date_format:incident_date,used format %d-%b-%Y: 19-Jul-2024
INC-05340,incidents,dirty_label:incident_type,Spill -> Spill 
INC-05341,incidents,dirty_label:incident_type,Equipment Failure -> Equip. Failure
INC-05342,incidents,missing_required_field:severity,
INC-05346,incidents,missing_required_field:severity,
INC-05349,incidents,missing_required_field:incident_type,
INC-05355,incidents,dirty_label:severity,Medium -> Medium 
INC-05362,incidents,mixed_date_format:incident_date,used format %Y-%m-%dT%H:%M:%SZ: 2025-07-02T00:00:00Z
INC-05363,incidents,mixed_date_format:incident_date,used format %d-%b-%Y: 25-Jan-2025
INC-05364,incidents,mixed_date_format:incident_date,used format %Y-%m-%dT%H:%M:%SZ: 2025-03-07T00:00:00Z
INC-05366,incidents,mixed_date_format:incident_date,used format %m/%d/%Y: 04/23/2024
INC-05368,incidents,mixed_date_format:incident_date,used format %Y-%m-%dT%H:%M:%SZ: 2023-10-27T00:00:00Z
INC-05368,incidents,missing_required_field:incident_type,
INC-05371,incidents,missing_required_field:incident_type,
INC-05372,incidents,mixed_date_format:incident_date,used format %Y-%m-%dT%H:%M:%SZ: 2024-12-31T00:00:00Z
INC-05373,incidents,dirty_label:severity,High -> HIGH
INC-05373,incidents,mixed_date_format:incident_date,used format %m/%d/%Y: 08/31/2024
INC-05378,incidents,mixed_date_format:incident_date,used format %d/%m/%Y: 09/04/2025
INC-05379,incidents,missing_required_field:incident_type,
INC-05380,incidents,dirty_label:severity,High -> Hi
INC-05381,incidents,mixed_date_format:incident_date,used format %d-%b-%Y: 13-Jul-2025
INC-05383,incidents,mixed_date_format:incident_date,used format %m/%d/%Y: 02/25/2025
INC-05384,incidents,out_of_range:compliance_score,-5.0
INC-05385,incidents,out_of_range:compliance_score,115.7
INC-05386,incidents,mixed_date_format:incident_date,used format %m/%d/%Y: 01/26/2025
INC-05386,incidents,missing_required_field:severity,
INC-05387,incidents,dirty_label:incident_type,Equipment Failure -> Equipment  Failure
INC-05387,incidents,mixed_date_format:incident_date,used format %d-%b-%Y: 03-Nov-2023
INC-05389,incidents,dirty_label:incident_type,Leak -> leak 
INC-05390,incidents,dirty_label:severity,Low -> low
INC-05391,incidents,dirty_label:severity,Low -> low
INC-05397,incidents,dirty_label:severity,Medium ->  medium
INC-05397,incidents,missing_required_field:severity,
INC-05398,incidents,dirty_label:incident_type,Fire -> Fire 
INC-05399,incidents,mixed_date_format:incident_date,used format %Y-%m-%dT%H:%M:%SZ: 2025-02-09T00:00:00Z
INC-05399,incidents,missing_required_field:severity,
INC-05400,incidents,dirty_label:incident_type,Near Miss -> NEAR MISS
INC-05402,incidents,dirty_label:severity,Low -> LOW
INC-05405,incidents,mixed_date_format:incident_date,used format %d/%m/%Y: 13/01/2025
INC-05407,incidents,mixed_date_format:incident_date,used format %m/%d/%Y: 06/03/2024
INC-05408,incidents,mixed_date_format:incident_date,used format %m/%d/%Y: 12/30/2023
INC-05411,incidents,dirty_label:incident_type,Near Miss -> Near  Miss
INC-05412,incidents,mixed_date_format:incident_date,used format %d-%b-%Y: 02-Sep-2024
INC-05414,incidents,mixed_date_format:incident_date,used format %m/%d/%Y: 11/07/2024
INC-05418,incidents,missing_required_field:severity,
INC-05420,incidents,mixed_date_format:incident_date,used format %d-%b-%Y: 01-Jan-2024
INC-05423,incidents,dirty_label:severity,High -> high
INC-05423,incidents,mixed_date_format:incident_date,used format %d/%m/%Y: 31/12/2025
INC-05427,incidents,mixed_date_format:incident_date,used format %Y-%m-%dT%H:%M:%SZ: 2025-04-16T00:00:00Z
INC-05428,incidents,mixed_date_format:incident_date,used format %d/%m/%Y: 13/09/2024
INC-05429,incidents,dirty_label:severity,Medium -> Med
INC-05429,incidents,mixed_date_format:incident_date,used format %Y-%m-%dT%H:%M:%SZ: 2024-11-11T00:00:00Z
INC-05430,incidents,dirty_label:severity,Medium ->  medium
INC-05431,incidents,mixed_date_format:incident_date,used format %d/%m/%Y: 27/06/2024
INC-05433,incidents,dirty_label:severity,Medium -> Medium 
INC-05438,incidents,dirty_label:severity,Low -> Lo
INC-05438,incidents,dirty_label:incident_type,Spill ->  spill 
INC-05440,incidents,dirty_label:incident_type,Leak -> Oil Leak
INC-05443,incidents,missing_required_field:incident_type,
INC-05446,incidents,dirty_label:incident_type,Leak -> leak
INC-05446,incidents,missing_required_field:severity,
INC-05448,incidents,dirty_label:incident_type,Spill -> Spill 
INC-05449,incidents,dirty_label:incident_type,Equipment Failure -> Equipment  Failure
INC-05449,incidents,missing_required_field:severity,
INC-05450,incidents,dirty_label:incident_type,Spill -> Minor Spill
INC-05457,incidents,missing_required_field:severity,
INC-05458,incidents,dirty_label:incident_type,Fire -> Fire 
INC-05458,incidents,mixed_date_format:incident_date,used format %d-%b-%Y: 25-Apr-2025
INC-05463,incidents,mixed_date_format:incident_date,used format %d-%b-%Y: 19-Nov-2024
INC-05465,incidents,mixed_date_format:incident_date,used format %Y-%m-%dT%H:%M:%SZ: 2025-07-12T00:00:00Z
INC-05466,incidents,dirty_label:incident_type,Near Miss -> NEAR MISS
INC-05470,incidents,mixed_date_format:incident_date,used format %d/%m/%Y: 12/06/2025
INC-05472,incidents,mixed_date_format:incident_date,used format %Y-%m-%dT%H:%M:%SZ: 2025-03-29T00:00:00Z
INC-05473,incidents,dirty_label:incident_type,Fire -> FIRE
INC-05478,incidents,mixed_date_format:incident_date,used format %d-%b-%Y: 17-Oct-2025
INC-05479,incidents,mixed_date_format:incident_date,used format %d/%m/%Y: 19/11/2025
INC-05484,incidents,dirty_label:incident_type,Equipment Failure -> Equipment  Failure
INC-05484,incidents,mixed_date_format:incident_date,used format %m/%d/%Y: 04/09/2025
INC-05485,incidents,mixed_date_format:incident_date,used format %d/%m/%Y: 27/07/2024
INC-05491,incidents,mixed_date_format:incident_date,used format %m/%d/%Y: 12/21/2025
INC-05496,incidents,mixed_date_format:incident_date,used format %d/%m/%Y: 17/08/2024
INC-05500,incidents,dirty_label:incident_type,Near Miss -> near miss
INC-05503,incidents,mixed_date_format:incident_date,used format %d-%b-%Y: 02-Sep-2025
INC-05504,incidents,dirty_label:severity,Critical -> crit
INC-05506,incidents,mixed_date_format:incident_date,used format %Y-%m-%dT%H:%M:%SZ: 2024-04-29T00:00:00Z
INC-05506,incidents,missing_required_field:severity,
INC-05507,incidents,dirty_label:incident_type,Fire -> FIRE
INC-05508,incidents,mixed_date_format:incident_date,used format %d-%b-%Y: 09-Feb-2026
INC-05511,incidents,mixed_date_format:incident_date,used format %d-%b-%Y: 11-Jul-2026
INC-05512,incidents,dirty_label:severity,High -> high
INC-05513,incidents,mixed_date_format:incident_date,used format %m/%d/%Y: 01/26/2024
INC-05515,incidents,dirty_label:severity,Medium -> medium
INC-05516,incidents,dirty_label:severity,High -> HIGH
INC-05519,incidents,mixed_date_format:incident_date,used format %d/%m/%Y: 26/03/2026
INC-05526,incidents,mixed_date_format:incident_date,used format %Y-%m-%dT%H:%M:%SZ: 2024-01-10T00:00:00Z
INC-05529,incidents,dirty_label:severity,High -> high
INC-05532,incidents,mixed_date_format:incident_date,used format %d/%m/%Y: 13/04/2026
INC-05534,incidents,mixed_date_format:incident_date,used format %d/%m/%Y: 06/02/2024
INC-05539,incidents,dirty_label:severity,High ->  High
INC-05541,incidents,missing_required_field:incident_type,
INC-05541,incidents,future_date:incident_date,2026-08-20
INC-05546,incidents,dirty_label:severity,High -> Hi
INC-05546,incidents,mixed_date_format:incident_date,used format %Y-%m-%dT%H:%M:%SZ: 2025-08-13T00:00:00Z
INC-05552,incidents,mixed_date_format:incident_date,used format %d-%b-%Y: 07-Nov-2024
INC-05554,incidents,dirty_label:severity,High -> high
INC-05554,incidents,mixed_date_format:incident_date,used format %d/%m/%Y: 10/08/2024
INC-05554,incidents,missing_required_field:incident_type,
INC-05556,incidents,dirty_label:incident_type,Near Miss -> near miss
INC-05559,incidents,dirty_label:severity,Medium -> MEDIUM
INC-05560,incidents,dirty_label:severity,Medium -> Medium 
INC-05560,incidents,mixed_date_format:incident_date,used format %m/%d/%Y: 07/15/2026
INC-05562,incidents,dirty_label:severity,High ->  High
INC-05563,incidents,dirty_label:severity,Low -> Lo
INC-05566,incidents,missing_required_field:incident_type,
INC-05567,incidents,mixed_date_format:incident_date,used format %m/%d/%Y: 02/23/2026
INC-05568,incidents,dirty_label:severity,Critical -> CRITICAL
INC-05570,incidents,mixed_date_format:incident_date,used format %d-%b-%Y: 19-Aug-2023
INC-05574,incidents,missing_required_field:severity,
INC-05574,incidents,out_of_range:compliance_score,150.0
INC-05576,incidents,dirty_label:incident_type,Near Miss -> near miss
INC-05576,incidents,mixed_date_format:incident_date,used format %m/%d/%Y: 12/09/2023
INC-05577,incidents,dirty_label:incident_type,Spill -> Spill 
INC-05578,incidents,mixed_date_format:incident_date,used format %m/%d/%Y: 04/09/2026
INC-05580,incidents,dirty_label:incident_type,Equipment Failure -> EQUIPMENT FAILURE
INC-05580,incidents,mixed_date_format:incident_date,used format %Y-%m-%dT%H:%M:%SZ: 2024-02-18T00:00:00Z
INC-05583,incidents,dirty_label:severity,High -> Hi
INC-05583,incidents,mixed_date_format:incident_date,used format %Y-%m-%dT%H:%M:%SZ: 2026-05-07T00:00:00Z
INC-05586,incidents,out_of_range:compliance_score,150.0
INC-05592,incidents,dirty_label:incident_type,Near Miss -> NEAR MISS
INC-05592,incidents,mixed_date_format:incident_date,used format %Y-%m-%dT%H:%M:%SZ: 2024-01-24T00:00:00Z
INC-05594,incidents,mixed_date_format:incident_date,used format %d/%m/%Y: 23/04/2025
INC-05596,incidents,mixed_date_format:incident_date,used format %m/%d/%Y: 03/06/2025
INC-05598,incidents,missing_required_field:incident_type,
INC-05600,incidents,mixed_date_format:incident_date,used format %d/%m/%Y: 07/08/2023
INC-05603,incidents,mixed_date_format:incident_date,used format %m/%d/%Y: 03/21/2025
INC-05606,incidents,dirty_label:severity,Low ->  Low
INC-05610,incidents,dirty_label:severity,High ->  High
INC-05612,incidents,dirty_label:incident_type,Fire -> FIRE
INC-05616,incidents,mixed_date_format:incident_date,used format %m/%d/%Y: 01/16/2024
INC-05617,incidents,mixed_date_format:incident_date,used format %Y-%m-%dT%H:%M:%SZ: 2023-08-15T00:00:00Z
INC-05620,incidents,dirty_label:incident_type,Leak ->  Leak
INC-05621,incidents,dirty_label:severity,High -> Hi
INC-05624,incidents,dirty_label:incident_type,Near Miss -> Near  Miss
INC-05626,incidents,dirty_label:incident_type,Leak -> LEAK
INC-05631,incidents,mixed_date_format:incident_date,used format %d/%m/%Y: 12/01/2025
INC-05633,incidents,dirty_label:severity,High -> HIGH
INC-05633,incidents,mixed_date_format:incident_date,used format %d/%m/%Y: 20/05/2025
INC-05634,incidents,dirty_label:severity,Medium -> MEDIUM
INC-05635,incidents,dirty_label:incident_type,Spill -> spill
INC-05636,incidents,mixed_date_format:incident_date,used format %d/%m/%Y: 08/04/2025
INC-05637,incidents,dirty_label:incident_type,Near Miss -> near-miss
INC-05637,incidents,missing_required_field:incident_type,
INC-05638,incidents,dirty_label:severity,Critical -> CRITICAL
INC-05640,incidents,dirty_label:incident_type,Spill -> spill
INC-05641,incidents,out_of_range:compliance_score,-5.0
INC-05646,incidents,dirty_label:severity,Critical -> Crit
INC-05646,incidents,out_of_range:compliance_score,-5.0
INC-05648,incidents,mixed_date_format:incident_date,used format %d-%b-%Y: 25-Nov-2025
INC-05649,incidents,mixed_date_format:incident_date,used format %m/%d/%Y: 11/19/2024
INC-05649,incidents,missing_required_field:incident_type,
INC-05653,incidents,dirty_label:severity,High -> high
INC-05653,incidents,dirty_label:incident_type,Near Miss -> near miss
INC-05655,incidents,missing_required_field:severity,
INC-05657,incidents,dirty_label:incident_type,Leak ->  Leak
INC-05658,incidents,mixed_date_format:incident_date,used format %Y-%m-%dT%H:%M:%SZ: 2025-12-01T00:00:00Z
INC-05660,incidents,missing_required_field:incident_type,
INC-05661,incidents,dirty_label:severity,Critical -> CRITICAL
INC-05664,incidents,dirty_label:severity,Critical -> critical
INC-05666,incidents,missing_required_field:severity,
INC-05666,incidents,missing_required_field:incident_type,
INC-05667,incidents,dirty_label:incident_type,Near Miss -> Near  Miss
INC-05671,incidents,dirty_label:incident_type,Near Miss -> near miss
INC-05672,incidents,mixed_date_format:incident_date,used format %d-%b-%Y: 22-Jun-2025
INC-05674,incidents,dirty_label:severity,High ->  High
INC-05674,incidents,dirty_label:incident_type,Near Miss -> NEAR MISS
INC-05675,incidents,missing_required_field:incident_type,
INC-05678,incidents,dirty_label:incident_type,Leak -> LEAK
INC-05681,incidents,dirty_label:severity,High ->  High
INC-05682,incidents,future_date:incident_date,2026-08-19
INC-05685,incidents,mixed_date_format:incident_date,used format %d/%m/%Y: 12/06/2026
INC-05686,incidents,dirty_label:severity,Critical ->  Critical
INC-05686,incidents,mixed_date_format:incident_date,used format %Y-%m-%dT%H:%M:%SZ: 2023-12-08T00:00:00Z
INC-05687,incidents,dirty_label:incident_type,Leak -> LEAK
INC-05693,incidents,mixed_date_format:incident_date,used format %Y-%m-%dT%H:%M:%SZ: 2025-12-30T00:00:00Z
INC-05694,incidents,mixed_date_format:incident_date,used format %d-%b-%Y: 11-Nov-2025
INC-05695,incidents,dirty_label:severity,High -> HIGH
INC-05696,incidents,dirty_label:incident_type,Equipment Failure -> equipment failure
INC-05697,incidents,dirty_label:severity,Critical -> Crit
INC-05698,incidents,dirty_label:incident_type,Spill -> spill
INC-05706,incidents,mixed_date_format:incident_date,used format %d/%m/%Y: 03/08/2023
INC-05710,incidents,mixed_date_format:incident_date,used format %d-%b-%Y: 05-Aug-2023
INC-05711,incidents,mixed_date_format:incident_date,used format %d-%b-%Y: 16-Nov-2023
INC-05715,incidents,dirty_label:severity,Low -> low
INC-05721,incidents,mixed_date_format:incident_date,used format %d/%m/%Y: 14/10/2024
INC-05723,incidents,dirty_label:incident_type,Fire -> fire
INC-05723,incidents,mixed_date_format:incident_date,used format %Y-%m-%dT%H:%M:%SZ: 2025-08-30T00:00:00Z
INC-05724,incidents,mixed_date_format:incident_date,used format %Y-%m-%dT%H:%M:%SZ: 2023-09-17T00:00:00Z
INC-05728,incidents,dirty_label:incident_type,Equipment Failure -> Equip. Failure
INC-05730,incidents,mixed_date_format:incident_date,used format %m/%d/%Y: 12/14/2023
INC-05732,incidents,dirty_label:severity,Medium -> medium
INC-05732,incidents,mixed_date_format:incident_date,used format %m/%d/%Y: 07/27/2025
INC-05735,incidents,dirty_label:severity,High ->  High
INC-05738,incidents,dirty_label:severity,Low -> low
INC-05738,incidents,missing_required_field:severity,
INC-05740,incidents,missing_required_field:severity,
INC-05743,incidents,mixed_date_format:incident_date,used format %m/%d/%Y: 08/20/2024
INC-05745,incidents,mixed_date_format:incident_date,used format %d-%b-%Y: 04-Jul-2025
INC-05749,incidents,dirty_label:incident_type,Near Miss -> NEAR MISS
INC-05749,incidents,missing_required_field:incident_type,
INC-05750,incidents,dirty_label:incident_type,Equipment Failure -> EQUIPMENT FAILURE
INC-05751,incidents,dirty_label:incident_type,Leak -> leak
INC-05752,incidents,mixed_date_format:incident_date,used format %d-%b-%Y: 11-Apr-2026
INC-05755,incidents,missing_required_field:severity,
INC-05756,incidents,dirty_label:severity,Medium -> Medium 
INC-05761,incidents,mixed_date_format:incident_date,used format %m/%d/%Y: 04/11/2024
INC-05762,incidents,mixed_date_format:incident_date,used format %m/%d/%Y: 07/15/2026
INC-05763,incidents,dirty_label:severity,Critical -> CRITICAL
INC-05767,incidents,mixed_date_format:incident_date,used format %Y-%m-%dT%H:%M:%SZ: 2024-05-12T00:00:00Z
INC-05781,incidents,dirty_label:severity,Medium -> MEDIUM
INC-05781,incidents,mixed_date_format:incident_date,used format %d-%b-%Y: 16-Sep-2024
INC-05782,incidents,mixed_date_format:incident_date,used format %d/%m/%Y: 08/02/2025
INC-05786,incidents,missing_required_field:severity,
INC-05787,incidents,dirty_label:incident_type,Equipment Failure -> Equip. Failure
INC-05789,incidents,mixed_date_format:incident_date,used format %m/%d/%Y: 03/26/2026
INC-05794,incidents,dirty_label:severity,Critical ->  Critical
INC-05798,incidents,mixed_date_format:incident_date,used format %m/%d/%Y: 02/03/2026
INC-05801,incidents,mixed_date_format:incident_date,used format %m/%d/%Y: 03/22/2026
INC-05802,incidents,mixed_date_format:incident_date,used format %d/%m/%Y: 16/12/2024
INC-05804,incidents,missing_required_field:incident_type,
INC-05805,incidents,future_date:incident_date,2026-08-27
INC-05808,incidents,mixed_date_format:incident_date,used format %m/%d/%Y: 03/01/2024
INC-05810,incidents,mixed_date_format:incident_date,used format %m/%d/%Y: 11/07/2024
INC-05811,incidents,missing_required_field:severity,
INC-05818,incidents,dirty_label:severity,Low -> low
INC-05820,incidents,dirty_label:severity,High -> HIGH
INC-05822,incidents,dirty_label:severity,Low ->  Low
INC-05822,incidents,missing_required_field:severity,
INC-05825,incidents,dirty_label:incident_type,Near Miss -> near miss
INC-05825,incidents,missing_required_field:severity,
INC-05828,incidents,mixed_date_format:incident_date,used format %Y-%m-%dT%H:%M:%SZ: 2026-04-06T00:00:00Z
INC-05831,incidents,dirty_label:severity,Critical -> Crit
INC-05831,incidents,mixed_date_format:incident_date,used format %d/%m/%Y: 17/08/2025
INC-05833,incidents,dirty_label:incident_type,Fire -> Fire 
INC-05835,incidents,mixed_date_format:incident_date,used format %d-%b-%Y: 06-Jul-2026
INC-05838,incidents,missing_required_field:severity,
INC-05839,incidents,dirty_label:incident_type,Near Miss -> near-miss
INC-05841,incidents,future_date:incident_date,2026-09-18
INC-05844,incidents,missing_required_field:severity,
INC-05848,incidents,dirty_label:severity,Medium -> Med
INC-05849,incidents,out_of_range:compliance_score,104.0
INC-05850,incidents,missing_required_field:incident_type,
INC-05852,incidents,mixed_date_format:incident_date,used format %d-%b-%Y: 09-Sep-2025
INC-05852,incidents,missing_required_field:incident_type,
INC-05852,incidents,out_of_range:compliance_score,-0.5
INC-05854,incidents,dirty_label:incident_type,Equipment Failure -> EQUIPMENT FAILURE
INC-05855,incidents,mixed_date_format:incident_date,used format %d/%m/%Y: 11/05/2026
INC-05856,incidents,missing_required_field:severity,
INC-05857,incidents,dirty_label:incident_type,Leak -> LEAK
INC-05859,incidents,dirty_label:incident_type,Equipment Failure -> Equipment  Failure
INC-05863,incidents,dirty_label:severity,High -> HIGH
INC-05863,incidents,mixed_date_format:incident_date,used format %m/%d/%Y: 03/18/2026
INC-05866,incidents,dirty_label:incident_type,Near Miss -> near miss
INC-05868,incidents,dirty_label:severity,Low ->  Low
INC-05868,incidents,mixed_date_format:incident_date,used format %d-%b-%Y: 27-Mar-2025
INC-05871,incidents,dirty_label:severity,High -> HIGH
INC-05874,incidents,dirty_label:severity,Medium -> medium
INC-05874,incidents,mixed_date_format:incident_date,used format %d/%m/%Y: 21/08/2025
INC-05874,incidents,missing_required_field:severity,
INC-05875,incidents,dirty_label:severity,Medium -> MEDIUM
INC-05877,incidents,mixed_date_format:incident_date,used format %Y-%m-%dT%H:%M:%SZ: 2026-04-10T00:00:00Z
INC-05877,incidents,missing_required_field:severity,
INC-05878,incidents,mixed_date_format:incident_date,used format %Y-%m-%dT%H:%M:%SZ: 2025-07-11T00:00:00Z
INC-05879,incidents,dirty_label:incident_type,Near Miss -> near miss
INC-05880,incidents,mixed_date_format:incident_date,used format %d-%b-%Y: 11-Jan-2024
INC-05883,incidents,missing_required_field:severity,
INC-05884,incidents,dirty_label:incident_type,Equipment Failure -> EQUIPMENT FAILURE
INC-05885,incidents,mixed_date_format:incident_date,used format %Y-%m-%dT%H:%M:%SZ: 2024-10-10T00:00:00Z
INC-05886,incidents,dirty_label:severity,Low -> Lo
INC-05889,incidents,mixed_date_format:incident_date,used format %d/%m/%Y: 24/12/2024
INC-05890,incidents,mixed_date_format:incident_date,used format %Y-%m-%dT%H:%M:%SZ: 2026-06-17T00:00:00Z
INC-05895,incidents,future_date:incident_date,2026-09-15
INC-05897,incidents,dirty_label:incident_type,Equipment Failure -> Equipment  Failure
INC-05898,incidents,mixed_date_format:incident_date,used format %Y-%m-%dT%H:%M:%SZ: 2025-10-04T00:00:00Z
INC-05898,incidents,out_of_range:compliance_score,-5.0
INC-05899,incidents,mixed_date_format:incident_date,used format %Y-%m-%dT%H:%M:%SZ: 2026-07-10T00:00:00Z
INC-05902,incidents,mixed_date_format:incident_date,used format %Y-%m-%dT%H:%M:%SZ: 2025-08-25T00:00:00Z
INC-05903,incidents,mixed_date_format:incident_date,used format %d/%m/%Y: 17/10/2025
INC-05904,incidents,mixed_date_format:incident_date,used format %d/%m/%Y: 07/04/2025
INC-05908,incidents,dirty_label:incident_type,Near Miss -> near-miss
INC-05908,incidents,mixed_date_format:incident_date,used format %d/%m/%Y: 15/10/2023
INC-05911,incidents,dirty_label:severity,High -> high
INC-05913,incidents,dirty_label:severity,Low -> Lo
INC-05914,incidents,mixed_date_format:incident_date,used format %m/%d/%Y: 02/19/2025
INC-05915,incidents,dirty_label:severity,Medium -> Medium 
INC-05915,incidents,missing_required_field:severity,
INC-05916,incidents,mixed_date_format:incident_date,used format %m/%d/%Y: 09/24/2025
INC-05919,incidents,mixed_date_format:incident_date,used format %d-%b-%Y: 31-Jan-2026
INC-05923,incidents,dirty_label:severity,Critical -> critical
INC-05923,incidents,future_date:incident_date,2026-08-31
INC-05924,incidents,mixed_date_format:incident_date,used format %d-%b-%Y: 20-Jan-2026
INC-05927,incidents,dirty_label:incident_type,Leak ->  Leak
INC-05929,incidents,mixed_date_format:incident_date,used format %d-%b-%Y: 23-Feb-2024
INC-05929,incidents,missing_required_field:incident_type,
INC-05930,incidents,dirty_label:severity,Medium -> medium
INC-05930,incidents,dirty_label:incident_type,Equipment Failure -> Equip. Failure
INC-05935,incidents,dirty_label:incident_type,Equipment Failure -> equipment failure
INC-05937,incidents,mixed_date_format:incident_date,used format %m/%d/%Y: 07/22/2025
INC-05938,incidents,future_date:incident_date,2026-10-05
INC-05941,incidents,dirty_label:severity,Critical -> crit
INC-05943,incidents,dirty_label:severity,Low -> LOW
INC-05943,incidents,dirty_label:incident_type,Leak -> Oil Leak
INC-05944,incidents,missing_required_field:incident_type,
INC-05946,incidents,mixed_date_format:incident_date,used format %Y-%m-%dT%H:%M:%SZ: 2024-03-16T00:00:00Z
INC-05947,incidents,out_of_range:compliance_score,150.0
INC-05952,incidents,dirty_label:incident_type,Leak -> LEAK
INC-05952,incidents,mixed_date_format:incident_date,used format %Y-%m-%dT%H:%M:%SZ: 2026-05-31T00:00:00Z
INC-05953,incidents,dirty_label:severity,Medium -> medium
INC-05953,incidents,mixed_date_format:incident_date,used format %d/%m/%Y: 14/03/2025
INC-05954,incidents,mixed_date_format:incident_date,used format %d/%m/%Y: 31/12/2024
INC-05956,incidents,dirty_label:incident_type,Equipment Failure -> EQUIPMENT FAILURE
INC-05956,incidents,missing_required_field:severity,
INC-05959,incidents,dirty_label:incident_type,Leak -> LEAK
INC-05960,incidents,dirty_label:severity,High -> Hi
INC-05960,incidents,dirty_label:incident_type,Spill ->  spill 
INC-05961,incidents,mixed_date_format:incident_date,used format %d-%b-%Y: 02-Aug-2023
INC-05966,incidents,missing_required_field:severity,
INC-05969,incidents,dirty_label:severity,Medium -> Med
INC-05970,incidents,missing_required_field:incident_type,
INC-05971,incidents,mixed_date_format:incident_date,used format %Y-%m-%dT%H:%M:%SZ: 2024-03-12T00:00:00Z
INC-05973,incidents,dirty_label:severity,High -> Hi
INC-05973,incidents,dirty_label:incident_type,Leak -> LEAK
INC-05974,incidents,dirty_label:severity,Critical -> critical
INC-05975,incidents,mixed_date_format:incident_date,used format %d/%m/%Y: 15/10/2025
INC-05976,incidents,dirty_label:incident_type,Fire -> FIRE
INC-05976,incidents,missing_required_field:incident_type,
INC-05977,incidents,mixed_date_format:incident_date,used format %d/%m/%Y: 15/01/2026
INC-05978,incidents,dirty_label:severity,Medium -> medium
INC-05979,incidents,mixed_date_format:incident_date,used format %m/%d/%Y: 02/11/2026
INC-05979,incidents,missing_required_field:incident_type,
INC-05980,incidents,mixed_date_format:incident_date,used format %d/%m/%Y: 17/05/2024
INC-05982,incidents,dirty_label:incident_type,Fire -> Fire 
INC-05985,incidents,mixed_date_format:incident_date,used format %d/%m/%Y: 29/10/2023
INC-05988,incidents,mixed_date_format:incident_date,used format %d/%m/%Y: 20/04/2025
INC-05988,incidents,out_of_range:compliance_score,-12.3
INC-05992,incidents,mixed_date_format:incident_date,used format %d/%m/%Y: 07/10/2025
INC-05998,incidents,dirty_label:incident_type,Equipment Failure -> Equipment  Failure
INC-05998,incidents,mixed_date_format:incident_date,used format %d/%m/%Y: 07/08/2025
INC-05999,incidents,mixed_date_format:incident_date,used format %Y-%m-%dT%H:%M:%SZ: 2024-11-21T00:00:00Z
INC-06000,incidents,mixed_date_format:incident_date,used format %d-%b-%Y: 21-Jul-2024
INC-04195,incidents,duplicate_id,
INC-00326,incidents,duplicate_id,
INC-03683,incidents,duplicate_id,
INC-01807,incidents,duplicate_id,
INC-02551,incidents,duplicate_id,
INC-04144,incidents,duplicate_id,
INC-00902,incidents,duplicate_id,
INC-05146,incidents,duplicate_id,
INC-01069,incidents,duplicate_id,
INC-01430,incidents,duplicate_id,
INC-02083,incidents,duplicate_id,
INC-04227,incidents,duplicate_id,
INC-01208,incidents,duplicate_id,
INC-05041,incidents,duplicate_id,
INC-03703,incidents,duplicate_id,
INC-01828,incidents,duplicate_id,
INC-05282,incidents,duplicate_id,
INC-03210,incidents,duplicate_id,
INC-04785,incidents,duplicate_id,
INC-04736,incidents,duplicate_id,
INC-03914,incidents,duplicate_id,
INC-00609,incidents,duplicate_id,
INC-04216,incidents,duplicate_id,
INC-02846,incidents,duplicate_id,
INC-00373,incidents,duplicate_id,
INC-02943,incidents,duplicate_id,
INC-05534,incidents,duplicate_id,
INC-01508,incidents,duplicate_id,
INC-04587,incidents,duplicate_id,
INC-00859,incidents,duplicate_id,
INC-05519,incidents,duplicate_id,
INC-01240,incidents,duplicate_id,
INC-03133,incidents,duplicate_id,
INC-01426,incidents,duplicate_id,
INC-04600,incidents,duplicate_id,
INC-05055,incidents,duplicate_id,
INC-01376,incidents,duplicate_id,
INC-01928,incidents,duplicate_id,
INC-00840,incidents,duplicate_id,
INC-03071,incidents,duplicate_id,
INC-02144,incidents,duplicate_id,
INC-02982,incidents,duplicate_id,
INC-03275,incidents,duplicate_id,
INC-01705,incidents,duplicate_id,
INC-03387,incidents,duplicate_id,
INC-04650,incidents,duplicate_id,
INC-03366,incidents,duplicate_id,
INC-01612,incidents,duplicate_id,
INC-02342,incidents,duplicate_id,
INC-02022,incidents,duplicate_id,
INC-05582,incidents,duplicate_id,
INC-00731,incidents,duplicate_id,
INC-00925,incidents,duplicate_id,
INC-03781,incidents,duplicate_id,
INC-00960,incidents,duplicate_id,
INC-00597,incidents,duplicate_id,
INC-04262,incidents,duplicate_id,
INC-00931,incidents,duplicate_id,
INC-05849,incidents,duplicate_id,
INC-00266,incidents,duplicate_id,
INC-02763,incidents,duplicate_id,
INC-04870,incidents,duplicate_id,
INC-03144,incidents,duplicate_id,
INC-00751,incidents,duplicate_id,
INC-03722,incidents,duplicate_id,
INC-01310,incidents,duplicate_id,
INC-05690,incidents,duplicate_id,
INC-01158,incidents,duplicate_id,
INC-03905,incidents,duplicate_id,
INC-01669,incidents,duplicate_id,
INC-02443,incidents,duplicate_id,
INC-04605,incidents,duplicate_id,
INC-01728,incidents,duplicate_id,
INC-03971,incidents,duplicate_id,
INC-00444,incidents,duplicate_id,
INC-05170,incidents,duplicate_id,
INC-05294,incidents,duplicate_id,
INC-01522,incidents,duplicate_id,
INC-00312,incidents,duplicate_id,
INC-02819,incidents,duplicate_id,
INC-04448,incidents,duplicate_id,
INC-02331,incidents,duplicate_id,
INC-05077,incidents,duplicate_id,
INC-00124,incidents,duplicate_id,
INC-03563,incidents,duplicate_id,
INC-00079,incidents,duplicate_id,
INC-04360,incidents,duplicate_id,
INC-01083,incidents,duplicate_id,
INC-05996,incidents,duplicate_id,
INC-03630,incidents,duplicate_id,
AUD-00016,audits,mixed_date_format:inspection_date,used format %d-%b-%Y: 23-Nov-2025
AUD-00019,audits,closed_before_inspection,closed=2024-12-16 < inspection=2024-12-30
AUD-00022,audits,closed_before_inspection,closed=2024-09-09 < inspection=2024-09-29
AUD-00030,audits,mixed_date_format:closed_date,used format %Y-%m-%dT%H:%M:%SZ: 2024-05-13T00:00:00Z
AUD-00036,audits,mixed_date_format:inspection_date,used format %Y-%m-%dT%H:%M:%SZ: 2025-03-25T00:00:00Z
AUD-00037,audits,mixed_date_format:closed_date,used format %d/%m/%Y: 07/07/2026
AUD-00040,audits,out_of_range:compliance_score,112.5
AUD-00043,audits,mixed_date_format:inspection_date,used format %Y-%m-%dT%H:%M:%SZ: 2024-12-13T00:00:00Z
AUD-00049,audits,mixed_date_format:inspection_date,used format %d/%m/%Y: 23/12/2025
AUD-00052,audits,mixed_date_format:closed_date,used format %d-%b-%Y: 19-Nov-2024
AUD-00053,audits,mixed_date_format:inspection_date,used format %d-%b-%Y: 14-May-2026
AUD-00054,audits,mixed_date_format:inspection_date,used format %d-%b-%Y: 25-Sep-2024
AUD-00062,audits,mixed_date_format:closed_date,used format %d-%b-%Y: 23-May-2024
AUD-00065,audits,mixed_date_format:closed_date,used format %d-%b-%Y: 24-Jan-2026
AUD-00068,audits,mixed_date_format:inspection_date,used format %m/%d/%Y: 06/25/2026
AUD-00075,audits,mixed_date_format:closed_date,used format %Y-%m-%dT%H:%M:%SZ: 2024-04-21T00:00:00Z
AUD-00077,audits,mixed_date_format:closed_date,used format %d-%b-%Y: 28-Nov-2025
AUD-00077,audits,out_of_range:compliance_score,112.2
AUD-00078,audits,mixed_date_format:inspection_date,used format %m/%d/%Y: 01/17/2025
AUD-00079,audits,mixed_date_format:inspection_date,used format %Y-%m-%dT%H:%M:%SZ: 2025-06-24T00:00:00Z
AUD-00086,audits,mixed_date_format:closed_date,used format %Y-%m-%dT%H:%M:%SZ: 2024-12-09T00:00:00Z
AUD-00089,audits,mixed_date_format:inspection_date,used format %Y-%m-%dT%H:%M:%SZ: 2026-07-16T00:00:00Z
AUD-00096,audits,mixed_date_format:inspection_date,used format %m/%d/%Y: 06/15/2025
AUD-00097,audits,mixed_date_format:inspection_date,used format %m/%d/%Y: 04/06/2026
AUD-00098,audits,mixed_date_format:inspection_date,used format %m/%d/%Y: 12/06/2025
AUD-00106,audits,mixed_date_format:inspection_date,used format %m/%d/%Y: 04/06/2025
AUD-00107,audits,mixed_date_format:inspection_date,used format %d-%b-%Y: 30-Jun-2026
AUD-00108,audits,mixed_date_format:inspection_date,used format %d-%b-%Y: 09-Jul-2026
AUD-00109,audits,mixed_date_format:closed_date,used format %d-%b-%Y: 12-Jun-2025
AUD-00111,audits,mixed_date_format:inspection_date,used format %m/%d/%Y: 07/10/2026
AUD-00111,audits,mixed_date_format:closed_date,used format %d-%b-%Y: 15-Jul-2026
AUD-00115,audits,mixed_date_format:closed_date,used format %Y-%m-%dT%H:%M:%SZ: 2026-01-27T00:00:00Z
AUD-00127,audits,closed_before_inspection,closed=2025-01-29 < inspection=2025-02-22
AUD-00131,audits,mixed_date_format:inspection_date,used format %d/%m/%Y: 20/10/2025
AUD-00133,audits,mixed_date_format:inspection_date,used format %d-%b-%Y: 30-Apr-2025
AUD-00134,audits,mixed_date_format:inspection_date,used format %Y-%m-%dT%H:%M:%SZ: 2025-07-05T00:00:00Z
AUD-00137,audits,out_of_range:compliance_score,-8.0
AUD-00144,audits,mixed_date_format:closed_date,used format %Y-%m-%dT%H:%M:%SZ: 2024-03-23T00:00:00Z
AUD-00144,audits,closed_before_inspection,closed=2024-02-11 < inspection=2024-03-02
AUD-00149,audits,out_of_range:compliance_score,-7.6
AUD-00150,audits,mixed_date_format:inspection_date,used format %d-%b-%Y: 20-Oct-2025
AUD-00150,audits,mixed_date_format:closed_date,used format %d/%m/%Y: 30/11/2025
AUD-00154,audits,mixed_date_format:inspection_date,used format %d-%b-%Y: 02-Nov-2025
AUD-00179,audits,mixed_date_format:inspection_date,used format %Y-%m-%dT%H:%M:%SZ: 2025-04-12T00:00:00Z
AUD-00181,audits,mixed_date_format:closed_date,used format %d/%m/%Y: 18/07/2025
AUD-00183,audits,mixed_date_format:closed_date,used format %m/%d/%Y: 01/25/2025
AUD-00184,audits,mixed_date_format:inspection_date,used format %d-%b-%Y: 11-Mar-2025
AUD-00192,audits,mixed_date_format:inspection_date,used format %d/%m/%Y: 12/11/2025
AUD-00193,audits,mixed_date_format:closed_date,used format %d/%m/%Y: 01/01/2025
AUD-00198,audits,mixed_date_format:inspection_date,used format %d/%m/%Y: 06/06/2025
AUD-00200,audits,mixed_date_format:inspection_date,used format %d/%m/%Y: 24/05/2024
AUD-00203,audits,mixed_date_format:closed_date,used format %m/%d/%Y: 05/15/2024
AUD-00204,audits,mixed_date_format:inspection_date,used format %m/%d/%Y: 09/14/2025
AUD-00207,audits,mixed_date_format:inspection_date,used format %d/%m/%Y: 19/06/2026
AUD-00207,audits,mixed_date_format:closed_date,used format %d/%m/%Y: 24/08/2026
AUD-00208,audits,mixed_date_format:inspection_date,used format %Y-%m-%dT%H:%M:%SZ: 2026-05-30T00:00:00Z
AUD-00212,audits,mixed_date_format:inspection_date,used format %Y-%m-%dT%H:%M:%SZ: 2024-03-11T00:00:00Z
AUD-00213,audits,mixed_date_format:inspection_date,used format %Y-%m-%dT%H:%M:%SZ: 2025-05-10T00:00:00Z
AUD-00214,audits,mixed_date_format:inspection_date,used format %Y-%m-%dT%H:%M:%SZ: 2026-03-30T00:00:00Z
AUD-00217,audits,mixed_date_format:inspection_date,used format %m/%d/%Y: 07/14/2025
AUD-00218,audits,closed_before_inspection,closed=2026-04-16 < inspection=2026-05-05
AUD-00219,audits,mixed_date_format:inspection_date,used format %d/%m/%Y: 31/07/2024
AUD-00220,audits,mixed_date_format:inspection_date,used format %d-%b-%Y: 14-Dec-2025
AUD-00220,audits,mixed_date_format:closed_date,used format %d/%m/%Y: 03/01/2026
AUD-00224,audits,mixed_date_format:inspection_date,used format %m/%d/%Y: 12/11/2024
AUD-00230,audits,mixed_date_format:inspection_date,used format %m/%d/%Y: 05/28/2025
AUD-00234,audits,mixed_date_format:closed_date,used format %m/%d/%Y: 07/10/2025
AUD-00237,audits,mixed_date_format:inspection_date,used format %d/%m/%Y: 29/04/2026
AUD-00237,audits,mixed_date_format:closed_date,used format %Y-%m-%dT%H:%M:%SZ: 2026-05-08T00:00:00Z
AUD-00246,audits,mixed_date_format:inspection_date,used format %d/%m/%Y: 24/04/2025
AUD-00251,audits,mixed_date_format:closed_date,used format %m/%d/%Y: 12/16/2024
AUD-00257,audits,mixed_date_format:closed_date,used format %m/%d/%Y: 07/24/2026
AUD-00262,audits,mixed_date_format:inspection_date,used format %d/%m/%Y: 19/08/2025
AUD-00270,audits,mixed_date_format:inspection_date,used format %d/%m/%Y: 28/12/2025
AUD-00274,audits,mixed_date_format:inspection_date,used format %Y-%m-%dT%H:%M:%SZ: 2025-09-07T00:00:00Z
AUD-00274,audits,out_of_range:compliance_score,150.0
AUD-00275,audits,mixed_date_format:inspection_date,used format %d-%b-%Y: 19-Jul-2024
AUD-00276,audits,mixed_date_format:inspection_date,used format %d/%m/%Y: 28/07/2024
AUD-00278,audits,mixed_date_format:closed_date,used format %Y-%m-%dT%H:%M:%SZ: 2025-11-12T00:00:00Z
AUD-00278,audits,closed_before_inspection,closed=2025-10-05 < inspection=2025-10-27
AUD-00281,audits,out_of_range:compliance_score,-7.3
AUD-00282,audits,mixed_date_format:closed_date,used format %d-%b-%Y: 21-Aug-2024
AUD-00292,audits,mixed_date_format:closed_date,used format %m/%d/%Y: 09/13/2024
AUD-00303,audits,mixed_date_format:inspection_date,used format %m/%d/%Y: 12/03/2024
AUD-00305,audits,mixed_date_format:inspection_date,used format %m/%d/%Y: 07/11/2026
AUD-00310,audits,mixed_date_format:closed_date,used format %d/%m/%Y: 23/04/2025
AUD-00322,audits,mixed_date_format:inspection_date,used format %d-%b-%Y: 22-Oct-2024
AUD-00324,audits,mixed_date_format:closed_date,used format %d-%b-%Y: 22-Dec-2024
AUD-00325,audits,out_of_range:compliance_score,104.8
AUD-00326,audits,mixed_date_format:inspection_date,used format %d-%b-%Y: 16-Oct-2024
AUD-00329,audits,mixed_date_format:closed_date,used format %m/%d/%Y: 01/10/2026
AUD-00336,audits,mixed_date_format:closed_date,used format %m/%d/%Y: 11/12/2025
AUD-00343,audits,mixed_date_format:inspection_date,used format %d/%m/%Y: 10/06/2026
AUD-00347,audits,mixed_date_format:inspection_date,used format %d/%m/%Y: 17/06/2024
AUD-00348,audits,mixed_date_format:inspection_date,used format %m/%d/%Y: 09/26/2024
AUD-00354,audits,mixed_date_format:inspection_date,used format %Y-%m-%dT%H:%M:%SZ: 2024-09-14T00:00:00Z
AUD-00356,audits,mixed_date_format:closed_date,used format %d-%b-%Y: 01-Nov-2024
AUD-00359,audits,mixed_date_format:closed_date,used format %Y-%m-%dT%H:%M:%SZ: 2024-12-18T00:00:00Z
AUD-00367,audits,mixed_date_format:inspection_date,used format %d/%m/%Y: 21/04/2025
AUD-00372,audits,mixed_date_format:closed_date,used format %d/%m/%Y: 19/12/2024
AUD-00374,audits,mixed_date_format:inspection_date,used format %d-%b-%Y: 05-Jun-2026
AUD-00377,audits,mixed_date_format:inspection_date,used format %Y-%m-%dT%H:%M:%SZ: 2025-12-30T00:00:00Z
AUD-00379,audits,mixed_date_format:inspection_date,used format %Y-%m-%dT%H:%M:%SZ: 2024-06-08T00:00:00Z
AUD-00382,audits,closed_before_inspection,closed=2025-01-08 < inspection=2025-01-11
AUD-00384,audits,mixed_date_format:inspection_date,used format %d-%b-%Y: 06-Mar-2025
AUD-00395,audits,mixed_date_format:inspection_date,used format %d/%m/%Y: 15/03/2024
AUD-00398,audits,mixed_date_format:closed_date,used format %Y-%m-%dT%H:%M:%SZ: 2026-03-23T00:00:00Z
AUD-00400,audits,mixed_date_format:inspection_date,used format %m/%d/%Y: 07/05/2024
AUD-00402,audits,mixed_date_format:inspection_date,used format %d/%m/%Y: 02/12/2024
AUD-00404,audits,mixed_date_format:closed_date,used format %d-%b-%Y: 19-Jan-2026
AUD-00404,audits,closed_before_inspection,closed=2026-01-02 < inspection=2026-01-06
AUD-00405,audits,mixed_date_format:inspection_date,used format %d-%b-%Y: 24-Jun-2025
AUD-00410,audits,mixed_date_format:inspection_date,used format %Y-%m-%dT%H:%M:%SZ: 2026-04-21T00:00:00Z
AUD-00415,audits,mixed_date_format:inspection_date,used format %Y-%m-%dT%H:%M:%SZ: 2025-01-28T00:00:00Z
AUD-00416,audits,out_of_range:compliance_score,104.8
AUD-00422,audits,mixed_date_format:closed_date,used format %d/%m/%Y: 13/07/2026
AUD-00423,audits,mixed_date_format:closed_date,used format %m/%d/%Y: 05/27/2025
AUD-00441,audits,closed_before_inspection,closed=2025-10-04 < inspection=2025-10-08
AUD-00442,audits,mixed_date_format:inspection_date,used format %d-%b-%Y: 10-Dec-2024
AUD-00443,audits,mixed_date_format:inspection_date,used format %m/%d/%Y: 05/03/2025
AUD-00444,audits,mixed_date_format:inspection_date,used format %d-%b-%Y: 10-Jan-2026
AUD-00445,audits,mixed_date_format:inspection_date,used format %d-%b-%Y: 23-Dec-2025
AUD-00446,audits,mixed_date_format:inspection_date,used format %m/%d/%Y: 09/24/2024
AUD-00456,audits,mixed_date_format:inspection_date,used format %Y-%m-%dT%H:%M:%SZ: 2024-08-12T00:00:00Z
AUD-00460,audits,mixed_date_format:closed_date,used format %Y-%m-%dT%H:%M:%SZ: 2026-03-28T00:00:00Z
AUD-00462,audits,closed_before_inspection,closed=2026-05-19 < inspection=2026-06-04
AUD-00466,audits,mixed_date_format:inspection_date,used format %d-%b-%Y: 10-Feb-2024
AUD-00468,audits,mixed_date_format:closed_date,used format %Y-%m-%dT%H:%M:%SZ: 2026-02-08T00:00:00Z
AUD-00469,audits,mixed_date_format:closed_date,used format %m/%d/%Y: 05/23/2025
AUD-00470,audits,mixed_date_format:inspection_date,used format %d/%m/%Y: 21/11/2025
AUD-00470,audits,mixed_date_format:closed_date,used format %Y-%m-%dT%H:%M:%SZ: 2025-12-15T00:00:00Z
AUD-00473,audits,mixed_date_format:closed_date,used format %m/%d/%Y: 04/21/2026
AUD-00485,audits,mixed_date_format:closed_date,used format %Y-%m-%dT%H:%M:%SZ: 2024-10-26T00:00:00Z
AUD-00487,audits,mixed_date_format:inspection_date,used format %m/%d/%Y: 02/21/2026
AUD-00488,audits,future_date:inspection_date,2026-08-26
AUD-00491,audits,closed_before_inspection,closed=2024-07-17 < inspection=2024-08-13
AUD-00492,audits,future_date:inspection_date,2026-08-31
AUD-00494,audits,mixed_date_format:closed_date,used format %d-%b-%Y: 14-Feb-2026
AUD-00499,audits,mixed_date_format:inspection_date,used format %m/%d/%Y: 09/20/2024
AUD-00501,audits,out_of_range:compliance_score,-3.1
AUD-00503,audits,mixed_date_format:closed_date,used format %d/%m/%Y: 01/03/2025
AUD-00510,audits,mixed_date_format:closed_date,used format %m/%d/%Y: 09/22/2025
AUD-00515,audits,mixed_date_format:inspection_date,used format %Y-%m-%dT%H:%M:%SZ: 2024-11-06T00:00:00Z
AUD-00516,audits,mixed_date_format:inspection_date,used format %d/%m/%Y: 02/09/2025
AUD-00517,audits,mixed_date_format:inspection_date,used format %d-%b-%Y: 27-May-2024
AUD-00523,audits,out_of_range:compliance_score,104.3
AUD-00526,audits,mixed_date_format:closed_date,used format %d/%m/%Y: 21/11/2025
AUD-00530,audits,mixed_date_format:inspection_date,used format %Y-%m-%dT%H:%M:%SZ: 2024-02-09T00:00:00Z
AUD-00539,audits,mixed_date_format:inspection_date,used format %Y-%m-%dT%H:%M:%SZ: 2026-06-20T00:00:00Z
AUD-00548,audits,mixed_date_format:inspection_date,used format %d/%m/%Y: 12/07/2024
AUD-00550,audits,mixed_date_format:inspection_date,used format %Y-%m-%dT%H:%M:%SZ: 2025-06-11T00:00:00Z
AUD-00551,audits,mixed_date_format:inspection_date,used format %m/%d/%Y: 03/28/2026
AUD-00553,audits,mixed_date_format:inspection_date,used format %d-%b-%Y: 11-Nov-2025
AUD-00558,audits,mixed_date_format:inspection_date,used format %Y-%m-%dT%H:%M:%SZ: 2024-11-15T00:00:00Z
AUD-00558,audits,mixed_date_format:closed_date,used format %d/%m/%Y: 08/12/2024
AUD-00559,audits,mixed_date_format:inspection_date,used format %Y-%m-%dT%H:%M:%SZ: 2026-05-17T00:00:00Z
AUD-00559,audits,mixed_date_format:closed_date,used format %d/%m/%Y: 06/08/2026
AUD-00563,audits,mixed_date_format:inspection_date,used format %m/%d/%Y: 05/03/2026
AUD-00566,audits,mixed_date_format:inspection_date,used format %m/%d/%Y: 12/06/2024
AUD-00580,audits,closed_before_inspection,closed=2026-04-19 < inspection=2026-05-19
AUD-00581,audits,out_of_range:compliance_score,105.0
AUD-00587,audits,mixed_date_format:inspection_date,used format %d-%b-%Y: 13-May-2025
AUD-00588,audits,mixed_date_format:inspection_date,used format %m/%d/%Y: 03/03/2024
AUD-00590,audits,mixed_date_format:closed_date,used format %d/%m/%Y: 17/02/2026
AUD-00594,audits,mixed_date_format:inspection_date,used format %d-%b-%Y: 19-Sep-2025
AUD-00607,audits,mixed_date_format:inspection_date,used format %Y-%m-%dT%H:%M:%SZ: 2026-03-31T00:00:00Z
AUD-00625,audits,mixed_date_format:inspection_date,used format %d-%b-%Y: 07-Nov-2025
AUD-00627,audits,out_of_range:compliance_score,104.6
AUD-00628,audits,mixed_date_format:closed_date,used format %d/%m/%Y: 07/05/2024
AUD-00631,audits,mixed_date_format:inspection_date,used format %m/%d/%Y: 11/03/2025
AUD-00632,audits,mixed_date_format:inspection_date,used format %m/%d/%Y: 03/19/2025
AUD-00635,audits,out_of_range:compliance_score,112.9
AUD-00641,audits,mixed_date_format:inspection_date,used format %Y-%m-%dT%H:%M:%SZ: 2024-12-20T00:00:00Z
AUD-00644,audits,mixed_date_format:closed_date,used format %m/%d/%Y: 05/31/2026
AUD-00646,audits,mixed_date_format:inspection_date,used format %Y-%m-%dT%H:%M:%SZ: 2026-07-10T00:00:00Z
AUD-00649,audits,mixed_date_format:closed_date,used format %d-%b-%Y: 01-Mar-2024
AUD-00652,audits,mixed_date_format:inspection_date,used format %d-%b-%Y: 13-Sep-2025
AUD-00655,audits,mixed_date_format:closed_date,used format %d-%b-%Y: 12-Jun-2025
AUD-00660,audits,mixed_date_format:inspection_date,used format %m/%d/%Y: 08/05/2024
AUD-00661,audits,mixed_date_format:inspection_date,used format %d-%b-%Y: 03-Dec-2024
AUD-00661,audits,future_date:inspection_date,2026-08-23
AUD-00669,audits,mixed_date_format:inspection_date,used format %d-%b-%Y: 05-Apr-2026
AUD-00673,audits,mixed_date_format:inspection_date,used format %Y-%m-%dT%H:%M:%SZ: 2025-11-12T00:00:00Z
AUD-00675,audits,mixed_date_format:closed_date,used format %Y-%m-%dT%H:%M:%SZ: 2025-10-12T00:00:00Z
AUD-00677,audits,mixed_date_format:closed_date,used format %Y-%m-%dT%H:%M:%SZ: 2025-09-14T00:00:00Z
AUD-00681,audits,closed_before_inspection,closed=2026-03-24 < inspection=2026-03-31
AUD-00693,audits,mixed_date_format:inspection_date,used format %Y-%m-%dT%H:%M:%SZ: 2026-03-15T00:00:00Z
AUD-00701,audits,mixed_date_format:inspection_date,used format %Y-%m-%dT%H:%M:%SZ: 2025-12-19T00:00:00Z
AUD-00705,audits,mixed_date_format:inspection_date,used format %m/%d/%Y: 09/15/2024
AUD-00711,audits,mixed_date_format:inspection_date,used format %m/%d/%Y: 04/30/2024
AUD-00717,audits,mixed_date_format:inspection_date,used format %d-%b-%Y: 04-Dec-2025
AUD-00718,audits,mixed_date_format:inspection_date,used format %m/%d/%Y: 03/30/2026
AUD-00719,audits,closed_before_inspection,closed=2026-01-31 < inspection=2026-02-16
AUD-00721,audits,mixed_date_format:inspection_date,used format %m/%d/%Y: 05/15/2026
AUD-00724,audits,mixed_date_format:inspection_date,used format %m/%d/%Y: 05/03/2025
AUD-00724,audits,future_date:inspection_date,2026-08-21
AUD-00730,audits,mixed_date_format:closed_date,used format %d/%m/%Y: 09/01/2025
AUD-00751,audits,mixed_date_format:inspection_date,used format %d-%b-%Y: 01-Sep-2025
AUD-00754,audits,mixed_date_format:closed_date,used format %d-%b-%Y: 18-May-2024
AUD-00761,audits,mixed_date_format:inspection_date,used format %m/%d/%Y: 10/05/2025
AUD-00763,audits,mixed_date_format:closed_date,used format %m/%d/%Y: 05/26/2025
AUD-00765,audits,mixed_date_format:inspection_date,used format %Y-%m-%dT%H:%M:%SZ: 2026-01-14T00:00:00Z
AUD-00767,audits,mixed_date_format:inspection_date,used format %d-%b-%Y: 30-Mar-2024
AUD-00768,audits,mixed_date_format:inspection_date,used format %m/%d/%Y: 11/30/2025
AUD-00770,audits,mixed_date_format:inspection_date,used format %Y-%m-%dT%H:%M:%SZ: 2026-06-23T00:00:00Z
AUD-00770,audits,mixed_date_format:closed_date,used format %d-%b-%Y: 13-Jul-2026
AUD-00773,audits,mixed_date_format:closed_date,used format %m/%d/%Y: 07/14/2025
AUD-00774,audits,mixed_date_format:inspection_date,used format %d/%m/%Y: 24/07/2025
AUD-00775,audits,mixed_date_format:closed_date,used format %m/%d/%Y: 11/29/2025
AUD-00776,audits,mixed_date_format:inspection_date,used format %d-%b-%Y: 24-Feb-2025
AUD-00776,audits,mixed_date_format:closed_date,used format %d/%m/%Y: 03/03/2025
AUD-00777,audits,mixed_date_format:inspection_date,used format %Y-%m-%dT%H:%M:%SZ: 2024-02-03T00:00:00Z
AUD-00781,audits,mixed_date_format:closed_date,used format %d-%b-%Y: 18-Jun-2024
AUD-00785,audits,mixed_date_format:closed_date,used format %Y-%m-%dT%H:%M:%SZ: 2025-12-10T00:00:00Z
AUD-00787,audits,mixed_date_format:closed_date,used format %Y-%m-%dT%H:%M:%SZ: 2025-07-26T00:00:00Z
AUD-00789,audits,mixed_date_format:inspection_date,used format %d-%b-%Y: 19-Dec-2024
AUD-00789,audits,out_of_range:compliance_score,-3.2
AUD-00793,audits,mixed_date_format:closed_date,used format %d-%b-%Y: 18-Feb-2026
AUD-00794,audits,mixed_date_format:inspection_date,used format %m/%d/%Y: 04/24/2024
AUD-00799,audits,mixed_date_format:closed_date,used format %Y-%m-%dT%H:%M:%SZ: 2024-12-26T00:00:00Z
AUD-00806,audits,mixed_date_format:inspection_date,used format %d/%m/%Y: 08/04/2024
AUD-00806,audits,mixed_date_format:closed_date,used format %d-%b-%Y: 17-Apr-2024
AUD-00807,audits,closed_before_inspection,closed=2025-01-05 < inspection=2025-01-25
AUD-00809,audits,mixed_date_format:inspection_date,used format %d/%m/%Y: 02/07/2025
AUD-00817,audits,mixed_date_format:closed_date,used format %d/%m/%Y: 02/02/2025
AUD-00818,audits,mixed_date_format:inspection_date,used format %d-%b-%Y: 30-Nov-2025
AUD-00819,audits,mixed_date_format:closed_date,used format %d-%b-%Y: 24-Jan-2026
AUD-00820,audits,mixed_date_format:inspection_date,used format %m/%d/%Y: 01/07/2026
AUD-00820,audits,mixed_date_format:closed_date,used format %m/%d/%Y: 01/19/2026
AUD-00824,audits,mixed_date_format:closed_date,used format %d/%m/%Y: 03/03/2024
AUD-00843,audits,mixed_date_format:inspection_date,used format %Y-%m-%dT%H:%M:%SZ: 2024-07-11T00:00:00Z
AUD-00850,audits,mixed_date_format:closed_date,used format %d-%b-%Y: 10-Aug-2026
AUD-00852,audits,mixed_date_format:closed_date,used format %d/%m/%Y: 29/10/2024
AUD-00858,audits,mixed_date_format:closed_date,used format %d-%b-%Y: 27-Dec-2024
AUD-00860,audits,out_of_range:compliance_score,104.1
AUD-00863,audits,mixed_date_format:inspection_date,used format %m/%d/%Y: 06/28/2024
AUD-00867,audits,mixed_date_format:inspection_date,used format %m/%d/%Y: 06/30/2025
AUD-00869,audits,mixed_date_format:inspection_date,used format %d/%m/%Y: 11/11/2025
AUD-00875,audits,mixed_date_format:closed_date,used format %Y-%m-%dT%H:%M:%SZ: 2025-09-08T00:00:00Z
AUD-00877,audits,mixed_date_format:inspection_date,used format %m/%d/%Y: 06/18/2024
AUD-00880,audits,mixed_date_format:inspection_date,used format %d-%b-%Y: 05-Sep-2024
AUD-00891,audits,mixed_date_format:inspection_date,used format %m/%d/%Y: 03/06/2026
AUD-00891,audits,mixed_date_format:closed_date,used format %m/%d/%Y: 04/03/2026
AUD-00895,audits,mixed_date_format:inspection_date,used format %d/%m/%Y: 09/09/2025
AUD-00909,audits,mixed_date_format:inspection_date,used format %Y-%m-%dT%H:%M:%SZ: 2024-02-10T00:00:00Z
AUD-00913,audits,mixed_date_format:inspection_date,used format %d-%b-%Y: 11-Jul-2024
AUD-00918,audits,mixed_date_format:inspection_date,used format %Y-%m-%dT%H:%M:%SZ: 2026-06-11T00:00:00Z
AUD-00928,audits,mixed_date_format:closed_date,used format %d-%b-%Y: 08-Feb-2025
AUD-00932,audits,mixed_date_format:inspection_date,used format %Y-%m-%dT%H:%M:%SZ: 2025-07-17T00:00:00Z
AUD-00934,audits,out_of_range:compliance_score,112.1
AUD-00936,audits,mixed_date_format:inspection_date,used format %d-%b-%Y: 02-Jan-2025
AUD-00940,audits,mixed_date_format:closed_date,used format %m/%d/%Y: 04/05/2026
AUD-00950,audits,mixed_date_format:closed_date,used format %Y-%m-%dT%H:%M:%SZ: 2024-09-24T00:00:00Z
AUD-00950,audits,out_of_range:compliance_score,112.7
AUD-00955,audits,mixed_date_format:closed_date,used format %m/%d/%Y: 04/19/2025
AUD-00958,audits,mixed_date_format:inspection_date,used format %d/%m/%Y: 04/07/2024
AUD-00966,audits,closed_before_inspection,closed=2025-02-20 < inspection=2025-03-16
AUD-00967,audits,mixed_date_format:closed_date,used format %d/%m/%Y: 10/05/2025
AUD-00971,audits,mixed_date_format:inspection_date,used format %d-%b-%Y: 01-May-2026
AUD-00972,audits,mixed_date_format:closed_date,used format %Y-%m-%dT%H:%M:%SZ: 2025-02-27T00:00:00Z
AUD-00973,audits,mixed_date_format:closed_date,used format %d-%b-%Y: 15-Oct-2025
AUD-00974,audits,mixed_date_format:inspection_date,used format %d/%m/%Y: 07/03/2024
AUD-00974,audits,mixed_date_format:closed_date,used format %d-%b-%Y: 18-Mar-2024
AUD-00974,audits,out_of_range:compliance_score,112.9
AUD-00975,audits,mixed_date_format:closed_date,used format %m/%d/%Y: 08/26/2024
AUD-00984,audits,mixed_date_format:inspection_date,used format %m/%d/%Y: 08/04/2025
AUD-00985,audits,mixed_date_format:inspection_date,used format %d-%b-%Y: 12-Apr-2025
AUD-00986,audits,mixed_date_format:inspection_date,used format %Y-%m-%dT%H:%M:%SZ: 2025-04-05T00:00:00Z
AUD-00991,audits,mixed_date_format:closed_date,used format %m/%d/%Y: 02/07/2025
AUD-00998,audits,mixed_date_format:inspection_date,used format %m/%d/%Y: 02/01/2026
AUD-01000,audits,mixed_date_format:closed_date,used format %d/%m/%Y: 03/04/2025
AUD-01006,audits,mixed_date_format:inspection_date,used format %m/%d/%Y: 03/25/2026
AUD-01016,audits,mixed_date_format:inspection_date,used format %Y-%m-%dT%H:%M:%SZ: 2025-06-27T00:00:00Z
AUD-01025,audits,mixed_date_format:inspection_date,used format %Y-%m-%dT%H:%M:%SZ: 2024-12-11T00:00:00Z
AUD-01027,audits,mixed_date_format:inspection_date,used format %d-%b-%Y: 24-Feb-2025
AUD-01027,audits,mixed_date_format:closed_date,used format %d/%m/%Y: 14/05/2025
AUD-01031,audits,mixed_date_format:inspection_date,used format %m/%d/%Y: 12/23/2024
AUD-01033,audits,mixed_date_format:closed_date,used format %d/%m/%Y: 19/05/2025
AUD-01035,audits,mixed_date_format:inspection_date,used format %d/%m/%Y: 15/08/2025
AUD-01037,audits,out_of_range:compliance_score,150.4
AUD-01040,audits,mixed_date_format:inspection_date,used format %Y-%m-%dT%H:%M:%SZ: 2025-08-24T00:00:00Z
AUD-01040,audits,mixed_date_format:closed_date,used format %Y-%m-%dT%H:%M:%SZ: 2025-08-29T00:00:00Z
AUD-01045,audits,mixed_date_format:inspection_date,used format %Y-%m-%dT%H:%M:%SZ: 2025-12-28T00:00:00Z
AUD-01049,audits,mixed_date_format:closed_date,used format %d/%m/%Y: 28/04/2025
AUD-01050,audits,mixed_date_format:inspection_date,used format %Y-%m-%dT%H:%M:%SZ: 2026-06-05T00:00:00Z
AUD-01059,audits,mixed_date_format:closed_date,used format %m/%d/%Y: 04/15/2025
AUD-01060,audits,mixed_date_format:inspection_date,used format %Y-%m-%dT%H:%M:%SZ: 2024-11-07T00:00:00Z
AUD-01061,audits,mixed_date_format:closed_date,used format %d-%b-%Y: 19-Jun-2025
AUD-01065,audits,mixed_date_format:inspection_date,used format %d-%b-%Y: 30-Jun-2026
AUD-01070,audits,mixed_date_format:closed_date,used format %m/%d/%Y: 05/29/2026
AUD-01073,audits,future_date:inspection_date,2026-08-10
AUD-01074,audits,mixed_date_format:closed_date,used format %d-%b-%Y: 28-Oct-2025
AUD-01080,audits,mixed_date_format:inspection_date,used format %m/%d/%Y: 04/21/2026
AUD-01081,audits,mixed_date_format:closed_date,used format %Y-%m-%dT%H:%M:%SZ: 2025-07-10T00:00:00Z
AUD-01085,audits,mixed_date_format:inspection_date,used format %m/%d/%Y: 03/15/2024
AUD-01089,audits,mixed_date_format:inspection_date,used format %d-%b-%Y: 13-May-2024
AUD-01095,audits,mixed_date_format:inspection_date,used format %Y-%m-%dT%H:%M:%SZ: 2024-02-25T00:00:00Z
AUD-01096,audits,mixed_date_format:closed_date,used format %d/%m/%Y: 06/07/2024
AUD-01097,audits,mixed_date_format:closed_date,used format %Y-%m-%dT%H:%M:%SZ: 2026-07-11T00:00:00Z
AUD-01098,audits,mixed_date_format:inspection_date,used format %d-%b-%Y: 18-Apr-2026
AUD-01100,audits,mixed_date_format:inspection_date,used format %Y-%m-%dT%H:%M:%SZ: 2025-07-13T00:00:00Z
AUD-01101,audits,mixed_date_format:inspection_date,used format %Y-%m-%dT%H:%M:%SZ: 2025-09-13T00:00:00Z
AUD-01106,audits,future_date:inspection_date,2026-09-19
AUD-01108,audits,mixed_date_format:inspection_date,used format %d/%m/%Y: 20/09/2025
AUD-01113,audits,mixed_date_format:closed_date,used format %d/%m/%Y: 01/08/2026
AUD-01117,audits,mixed_date_format:inspection_date,used format %Y-%m-%dT%H:%M:%SZ: 2024-05-19T00:00:00Z
AUD-01122,audits,mixed_date_format:closed_date,used format %d/%m/%Y: 22/11/2025
AUD-01124,audits,mixed_date_format:inspection_date,used format %d-%b-%Y: 09-May-2026
AUD-01125,audits,mixed_date_format:inspection_date,used format %Y-%m-%dT%H:%M:%SZ: 2024-08-23T00:00:00Z
AUD-01126,audits,mixed_date_format:inspection_date,used format %d-%b-%Y: 13-Sep-2024
AUD-01128,audits,mixed_date_format:inspection_date,used format %d/%m/%Y: 03/05/2024
AUD-01134,audits,mixed_date_format:inspection_date,used format %d-%b-%Y: 06-Jun-2024
AUD-01138,audits,mixed_date_format:inspection_date,used format %d-%b-%Y: 14-May-2025
AUD-01146,audits,mixed_date_format:closed_date,used format %d-%b-%Y: 15-Mar-2024
AUD-01148,audits,mixed_date_format:inspection_date,used format %Y-%m-%dT%H:%M:%SZ: 2026-02-16T00:00:00Z
AUD-01149,audits,mixed_date_format:closed_date,used format %Y-%m-%dT%H:%M:%SZ: 2025-09-02T00:00:00Z
AUD-01150,audits,mixed_date_format:inspection_date,used format %Y-%m-%dT%H:%M:%SZ: 2025-10-24T00:00:00Z
AUD-01151,audits,mixed_date_format:inspection_date,used format %d/%m/%Y: 27/02/2025
AUD-01153,audits,mixed_date_format:inspection_date,used format %Y-%m-%dT%H:%M:%SZ: 2026-03-16T00:00:00Z
AUD-01155,audits,mixed_date_format:inspection_date,used format %d-%b-%Y: 29-Jan-2025
AUD-01160,audits,mixed_date_format:inspection_date,used format %d/%m/%Y: 22/07/2024
AUD-01163,audits,out_of_range:compliance_score,112.7
AUD-01164,audits,mixed_date_format:inspection_date,used format %d/%m/%Y: 22/05/2025
AUD-01165,audits,mixed_date_format:inspection_date,used format %Y-%m-%dT%H:%M:%SZ: 2026-01-18T00:00:00Z
AUD-01169,audits,mixed_date_format:inspection_date,used format %d/%m/%Y: 27/02/2024
AUD-01172,audits,mixed_date_format:inspection_date,used format %Y-%m-%dT%H:%M:%SZ: 2026-06-20T00:00:00Z
AUD-01175,audits,closed_before_inspection,closed=2025-04-16 < inspection=2025-05-10
AUD-01181,audits,mixed_date_format:inspection_date,used format %d/%m/%Y: 01/02/2025
AUD-01182,audits,mixed_date_format:inspection_date,used format %d-%b-%Y: 25-Jan-2026
AUD-01186,audits,mixed_date_format:closed_date,used format %m/%d/%Y: 03/26/2026
AUD-01187,audits,mixed_date_format:inspection_date,used format %Y-%m-%dT%H:%M:%SZ: 2025-06-13T00:00:00Z
AUD-01190,audits,mixed_date_format:inspection_date,used format %m/%d/%Y: 11/20/2024
AUD-01192,audits,mixed_date_format:inspection_date,used format %d-%b-%Y: 30-Mar-2024
AUD-01197,audits,out_of_range:compliance_score,-7.7
AUD-01208,audits,mixed_date_format:inspection_date,used format %m/%d/%Y: 02/10/2024
AUD-01208,audits,mixed_date_format:closed_date,used format %m/%d/%Y: 03/07/2024
AUD-01211,audits,mixed_date_format:inspection_date,used format %d-%b-%Y: 20-Jan-2026
AUD-01215,audits,mixed_date_format:inspection_date,used format %d/%m/%Y: 30/09/2024
AUD-01216,audits,mixed_date_format:closed_date,used format %m/%d/%Y: 01/03/2025
AUD-01219,audits,mixed_date_format:inspection_date,used format %Y-%m-%dT%H:%M:%SZ: 2025-03-23T00:00:00Z
AUD-01221,audits,mixed_date_format:inspection_date,used format %d/%m/%Y: 20/02/2026
AUD-01226,audits,out_of_range:compliance_score,104.6
AUD-01228,audits,mixed_date_format:inspection_date,used format %Y-%m-%dT%H:%M:%SZ: 2025-05-23T00:00:00Z
AUD-01230,audits,mixed_date_format:inspection_date,used format %d-%b-%Y: 03-Jul-2024
AUD-01233,audits,mixed_date_format:closed_date,used format %d-%b-%Y: 07-Jul-2025
AUD-01237,audits,mixed_date_format:inspection_date,used format %d-%b-%Y: 02-Apr-2026
AUD-01238,audits,mixed_date_format:inspection_date,used format %Y-%m-%dT%H:%M:%SZ: 2025-06-15T00:00:00Z
AUD-01239,audits,mixed_date_format:inspection_date,used format %m/%d/%Y: 01/15/2025
AUD-01242,audits,mixed_date_format:closed_date,used format %d/%m/%Y: 17/07/2024
AUD-01245,audits,mixed_date_format:inspection_date,used format %Y-%m-%dT%H:%M:%SZ: 2025-11-07T00:00:00Z
AUD-01248,audits,mixed_date_format:closed_date,used format %m/%d/%Y: 10/27/2025
AUD-01260,audits,mixed_date_format:closed_date,used format %d-%b-%Y: 13-Apr-2025
AUD-01261,audits,mixed_date_format:inspection_date,used format %Y-%m-%dT%H:%M:%SZ: 2026-01-11T00:00:00Z
AUD-01263,audits,mixed_date_format:inspection_date,used format %d-%b-%Y: 05-Feb-2024
AUD-01267,audits,mixed_date_format:inspection_date,used format %d-%b-%Y: 13-Feb-2025
AUD-01272,audits,mixed_date_format:inspection_date,used format %Y-%m-%dT%H:%M:%SZ: 2024-08-27T00:00:00Z
AUD-01284,audits,mixed_date_format:inspection_date,used format %d-%b-%Y: 19-May-2024
AUD-01286,audits,mixed_date_format:inspection_date,used format %d-%b-%Y: 25-Apr-2026
AUD-01287,audits,mixed_date_format:inspection_date,used format %m/%d/%Y: 11/06/2024
AUD-01289,audits,mixed_date_format:inspection_date,used format %m/%d/%Y: 06/01/2025
AUD-01291,audits,mixed_date_format:closed_date,used format %Y-%m-%dT%H:%M:%SZ: 2025-01-29T00:00:00Z
AUD-01292,audits,mixed_date_format:inspection_date,used format %d/%m/%Y: 19/05/2026
AUD-01295,audits,mixed_date_format:inspection_date,used format %d/%m/%Y: 07/04/2024
AUD-01296,audits,mixed_date_format:closed_date,used format %m/%d/%Y: 10/30/2025
AUD-01298,audits,mixed_date_format:closed_date,used format %Y-%m-%dT%H:%M:%SZ: 2025-12-10T00:00:00Z
AUD-01307,audits,mixed_date_format:closed_date,used format %d-%b-%Y: 29-Jul-2025
AUD-01308,audits,mixed_date_format:closed_date,used format %d-%b-%Y: 16-Aug-2025
AUD-01308,audits,closed_before_inspection,closed=2025-08-03 < inspection=2025-08-04
AUD-01313,audits,mixed_date_format:closed_date,used format %m/%d/%Y: 05/22/2025
AUD-01318,audits,mixed_date_format:inspection_date,used format %Y-%m-%dT%H:%M:%SZ: 2026-03-31T00:00:00Z
AUD-01324,audits,mixed_date_format:inspection_date,used format %Y-%m-%dT%H:%M:%SZ: 2025-01-17T00:00:00Z
AUD-01327,audits,mixed_date_format:closed_date,used format %m/%d/%Y: 12/09/2025
AUD-01332,audits,mixed_date_format:closed_date,used format %d/%m/%Y: 29/10/2024
AUD-01336,audits,future_date:inspection_date,2026-09-12
AUD-01338,audits,mixed_date_format:inspection_date,used format %d-%b-%Y: 16-Nov-2025
AUD-01340,audits,mixed_date_format:inspection_date,used format %Y-%m-%dT%H:%M:%SZ: 2025-06-12T00:00:00Z
AUD-01351,audits,mixed_date_format:closed_date,used format %d-%b-%Y: 02-May-2026
AUD-01352,audits,mixed_date_format:closed_date,used format %d-%b-%Y: 11-Jun-2026
AUD-01352,audits,closed_before_inspection,closed=2026-04-24 < inspection=2026-05-15
AUD-01357,audits,mixed_date_format:closed_date,used format %d-%b-%Y: 04-Jul-2026
AUD-01359,audits,mixed_date_format:inspection_date,used format %m/%d/%Y: 07/27/2024
AUD-01362,audits,mixed_date_format:inspection_date,used format %m/%d/%Y: 07/16/2024
AUD-01363,audits,mixed_date_format:inspection_date,used format %m/%d/%Y: 07/23/2024
AUD-01364,audits,mixed_date_format:inspection_date,used format %Y-%m-%dT%H:%M:%SZ: 2024-11-14T00:00:00Z
AUD-01368,audits,mixed_date_format:closed_date,used format %d-%b-%Y: 13-Sep-2025
AUD-01371,audits,mixed_date_format:inspection_date,used format %Y-%m-%dT%H:%M:%SZ: 2025-06-21T00:00:00Z
AUD-01375,audits,out_of_range:compliance_score,-7.4
AUD-01379,audits,mixed_date_format:inspection_date,used format %d-%b-%Y: 01-Apr-2026
AUD-01383,audits,mixed_date_format:inspection_date,used format %Y-%m-%dT%H:%M:%SZ: 2025-09-01T00:00:00Z
AUD-01387,audits,out_of_range:compliance_score,150.6
AUD-01391,audits,mixed_date_format:inspection_date,used format %d-%b-%Y: 06-Mar-2026
AUD-01397,audits,mixed_date_format:inspection_date,used format %d-%b-%Y: 31-Dec-2024
AUD-01398,audits,mixed_date_format:closed_date,used format %d/%m/%Y: 14/11/2025
AUD-01399,audits,mixed_date_format:inspection_date,used format %d-%b-%Y: 09-Sep-2025
AUD-01400,audits,mixed_date_format:closed_date,used format %m/%d/%Y: 10/11/2025
AUD-01404,audits,out_of_range:compliance_score,112.6
AUD-01406,audits,mixed_date_format:inspection_date,used format %d/%m/%Y: 15/08/2024
AUD-01407,audits,mixed_date_format:inspection_date,used format %d/%m/%Y: 20/10/2025
AUD-01412,audits,mixed_date_format:inspection_date,used format %Y-%m-%dT%H:%M:%SZ: 2024-02-24T00:00:00Z
AUD-01415,audits,mixed_date_format:inspection_date,used format %Y-%m-%dT%H:%M:%SZ: 2026-03-10T00:00:00Z
AUD-01416,audits,mixed_date_format:inspection_date,used format %d/%m/%Y: 06/11/2024
AUD-01422,audits,future_date:inspection_date,2026-09-09
AUD-01423,audits,mixed_date_format:inspection_date,used format %d-%b-%Y: 26-Apr-2025
AUD-01427,audits,mixed_date_format:closed_date,used format %Y-%m-%dT%H:%M:%SZ: 2024-08-18T00:00:00Z
AUD-01429,audits,mixed_date_format:closed_date,used format %d/%m/%Y: 22/03/2025
AUD-01434,audits,mixed_date_format:inspection_date,used format %d-%b-%Y: 14-Apr-2026
AUD-01435,audits,mixed_date_format:inspection_date,used format %d-%b-%Y: 29-May-2026
AUD-01435,audits,mixed_date_format:closed_date,used format %Y-%m-%dT%H:%M:%SZ: 2026-06-22T00:00:00Z
AUD-01438,audits,mixed_date_format:inspection_date,used format %d/%m/%Y: 27/02/2026
AUD-01440,audits,mixed_date_format:closed_date,used format %d/%m/%Y: 06/09/2025
AUD-01454,audits,mixed_date_format:inspection_date,used format %d/%m/%Y: 25/05/2025
AUD-01454,audits,mixed_date_format:closed_date,used format %d/%m/%Y: 01/06/2025
AUD-01458,audits,mixed_date_format:closed_date,used format %m/%d/%Y: 10/13/2025
AUD-01459,audits,mixed_date_format:closed_date,used format %m/%d/%Y: 07/22/2025
AUD-01468,audits,mixed_date_format:inspection_date,used format %d-%b-%Y: 17-Apr-2025
AUD-01476,audits,mixed_date_format:closed_date,used format %d/%m/%Y: 15/06/2026
AUD-01479,audits,out_of_range:compliance_score,104.2
AUD-01481,audits,mixed_date_format:closed_date,used format %d/%m/%Y: 27/01/2026
AUD-01485,audits,mixed_date_format:closed_date,used format %m/%d/%Y: 04/17/2026
AUD-01486,audits,out_of_range:compliance_score,-2.6
AUD-01490,audits,mixed_date_format:closed_date,used format %Y-%m-%dT%H:%M:%SZ: 2024-03-01T00:00:00Z
AUD-01494,audits,mixed_date_format:inspection_date,used format %m/%d/%Y: 05/13/2026
AUD-01497,audits,mixed_date_format:inspection_date,used format %d/%m/%Y: 01/04/2025
AUD-01497,audits,mixed_date_format:closed_date,used format %d/%m/%Y: 28/04/2025
AUD-01498,audits,mixed_date_format:inspection_date,used format %d-%b-%Y: 02-Sep-2024
AUD-01504,audits,mixed_date_format:inspection_date,used format %d/%m/%Y: 11/01/2025
AUD-01506,audits,mixed_date_format:inspection_date,used format %m/%d/%Y: 02/07/2026
AUD-01507,audits,mixed_date_format:inspection_date,used format %m/%d/%Y: 10/31/2024
AUD-01508,audits,mixed_date_format:inspection_date,used format %d/%m/%Y: 12/05/2026
AUD-01509,audits,mixed_date_format:closed_date,used format %d/%m/%Y: 06/09/2024
AUD-01510,audits,mixed_date_format:closed_date,used format %d-%b-%Y: 11-May-2024
AUD-01512,audits,mixed_date_format:inspection_date,used format %d-%b-%Y: 23-Nov-2025
AUD-01515,audits,closed_before_inspection,closed=2026-06-16 < inspection=2026-07-08
AUD-01520,audits,mixed_date_format:closed_date,used format %Y-%m-%dT%H:%M:%SZ: 2025-01-22T00:00:00Z
AUD-01529,audits,mixed_date_format:inspection_date,used format %d-%b-%Y: 06-Apr-2025
AUD-01529,audits,mixed_date_format:closed_date,used format %m/%d/%Y: 04/21/2025
AUD-01531,audits,mixed_date_format:inspection_date,used format %Y-%m-%dT%H:%M:%SZ: 2026-07-21T00:00:00Z
AUD-01535,audits,mixed_date_format:inspection_date,used format %d-%b-%Y: 31-May-2025
AUD-01539,audits,mixed_date_format:inspection_date,used format %d/%m/%Y: 20/06/2024
AUD-01540,audits,mixed_date_format:closed_date,used format %d-%b-%Y: 08-Jan-2025
AUD-01542,audits,mixed_date_format:closed_date,used format %d/%m/%Y: 26/01/2025
AUD-01546,audits,mixed_date_format:closed_date,used format %d/%m/%Y: 22/06/2025
AUD-01547,audits,mixed_date_format:closed_date,used format %Y-%m-%dT%H:%M:%SZ: 2025-12-02T00:00:00Z
AUD-01549,audits,mixed_date_format:inspection_date,used format %d/%m/%Y: 12/12/2025
AUD-01549,audits,mixed_date_format:closed_date,used format %d-%b-%Y: 11-Jan-2026
AUD-01551,audits,mixed_date_format:inspection_date,used format %Y-%m-%dT%H:%M:%SZ: 2026-06-10T00:00:00Z
AUD-01555,audits,mixed_date_format:inspection_date,used format %m/%d/%Y: 03/13/2026
AUD-01566,audits,mixed_date_format:inspection_date,used format %m/%d/%Y: 04/01/2026
AUD-01575,audits,mixed_date_format:inspection_date,used format %d-%b-%Y: 21-Jun-2024
AUD-01577,audits,future_date:inspection_date,2026-09-20
AUD-01578,audits,mixed_date_format:inspection_date,used format %d-%b-%Y: 06-Jul-2026
AUD-01580,audits,future_date:inspection_date,2026-09-07
AUD-01581,audits,mixed_date_format:inspection_date,used format %m/%d/%Y: 06/14/2026
AUD-01582,audits,mixed_date_format:inspection_date,used format %d-%b-%Y: 06-Jan-2026
AUD-01584,audits,mixed_date_format:closed_date,used format %Y-%m-%dT%H:%M:%SZ: 2025-06-02T00:00:00Z
AUD-01587,audits,out_of_range:compliance_score,150.6
AUD-01589,audits,mixed_date_format:inspection_date,used format %d/%m/%Y: 12/01/2025
AUD-01590,audits,mixed_date_format:closed_date,used format %Y-%m-%dT%H:%M:%SZ: 2025-04-08T00:00:00Z
AUD-01593,audits,mixed_date_format:inspection_date,used format %d/%m/%Y: 21/07/2026
AUD-01595,audits,out_of_range:compliance_score,104.8
AUD-01599,audits,out_of_range:compliance_score,112.6
AUD-01603,audits,mixed_date_format:inspection_date,used format %d/%m/%Y: 15/06/2025
AUD-01605,audits,mixed_date_format:inspection_date,used format %m/%d/%Y: 10/13/2025
AUD-01607,audits,mixed_date_format:inspection_date,used format %m/%d/%Y: 03/06/2026
AUD-01609,audits,mixed_date_format:inspection_date,used format %d/%m/%Y: 07/07/2026
AUD-01609,audits,mixed_date_format:closed_date,used format %m/%d/%Y: 07/12/2026
AUD-01619,audits,mixed_date_format:inspection_date,used format %d/%m/%Y: 24/03/2026
AUD-01622,audits,mixed_date_format:closed_date,used format %Y-%m-%dT%H:%M:%SZ: 2024-02-28T00:00:00Z
AUD-01624,audits,mixed_date_format:inspection_date,used format %d-%b-%Y: 22-Nov-2024
AUD-01624,audits,mixed_date_format:closed_date,used format %m/%d/%Y: 12/16/2024
AUD-01628,audits,mixed_date_format:closed_date,used format %d-%b-%Y: 29-Mar-2026
AUD-01629,audits,mixed_date_format:inspection_date,used format %m/%d/%Y: 04/10/2025
AUD-01632,audits,mixed_date_format:inspection_date,used format %m/%d/%Y: 06/05/2026
AUD-01635,audits,out_of_range:compliance_score,-2.7
AUD-01639,audits,mixed_date_format:inspection_date,used format %d-%b-%Y: 20-Jun-2025
AUD-01640,audits,mixed_date_format:inspection_date,used format %Y-%m-%dT%H:%M:%SZ: 2024-08-16T00:00:00Z
AUD-01641,audits,mixed_date_format:inspection_date,used format %d/%m/%Y: 11/11/2025
AUD-01642,audits,future_date:inspection_date,2026-08-01
AUD-01644,audits,mixed_date_format:inspection_date,used format %d/%m/%Y: 23/10/2024
AUD-01645,audits,mixed_date_format:inspection_date,used format %m/%d/%Y: 05/03/2026
AUD-01645,audits,mixed_date_format:closed_date,used format %Y-%m-%dT%H:%M:%SZ: 2026-05-08T00:00:00Z
AUD-01647,audits,mixed_date_format:closed_date,used format %d/%m/%Y: 05/09/2024
AUD-01650,audits,mixed_date_format:closed_date,used format %d/%m/%Y: 29/09/2025
AUD-01652,audits,out_of_range:compliance_score,104.2
AUD-01655,audits,mixed_date_format:closed_date,used format %d/%m/%Y: 31/05/2024
AUD-01655,audits,future_date:inspection_date,2026-08-09
AUD-01664,audits,mixed_date_format:closed_date,used format %m/%d/%Y: 03/09/2024
AUD-01670,audits,future_date:inspection_date,2026-08-25
AUD-01673,audits,mixed_date_format:inspection_date,used format %d/%m/%Y: 11/04/2025
AUD-01678,audits,mixed_date_format:inspection_date,used format %Y-%m-%dT%H:%M:%SZ: 2024-03-16T00:00:00Z
AUD-01683,audits,mixed_date_format:inspection_date,used format %d/%m/%Y: 07/01/2025
AUD-01684,audits,future_date:inspection_date,2026-07-26
AUD-01686,audits,mixed_date_format:inspection_date,used format %d/%m/%Y: 28/06/2024
AUD-01687,audits,mixed_date_format:inspection_date,used format %d/%m/%Y: 08/01/2026
AUD-01690,audits,mixed_date_format:inspection_date,used format %Y-%m-%dT%H:%M:%SZ: 2025-10-17T00:00:00Z
AUD-01691,audits,mixed_date_format:inspection_date,used format %m/%d/%Y: 11/14/2025
AUD-01696,audits,mixed_date_format:inspection_date,used format %d-%b-%Y: 23-Jun-2026
AUD-01697,audits,mixed_date_format:inspection_date,used format %d/%m/%Y: 09/02/2026
AUD-01706,audits,mixed_date_format:inspection_date,used format %d-%b-%Y: 14-Jun-2024
AUD-01706,audits,mixed_date_format:closed_date,used format %d/%m/%Y: 12/07/2024
AUD-01708,audits,mixed_date_format:closed_date,used format %d/%m/%Y: 19/02/2026
AUD-01723,audits,mixed_date_format:inspection_date,used format %d/%m/%Y: 25/02/2026
AUD-01724,audits,mixed_date_format:inspection_date,used format %Y-%m-%dT%H:%M:%SZ: 2025-06-08T00:00:00Z
AUD-01725,audits,mixed_date_format:inspection_date,used format %Y-%m-%dT%H:%M:%SZ: 2024-04-16T00:00:00Z
AUD-01727,audits,mixed_date_format:inspection_date,used format %m/%d/%Y: 09/03/2024
AUD-01730,audits,mixed_date_format:closed_date,used format %m/%d/%Y: 03/30/2026
AUD-01730,audits,out_of_range:compliance_score,104.3
AUD-01733,audits,mixed_date_format:inspection_date,used format %Y-%m-%dT%H:%M:%SZ: 2025-11-08T00:00:00Z
AUD-01735,audits,mixed_date_format:inspection_date,used format %d-%b-%Y: 07-Sep-2025
AUD-01736,audits,mixed_date_format:closed_date,used format %Y-%m-%dT%H:%M:%SZ: 2024-07-07T00:00:00Z
AUD-01737,audits,mixed_date_format:closed_date,used format %d/%m/%Y: 24/10/2025
AUD-01740,audits,mixed_date_format:closed_date,used format %d-%b-%Y: 21-Jun-2026
AUD-01747,audits,mixed_date_format:inspection_date,used format %Y-%m-%dT%H:%M:%SZ: 2026-02-16T00:00:00Z
AUD-01749,audits,mixed_date_format:inspection_date,used format %d/%m/%Y: 07/07/2025
AUD-01756,audits,mixed_date_format:inspection_date,used format %d-%b-%Y: 04-Jan-2026
AUD-01757,audits,out_of_range:compliance_score,-7.2
AUD-01760,audits,mixed_date_format:inspection_date,used format %d/%m/%Y: 20/05/2026
AUD-01763,audits,mixed_date_format:closed_date,used format %d-%b-%Y: 02-Aug-2025
AUD-01764,audits,mixed_date_format:inspection_date,used format %m/%d/%Y: 07/18/2025
AUD-01766,audits,mixed_date_format:inspection_date,used format %m/%d/%Y: 08/09/2025
AUD-01767,audits,mixed_date_format:inspection_date,used format %Y-%m-%dT%H:%M:%SZ: 2025-01-15T00:00:00Z
AUD-01769,audits,mixed_date_format:inspection_date,used format %m/%d/%Y: 03/11/2026
AUD-01775,audits,mixed_date_format:inspection_date,used format %d-%b-%Y: 18-Jun-2025
AUD-01781,audits,mixed_date_format:inspection_date,used format %m/%d/%Y: 03/01/2026
AUD-01792,audits,mixed_date_format:inspection_date,used format %m/%d/%Y: 07/03/2025
AUD-01800,audits,mixed_date_format:closed_date,used format %d-%b-%Y: 16-Jul-2025
AUD-01801,audits,mixed_date_format:inspection_date,used format %d/%m/%Y: 12/05/2026
AUD-01809,audits,mixed_date_format:inspection_date,used format %d/%m/%Y: 09/09/2024
AUD-01812,audits,mixed_date_format:closed_date,used format %d/%m/%Y: 03/03/2026
AUD-01812,audits,out_of_range:compliance_score,104.0
AUD-01815,audits,mixed_date_format:inspection_date,used format %d/%m/%Y: 13/02/2024
AUD-01833,audits,mixed_date_format:closed_date,used format %d-%b-%Y: 16-Oct-2024
AUD-01835,audits,mixed_date_format:closed_date,used format %m/%d/%Y: 03/28/2024
AUD-01841,audits,mixed_date_format:inspection_date,used format %Y-%m-%dT%H:%M:%SZ: 2026-04-24T00:00:00Z
AUD-01843,audits,mixed_date_format:inspection_date,used format %m/%d/%Y: 12/24/2025
AUD-01850,audits,mixed_date_format:inspection_date,used format %d/%m/%Y: 01/02/2025
AUD-01854,audits,mixed_date_format:inspection_date,used format %Y-%m-%dT%H:%M:%SZ: 2026-07-08T00:00:00Z
AUD-01854,audits,mixed_date_format:closed_date,used format %d-%b-%Y: 25-Jul-2026
AUD-01863,audits,mixed_date_format:inspection_date,used format %Y-%m-%dT%H:%M:%SZ: 2024-10-27T00:00:00Z
AUD-01864,audits,mixed_date_format:inspection_date,used format %d/%m/%Y: 11/05/2025
AUD-01865,audits,closed_before_inspection,closed=2025-06-24 < inspection=2025-07-13
AUD-01869,audits,mixed_date_format:inspection_date,used format %Y-%m-%dT%H:%M:%SZ: 2024-06-27T00:00:00Z
AUD-01870,audits,mixed_date_format:closed_date,used format %d/%m/%Y: 06/08/2024
AUD-01871,audits,mixed_date_format:inspection_date,used format %d/%m/%Y: 21/10/2025
AUD-01874,audits,mixed_date_format:closed_date,used format %m/%d/%Y: 11/18/2025
AUD-01877,audits,mixed_date_format:inspection_date,used format %d/%m/%Y: 25/01/2026
AUD-01880,audits,mixed_date_format:closed_date,used format %d/%m/%Y: 12/10/2025
AUD-01880,audits,out_of_range:compliance_score,112.9
AUD-01881,audits,out_of_range:compliance_score,-7.9
AUD-01883,audits,mixed_date_format:inspection_date,used format %d-%b-%Y: 02-Sep-2025
AUD-01885,audits,mixed_date_format:inspection_date,used format %m/%d/%Y: 08/24/2024
AUD-01887,audits,mixed_date_format:inspection_date,used format %m/%d/%Y: 12/14/2024
AUD-01889,audits,mixed_date_format:inspection_date,used format %d-%b-%Y: 23-May-2025
AUD-01890,audits,mixed_date_format:inspection_date,used format %m/%d/%Y: 09/13/2024
AUD-01893,audits,mixed_date_format:inspection_date,used format %m/%d/%Y: 04/16/2024
AUD-01894,audits,mixed_date_format:inspection_date,used format %d/%m/%Y: 17/03/2026
AUD-01896,audits,mixed_date_format:inspection_date,used format %Y-%m-%dT%H:%M:%SZ: 2024-10-04T00:00:00Z
AUD-01898,audits,mixed_date_format:inspection_date,used format %d/%m/%Y: 16/10/2025
AUD-01900,audits,mixed_date_format:inspection_date,used format %m/%d/%Y: 08/22/2025
AUD-01900,audits,mixed_date_format:closed_date,used format %m/%d/%Y: 09/16/2025
AUD-01901,audits,mixed_date_format:inspection_date,used format %d/%m/%Y: 21/06/2026
AUD-01904,audits,mixed_date_format:closed_date,used format %d/%m/%Y: 03/09/2024
AUD-01915,audits,closed_before_inspection,closed=2024-11-07 < inspection=2024-11-29
AUD-01919,audits,closed_before_inspection,closed=2026-04-23 < inspection=2026-05-03
AUD-01923,audits,mixed_date_format:inspection_date,used format %d-%b-%Y: 30-Oct-2024
AUD-01925,audits,mixed_date_format:inspection_date,used format %d/%m/%Y: 01/06/2025
AUD-01927,audits,mixed_date_format:inspection_date,used format %d-%b-%Y: 24-Feb-2026
AUD-01928,audits,mixed_date_format:closed_date,used format %d-%b-%Y: 06-Jul-2026
AUD-01930,audits,mixed_date_format:inspection_date,used format %d-%b-%Y: 14-Sep-2025
AUD-01939,audits,mixed_date_format:inspection_date,used format %d-%b-%Y: 29-Dec-2025
AUD-01948,audits,mixed_date_format:inspection_date,used format %d-%b-%Y: 02-Jul-2025
AUD-01952,audits,closed_before_inspection,closed=2025-10-16 < inspection=2025-10-24
AUD-01954,audits,mixed_date_format:inspection_date,used format %m/%d/%Y: 03/19/2024
AUD-01956,audits,mixed_date_format:inspection_date,used format %m/%d/%Y: 05/24/2025
AUD-01959,audits,mixed_date_format:inspection_date,used format %d/%m/%Y: 17/09/2024
AUD-01964,audits,mixed_date_format:closed_date,used format %d-%b-%Y: 06-Mar-2024
AUD-01967,audits,mixed_date_format:inspection_date,used format %d/%m/%Y: 20/05/2025
AUD-01968,audits,mixed_date_format:inspection_date,used format %m/%d/%Y: 11/12/2024
AUD-01972,audits,mixed_date_format:inspection_date,used format %d-%b-%Y: 28-Apr-2024
AUD-01973,audits,mixed_date_format:inspection_date,used format %Y-%m-%dT%H:%M:%SZ: 2024-03-22T00:00:00Z
AUD-01982,audits,mixed_date_format:closed_date,used format %Y-%m-%dT%H:%M:%SZ: 2024-09-25T00:00:00Z
AUD-01985,audits,mixed_date_format:closed_date,used format %d/%m/%Y: 12/09/2025
AUD-01996,audits,closed_before_inspection,closed=2024-08-29 < inspection=2024-09-21
AUD-01998,audits,closed_before_inspection,closed=2025-11-08 < inspection=2025-12-08
AUD-01999,audits,mixed_date_format:closed_date,used format %Y-%m-%dT%H:%M:%SZ: 2026-05-29T00:00:00Z
AUD-02000,audits,mixed_date_format:inspection_date,used format %Y-%m-%dT%H:%M:%SZ: 2025-07-22T00:00:00Z
AUD-02000,audits,mixed_date_format:closed_date,used format %d-%b-%Y: 21-Sep-2025
AUD-02004,audits,mixed_date_format:inspection_date,used format %d-%b-%Y: 28-Mar-2024
AUD-02009,audits,mixed_date_format:inspection_date,used format %d/%m/%Y: 17/04/2024
AUD-02013,audits,mixed_date_format:inspection_date,used format %d-%b-%Y: 30-Apr-2024
AUD-02013,audits,mixed_date_format:closed_date,used format %Y-%m-%dT%H:%M:%SZ: 2024-05-25T00:00:00Z
AUD-02021,audits,closed_before_inspection,closed=2025-11-06 < inspection=2025-12-03
AUD-02022,audits,mixed_date_format:inspection_date,used format %d-%b-%Y: 10-Jul-2024
AUD-02028,audits,mixed_date_format:inspection_date,used format %Y-%m-%dT%H:%M:%SZ: 2025-12-26T00:00:00Z
AUD-02033,audits,mixed_date_format:inspection_date,used format %Y-%m-%dT%H:%M:%SZ: 2024-10-25T00:00:00Z
AUD-02036,audits,mixed_date_format:closed_date,used format %d-%b-%Y: 31-Dec-2024
AUD-02037,audits,mixed_date_format:inspection_date,used format %m/%d/%Y: 01/29/2025
AUD-02042,audits,mixed_date_format:inspection_date,used format %m/%d/%Y: 04/11/2024
AUD-02044,audits,mixed_date_format:inspection_date,used format %Y-%m-%dT%H:%M:%SZ: 2024-10-12T00:00:00Z
AUD-02046,audits,mixed_date_format:closed_date,used format %Y-%m-%dT%H:%M:%SZ: 2025-11-19T00:00:00Z
AUD-02048,audits,mixed_date_format:inspection_date,used format %d/%m/%Y: 26/03/2025
AUD-02056,audits,mixed_date_format:inspection_date,used format %d/%m/%Y: 30/04/2026
AUD-02057,audits,mixed_date_format:inspection_date,used format %Y-%m-%dT%H:%M:%SZ: 2026-05-24T00:00:00Z
AUD-02058,audits,mixed_date_format:closed_date,used format %Y-%m-%dT%H:%M:%SZ: 2024-11-30T00:00:00Z
AUD-02072,audits,mixed_date_format:inspection_date,used format %d/%m/%Y: 09/02/2025
AUD-02083,audits,mixed_date_format:inspection_date,used format %d/%m/%Y: 24/01/2026
AUD-02086,audits,mixed_date_format:closed_date,used format %m/%d/%Y: 10/06/2025
AUD-02092,audits,mixed_date_format:closed_date,used format %Y-%m-%dT%H:%M:%SZ: 2024-11-25T00:00:00Z
AUD-02095,audits,mixed_date_format:inspection_date,used format %d/%m/%Y: 10/06/2026
AUD-02097,audits,closed_before_inspection,closed=2026-04-07 < inspection=2026-04-23
AUD-02102,audits,mixed_date_format:inspection_date,used format %Y-%m-%dT%H:%M:%SZ: 2026-02-09T00:00:00Z
AUD-02102,audits,mixed_date_format:closed_date,used format %d-%b-%Y: 01-Apr-2026
AUD-02105,audits,out_of_range:compliance_score,112.8
AUD-02106,audits,mixed_date_format:inspection_date,used format %d/%m/%Y: 04/02/2024
AUD-02108,audits,mixed_date_format:closed_date,used format %d-%b-%Y: 11-Aug-2024
AUD-02117,audits,mixed_date_format:closed_date,used format %m/%d/%Y: 09/02/2025
AUD-02119,audits,mixed_date_format:closed_date,used format %d-%b-%Y: 22-Mar-2025
AUD-02121,audits,mixed_date_format:inspection_date,used format %d-%b-%Y: 27-Apr-2025
AUD-02122,audits,mixed_date_format:closed_date,used format %d/%m/%Y: 16/11/2024
AUD-02124,audits,mixed_date_format:inspection_date,used format %m/%d/%Y: 11/22/2024
AUD-02130,audits,mixed_date_format:inspection_date,used format %Y-%m-%dT%H:%M:%SZ: 2025-04-20T00:00:00Z
AUD-02139,audits,closed_before_inspection,closed=2025-04-26 < inspection=2025-05-09
AUD-02148,audits,mixed_date_format:closed_date,used format %d-%b-%Y: 25-Aug-2025
AUD-02149,audits,mixed_date_format:inspection_date,used format %d-%b-%Y: 26-Jun-2026
AUD-02159,audits,future_date:inspection_date,2026-09-06
AUD-02161,audits,mixed_date_format:inspection_date,used format %Y-%m-%dT%H:%M:%SZ: 2024-02-08T00:00:00Z
AUD-02168,audits,mixed_date_format:closed_date,used format %d-%b-%Y: 30-Jun-2024
AUD-02169,audits,mixed_date_format:inspection_date,used format %d/%m/%Y: 29/03/2026
AUD-02172,audits,mixed_date_format:closed_date,used format %d/%m/%Y: 08/06/2025
AUD-02173,audits,mixed_date_format:inspection_date,used format %d/%m/%Y: 01/07/2026
AUD-02178,audits,mixed_date_format:closed_date,used format %d-%b-%Y: 17-Nov-2024
AUD-02180,audits,mixed_date_format:inspection_date,used format %d-%b-%Y: 25-Dec-2024
AUD-02182,audits,mixed_date_format:inspection_date,used format %Y-%m-%dT%H:%M:%SZ: 2025-05-24T00:00:00Z
AUD-02186,audits,mixed_date_format:closed_date,used format %d-%b-%Y: 10-Mar-2025
AUD-02192,audits,mixed_date_format:closed_date,used format %d-%b-%Y: 09-Dec-2025
AUD-02197,audits,mixed_date_format:closed_date,used format %m/%d/%Y: 05/23/2025
AUD-02205,audits,mixed_date_format:closed_date,used format %m/%d/%Y: 03/04/2026
AUD-02206,audits,mixed_date_format:inspection_date,used format %m/%d/%Y: 09/05/2025
AUD-02214,audits,out_of_range:compliance_score,-7.0
AUD-02218,audits,mixed_date_format:inspection_date,used format %m/%d/%Y: 07/03/2025
AUD-02219,audits,mixed_date_format:inspection_date,used format %Y-%m-%dT%H:%M:%SZ: 2024-03-28T00:00:00Z
AUD-02220,audits,closed_before_inspection,closed=2024-01-21 < inspection=2024-02-10
AUD-02224,audits,mixed_date_format:inspection_date,used format %Y-%m-%dT%H:%M:%SZ: 2024-08-30T00:00:00Z
AUD-02228,audits,out_of_range:compliance_score,150.4
AUD-02230,audits,mixed_date_format:inspection_date,used format %Y-%m-%dT%H:%M:%SZ: 2024-11-07T00:00:00Z
AUD-02238,audits,mixed_date_format:inspection_date,used format %d/%m/%Y: 11/01/2026
AUD-02244,audits,mixed_date_format:inspection_date,used format %d-%b-%Y: 23-Jun-2026
AUD-02246,audits,mixed_date_format:closed_date,used format %Y-%m-%dT%H:%M:%SZ: 2025-12-10T00:00:00Z
AUD-02258,audits,mixed_date_format:inspection_date,used format %m/%d/%Y: 07/29/2025
AUD-02261,audits,mixed_date_format:inspection_date,used format %d-%b-%Y: 27-May-2024
AUD-02266,audits,mixed_date_format:inspection_date,used format %d-%b-%Y: 10-Aug-2024
AUD-02268,audits,mixed_date_format:inspection_date,used format %m/%d/%Y: 04/05/2025
AUD-02269,audits,mixed_date_format:inspection_date,used format %m/%d/%Y: 09/24/2024
AUD-02274,audits,mixed_date_format:closed_date,used format %Y-%m-%dT%H:%M:%SZ: 2026-07-23T00:00:00Z
AUD-02283,audits,mixed_date_format:inspection_date,used format %d-%b-%Y: 26-Oct-2025
AUD-02283,audits,mixed_date_format:closed_date,used format %Y-%m-%dT%H:%M:%SZ: 2025-11-05T00:00:00Z
AUD-02288,audits,mixed_date_format:inspection_date,used format %d-%b-%Y: 21-Dec-2025
AUD-02302,audits,mixed_date_format:inspection_date,used format %d-%b-%Y: 01-Jun-2026
AUD-02310,audits,mixed_date_format:inspection_date,used format %Y-%m-%dT%H:%M:%SZ: 2024-02-15T00:00:00Z
AUD-02314,audits,mixed_date_format:closed_date,used format %Y-%m-%dT%H:%M:%SZ: 2026-03-06T00:00:00Z
AUD-02321,audits,mixed_date_format:closed_date,used format %Y-%m-%dT%H:%M:%SZ: 2026-06-03T00:00:00Z
AUD-02327,audits,mixed_date_format:closed_date,used format %Y-%m-%dT%H:%M:%SZ: 2025-01-22T00:00:00Z
AUD-02331,audits,mixed_date_format:inspection_date,used format %Y-%m-%dT%H:%M:%SZ: 2025-04-10T00:00:00Z
AUD-02332,audits,mixed_date_format:closed_date,used format %m/%d/%Y: 03/13/2025
AUD-02335,audits,mixed_date_format:closed_date,used format %d/%m/%Y: 08/08/2026
AUD-02338,audits,mixed_date_format:closed_date,used format %d/%m/%Y: 12/06/2025
AUD-02344,audits,mixed_date_format:closed_date,used format %d-%b-%Y: 21-Nov-2024
AUD-02346,audits,mixed_date_format:inspection_date,used format %Y-%m-%dT%H:%M:%SZ: 2024-12-25T00:00:00Z
AUD-02349,audits,mixed_date_format:inspection_date,used format %d/%m/%Y: 24/03/2025
AUD-02350,audits,mixed_date_format:inspection_date,used format %d-%b-%Y: 01-Apr-2025
AUD-02350,audits,mixed_date_format:closed_date,used format %d/%m/%Y: 07/04/2025
AUD-02353,audits,mixed_date_format:closed_date,used format %d/%m/%Y: 28/06/2026
AUD-02358,audits,mixed_date_format:inspection_date,used format %d/%m/%Y: 08/05/2026
AUD-02361,audits,mixed_date_format:inspection_date,used format %d-%b-%Y: 03-Aug-2025
AUD-02361,audits,mixed_date_format:closed_date,used format %Y-%m-%dT%H:%M:%SZ: 2025-08-26T00:00:00Z
AUD-02368,audits,mixed_date_format:inspection_date,used format %d-%b-%Y: 29-Jun-2024
AUD-02376,audits,mixed_date_format:inspection_date,used format %d/%m/%Y: 10/05/2026
AUD-02380,audits,out_of_range:compliance_score,112.6
AUD-02381,audits,mixed_date_format:inspection_date,used format %m/%d/%Y: 04/13/2026
AUD-02386,audits,mixed_date_format:inspection_date,used format %Y-%m-%dT%H:%M:%SZ: 2025-04-14T00:00:00Z
AUD-02388,audits,mixed_date_format:inspection_date,used format %d-%b-%Y: 23-May-2025
AUD-02390,audits,mixed_date_format:closed_date,used format %Y-%m-%dT%H:%M:%SZ: 2024-08-13T00:00:00Z
AUD-02394,audits,mixed_date_format:inspection_date,used format %Y-%m-%dT%H:%M:%SZ: 2024-07-01T00:00:00Z
AUD-02395,audits,mixed_date_format:inspection_date,used format %d-%b-%Y: 29-Dec-2025
AUD-02396,audits,mixed_date_format:closed_date,used format %d-%b-%Y: 12-Sep-2024
AUD-02397,audits,mixed_date_format:inspection_date,used format %m/%d/%Y: 06/05/2024
AUD-02400,audits,closed_before_inspection,closed=2025-01-02 < inspection=2025-01-19
AUD-02402,audits,mixed_date_format:inspection_date,used format %d/%m/%Y: 15/06/2024
AUD-02423,audits,mixed_date_format:inspection_date,used format %d-%b-%Y: 08-May-2024
AUD-02425,audits,mixed_date_format:closed_date,used format %d-%b-%Y: 19-Oct-2025
AUD-02426,audits,mixed_date_format:inspection_date,used format %m/%d/%Y: 04/21/2025
AUD-02430,audits,mixed_date_format:inspection_date,used format %Y-%m-%dT%H:%M:%SZ: 2026-02-10T00:00:00Z
AUD-02439,audits,mixed_date_format:inspection_date,used format %Y-%m-%dT%H:%M:%SZ: 2024-04-09T00:00:00Z
AUD-02446,audits,mixed_date_format:inspection_date,used format %d/%m/%Y: 25/09/2024
AUD-02447,audits,mixed_date_format:closed_date,used format %d-%b-%Y: 20-May-2024
AUD-02450,audits,mixed_date_format:inspection_date,used format %Y-%m-%dT%H:%M:%SZ: 2025-11-15T00:00:00Z
AUD-02453,audits,mixed_date_format:inspection_date,used format %m/%d/%Y: 02/03/2026
AUD-02454,audits,mixed_date_format:closed_date,used format %d-%b-%Y: 27-Oct-2025
AUD-02459,audits,out_of_range:compliance_score,150.1
AUD-02460,audits,mixed_date_format:closed_date,used format %d/%m/%Y: 12/04/2024
AUD-02463,audits,mixed_date_format:closed_date,used format %Y-%m-%dT%H:%M:%SZ: 2026-06-17T00:00:00Z
AUD-02475,audits,mixed_date_format:inspection_date,used format %Y-%m-%dT%H:%M:%SZ: 2025-07-26T00:00:00Z
AUD-02476,audits,mixed_date_format:inspection_date,used format %d-%b-%Y: 20-Jun-2026
AUD-02477,audits,mixed_date_format:inspection_date,used format %Y-%m-%dT%H:%M:%SZ: 2024-08-02T00:00:00Z
AUD-02479,audits,mixed_date_format:closed_date,used format %Y-%m-%dT%H:%M:%SZ: 2025-01-19T00:00:00Z
AUD-02483,audits,mixed_date_format:inspection_date,used format %m/%d/%Y: 10/25/2024
AUD-02495,audits,mixed_date_format:inspection_date,used format %m/%d/%Y: 01/01/2025
AUD-02498,audits,mixed_date_format:inspection_date,used format %m/%d/%Y: 09/12/2024
AUD-02509,audits,mixed_date_format:closed_date,used format %m/%d/%Y: 03/15/2024
AUD-02512,audits,mixed_date_format:inspection_date,used format %d/%m/%Y: 01/05/2026
AUD-02525,audits,mixed_date_format:inspection_date,used format %d/%m/%Y: 21/04/2025
AUD-02526,audits,mixed_date_format:inspection_date,used format %m/%d/%Y: 02/01/2025
AUD-02527,audits,mixed_date_format:inspection_date,used format %Y-%m-%dT%H:%M:%SZ: 2025-03-13T00:00:00Z
AUD-02531,audits,mixed_date_format:inspection_date,used format %m/%d/%Y: 03/03/2026
AUD-02531,audits,future_date:inspection_date,2026-07-29
AUD-02534,audits,mixed_date_format:inspection_date,used format %d/%m/%Y: 17/03/2024
AUD-02534,audits,mixed_date_format:closed_date,used format %d/%m/%Y: 06/04/2024
AUD-02536,audits,mixed_date_format:inspection_date,used format %Y-%m-%dT%H:%M:%SZ: 2025-07-18T00:00:00Z
AUD-02537,audits,mixed_date_format:inspection_date,used format %d-%b-%Y: 08-Oct-2024
AUD-02555,audits,mixed_date_format:inspection_date,used format %d/%m/%Y: 13/12/2025
AUD-02566,audits,mixed_date_format:inspection_date,used format %m/%d/%Y: 07/17/2024
AUD-02570,audits,mixed_date_format:closed_date,used format %d-%b-%Y: 21-May-2026
AUD-02571,audits,mixed_date_format:closed_date,used format %m/%d/%Y: 05/02/2026
AUD-02572,audits,mixed_date_format:closed_date,used format %d-%b-%Y: 04-Sep-2024
AUD-02576,audits,mixed_date_format:closed_date,used format %d-%b-%Y: 16-Jul-2024
AUD-02578,audits,out_of_range:compliance_score,112.8
AUD-02580,audits,mixed_date_format:closed_date,used format %d-%b-%Y: 07-Jul-2025
AUD-02585,audits,mixed_date_format:inspection_date,used format %m/%d/%Y: 10/29/2024
AUD-02591,audits,mixed_date_format:closed_date,used format %d/%m/%Y: 09/08/2025
AUD-02592,audits,mixed_date_format:closed_date,used format %m/%d/%Y: 03/13/2024
AUD-02594,audits,mixed_date_format:inspection_date,used format %m/%d/%Y: 04/21/2024
AUD-02599,audits,mixed_date_format:inspection_date,used format %Y-%m-%dT%H:%M:%SZ: 2024-07-09T00:00:00Z
AUD-02602,audits,out_of_range:compliance_score,-7.7
AUD-02613,audits,mixed_date_format:inspection_date,used format %d-%b-%Y: 23-Jun-2025
AUD-02613,audits,mixed_date_format:closed_date,used format %Y-%m-%dT%H:%M:%SZ: 2025-07-11T00:00:00Z
AUD-02615,audits,mixed_date_format:inspection_date,used format %d-%b-%Y: 27-Apr-2026
AUD-02615,audits,out_of_range:compliance_score,-7.6
AUD-02616,audits,mixed_date_format:inspection_date,used format %d/%m/%Y: 08/02/2026
AUD-02616,audits,mixed_date_format:closed_date,used format %d/%m/%Y: 03/03/2026
AUD-02622,audits,mixed_date_format:closed_date,used format %d-%b-%Y: 04-Nov-2025
AUD-02626,audits,mixed_date_format:inspection_date,used format %Y-%m-%dT%H:%M:%SZ: 2024-04-30T00:00:00Z
AUD-02627,audits,out_of_range:compliance_score,112.4
AUD-02628,audits,mixed_date_format:inspection_date,used format %d/%m/%Y: 26/04/2026
AUD-02633,audits,mixed_date_format:inspection_date,used format %m/%d/%Y: 06/07/2025
AUD-02638,audits,mixed_date_format:inspection_date,used format %Y-%m-%dT%H:%M:%SZ: 2025-11-08T00:00:00Z
AUD-02640,audits,mixed_date_format:inspection_date,used format %m/%d/%Y: 11/16/2024
AUD-02645,audits,mixed_date_format:closed_date,used format %d/%m/%Y: 27/03/2025
AUD-02652,audits,mixed_date_format:closed_date,used format %m/%d/%Y: 07/24/2024
AUD-02653,audits,mixed_date_format:inspection_date,used format %m/%d/%Y: 01/10/2026
AUD-02654,audits,mixed_date_format:inspection_date,used format %Y-%m-%dT%H:%M:%SZ: 2025-08-03T00:00:00Z
AUD-02655,audits,mixed_date_format:inspection_date,used format %d-%b-%Y: 30-Sep-2025
AUD-02656,audits,mixed_date_format:inspection_date,used format %Y-%m-%dT%H:%M:%SZ: 2024-06-29T00:00:00Z
AUD-02662,audits,mixed_date_format:inspection_date,used format %m/%d/%Y: 04/05/2024
AUD-02663,audits,mixed_date_format:inspection_date,used format %m/%d/%Y: 08/01/2024
AUD-02668,audits,mixed_date_format:inspection_date,used format %m/%d/%Y: 02/05/2026
AUD-02673,audits,mixed_date_format:inspection_date,used format %d-%b-%Y: 08-Feb-2024
AUD-02676,audits,mixed_date_format:closed_date,used format %Y-%m-%dT%H:%M:%SZ: 2026-05-10T00:00:00Z
AUD-02689,audits,mixed_date_format:closed_date,used format %m/%d/%Y: 05/10/2026
AUD-02690,audits,out_of_range:compliance_score,-7.4
AUD-02698,audits,mixed_date_format:inspection_date,used format %Y-%m-%dT%H:%M:%SZ: 2025-10-01T00:00:00Z
AUD-02699,audits,mixed_date_format:inspection_date,used format %d/%m/%Y: 20/05/2024
AUD-02704,audits,mixed_date_format:closed_date,used format %d/%m/%Y: 21/10/2025
AUD-02705,audits,closed_before_inspection,closed=2025-02-12 < inspection=2025-03-14
AUD-02708,audits,mixed_date_format:inspection_date,used format %m/%d/%Y: 03/01/2026
AUD-02710,audits,mixed_date_format:closed_date,used format %m/%d/%Y: 08/15/2025
AUD-02710,audits,closed_before_inspection,closed=2025-07-29 < inspection=2025-08-07
AUD-02713,audits,mixed_date_format:closed_date,used format %Y-%m-%dT%H:%M:%SZ: 2025-05-26T00:00:00Z
AUD-02713,audits,future_date:inspection_date,2026-08-29
AUD-02714,audits,mixed_date_format:inspection_date,used format %d/%m/%Y: 20/03/2025
AUD-02716,audits,mixed_date_format:inspection_date,used format %d/%m/%Y: 21/06/2026
AUD-02721,audits,mixed_date_format:inspection_date,used format %m/%d/%Y: 07/10/2024
AUD-02724,audits,mixed_date_format:closed_date,used format %d-%b-%Y: 19-Dec-2025
AUD-02725,audits,mixed_date_format:closed_date,used format %m/%d/%Y: 09/21/2025
AUD-02726,audits,mixed_date_format:inspection_date,used format %Y-%m-%dT%H:%M:%SZ: 2024-06-15T00:00:00Z
AUD-02727,audits,out_of_range:compliance_score,150.7
AUD-02732,audits,mixed_date_format:closed_date,used format %d/%m/%Y: 11/05/2024
AUD-02735,audits,mixed_date_format:inspection_date,used format %m/%d/%Y: 09/12/2024
AUD-02738,audits,closed_before_inspection,closed=2024-10-22 < inspection=2024-11-19
AUD-02739,audits,mixed_date_format:inspection_date,used format %d/%m/%Y: 08/07/2026
AUD-02742,audits,mixed_date_format:closed_date,used format %d/%m/%Y: 25/04/2026
AUD-02748,audits,mixed_date_format:inspection_date,used format %d-%b-%Y: 15-Apr-2025
AUD-02764,audits,mixed_date_format:closed_date,used format %d-%b-%Y: 12-Aug-2025
AUD-02766,audits,mixed_date_format:inspection_date,used format %Y-%m-%dT%H:%M:%SZ: 2024-07-24T00:00:00Z
AUD-02769,audits,mixed_date_format:closed_date,used format %d/%m/%Y: 05/07/2026
AUD-02770,audits,mixed_date_format:closed_date,used format %Y-%m-%dT%H:%M:%SZ: 2025-12-10T00:00:00Z
AUD-02775,audits,mixed_date_format:inspection_date,used format %Y-%m-%dT%H:%M:%SZ: 2025-03-12T00:00:00Z
AUD-02788,audits,mixed_date_format:inspection_date,used format %d/%m/%Y: 18/01/2025
AUD-02788,audits,out_of_range:compliance_score,-3.2
AUD-02792,audits,mixed_date_format:inspection_date,used format %d-%b-%Y: 04-Oct-2025
AUD-02800,audits,mixed_date_format:inspection_date,used format %d-%b-%Y: 05-Feb-2025
AUD-02803,audits,mixed_date_format:closed_date,used format %d-%b-%Y: 21-Apr-2026
AUD-02808,audits,mixed_date_format:inspection_date,used format %d-%b-%Y: 09-May-2025
AUD-02810,audits,mixed_date_format:inspection_date,used format %d/%m/%Y: 27/08/2024
AUD-02816,audits,mixed_date_format:inspection_date,used format %d-%b-%Y: 01-May-2024
AUD-02825,audits,mixed_date_format:inspection_date,used format %m/%d/%Y: 05/11/2025
AUD-02846,audits,mixed_date_format:inspection_date,used format %d-%b-%Y: 15-Nov-2025
AUD-02850,audits,mixed_date_format:inspection_date,used format %m/%d/%Y: 12/27/2024
AUD-02855,audits,mixed_date_format:inspection_date,used format %Y-%m-%dT%H:%M:%SZ: 2025-11-28T00:00:00Z
AUD-02855,audits,mixed_date_format:closed_date,used format %d-%b-%Y: 20-Dec-2025
AUD-02855,audits,future_date:inspection_date,2026-09-12
AUD-02857,audits,mixed_date_format:closed_date,used format %d/%m/%Y: 03/11/2024
AUD-02859,audits,mixed_date_format:closed_date,used format %d/%m/%Y: 31/05/2025
AUD-02860,audits,mixed_date_format:inspection_date,used format %d-%b-%Y: 13-May-2025
AUD-02866,audits,mixed_date_format:closed_date,used format %d/%m/%Y: 10/12/2024
AUD-02869,audits,mixed_date_format:inspection_date,used format %m/%d/%Y: 05/13/2024
AUD-02882,audits,mixed_date_format:inspection_date,used format %d/%m/%Y: 08/08/2024
AUD-02887,audits,mixed_date_format:closed_date,used format %m/%d/%Y: 09/04/2024
AUD-02890,audits,closed_before_inspection,closed=2026-04-17 < inspection=2026-05-08
AUD-02896,audits,mixed_date_format:inspection_date,used format %d/%m/%Y: 05/02/2024
AUD-02897,audits,mixed_date_format:closed_date,used format %d-%b-%Y: 31-Aug-2024
AUD-02899,audits,mixed_date_format:inspection_date,used format %Y-%m-%dT%H:%M:%SZ: 2025-01-26T00:00:00Z
AUD-02899,audits,mixed_date_format:closed_date,used format %d-%b-%Y: 04-Feb-2025
AUD-02909,audits,mixed_date_format:closed_date,used format %Y-%m-%dT%H:%M:%SZ: 2024-10-03T00:00:00Z
AUD-02915,audits,mixed_date_format:inspection_date,used format %d-%b-%Y: 26-Jan-2026
AUD-02916,audits,mixed_date_format:inspection_date,used format %Y-%m-%dT%H:%M:%SZ: 2025-05-05T00:00:00Z
AUD-02919,audits,mixed_date_format:inspection_date,used format %d/%m/%Y: 24/12/2024
AUD-02924,audits,mixed_date_format:closed_date,used format %d/%m/%Y: 13/10/2025
AUD-02925,audits,mixed_date_format:inspection_date,used format %Y-%m-%dT%H:%M:%SZ: 2024-10-16T00:00:00Z
AUD-02927,audits,mixed_date_format:inspection_date,used format %d-%b-%Y: 04-Apr-2026
AUD-02928,audits,out_of_range:compliance_score,150.4
AUD-02930,audits,mixed_date_format:closed_date,used format %Y-%m-%dT%H:%M:%SZ: 2024-08-12T00:00:00Z
AUD-02931,audits,out_of_range:compliance_score,-3.2
AUD-02940,audits,mixed_date_format:inspection_date,used format %m/%d/%Y: 08/20/2024
AUD-02941,audits,mixed_date_format:inspection_date,used format %d/%m/%Y: 07/06/2026
AUD-02945,audits,mixed_date_format:inspection_date,used format %d/%m/%Y: 30/05/2024
AUD-02952,audits,mixed_date_format:closed_date,used format %m/%d/%Y: 04/18/2025
AUD-02956,audits,mixed_date_format:inspection_date,used format %Y-%m-%dT%H:%M:%SZ: 2025-06-20T00:00:00Z
AUD-02963,audits,mixed_date_format:closed_date,used format %d/%m/%Y: 13/06/2026
AUD-02965,audits,mixed_date_format:inspection_date,used format %d-%b-%Y: 18-Dec-2024
AUD-02966,audits,mixed_date_format:inspection_date,used format %m/%d/%Y: 07/03/2024
AUD-02967,audits,mixed_date_format:inspection_date,used format %d/%m/%Y: 14/04/2024
AUD-02968,audits,future_date:inspection_date,2026-08-06
AUD-02971,audits,mixed_date_format:closed_date,used format %d/%m/%Y: 21/05/2025
AUD-02977,audits,mixed_date_format:closed_date,used format %d/%m/%Y: 02/05/2024
AUD-02980,audits,mixed_date_format:closed_date,used format %Y-%m-%dT%H:%M:%SZ: 2026-02-12T00:00:00Z
AUD-02981,audits,mixed_date_format:inspection_date,used format %m/%d/%Y: 10/03/2025
AUD-02986,audits,mixed_date_format:closed_date,used format %Y-%m-%dT%H:%M:%SZ: 2025-03-30T00:00:00Z
AUD-02988,audits,out_of_range:compliance_score,150.7
AUD-02993,audits,mixed_date_format:closed_date,used format %d-%b-%Y: 22-Jan-2025
AUD-02994,audits,mixed_date_format:inspection_date,used format %d-%b-%Y: 14-Aug-2025
AUD-02999,audits,mixed_date_format:inspection_date,used format %Y-%m-%dT%H:%M:%SZ: 2024-11-05T00:00:00Z
AUD-03000,audits,mixed_date_format:inspection_date,used format %m/%d/%Y: 01/12/2026
AUD-03006,audits,mixed_date_format:inspection_date,used format %d/%m/%Y: 13/01/2026
AUD-03006,audits,mixed_date_format:closed_date,used format %m/%d/%Y: 02/21/2026
AUD-03009,audits,mixed_date_format:inspection_date,used format %m/%d/%Y: 05/23/2025
AUD-03010,audits,mixed_date_format:inspection_date,used format %d-%b-%Y: 20-May-2025
AUD-03017,audits,mixed_date_format:closed_date,used format %d/%m/%Y: 13/12/2024
AUD-03022,audits,mixed_date_format:inspection_date,used format %d/%m/%Y: 18/06/2024
AUD-03028,audits,mixed_date_format:inspection_date,used format %Y-%m-%dT%H:%M:%SZ: 2025-06-08T00:00:00Z
AUD-03028,audits,mixed_date_format:closed_date,used format %Y-%m-%dT%H:%M:%SZ: 2025-06-28T00:00:00Z
AUD-03030,audits,mixed_date_format:inspection_date,used format %Y-%m-%dT%H:%M:%SZ: 2025-03-04T00:00:00Z
AUD-03037,audits,mixed_date_format:inspection_date,used format %d-%b-%Y: 03-Nov-2025
AUD-03041,audits,mixed_date_format:inspection_date,used format %d/%m/%Y: 05/04/2025
AUD-03043,audits,mixed_date_format:closed_date,used format %m/%d/%Y: 05/19/2025
AUD-03044,audits,closed_before_inspection,closed=2025-02-11 < inspection=2025-02-28
AUD-03053,audits,mixed_date_format:inspection_date,used format %d-%b-%Y: 18-May-2025
AUD-03053,audits,mixed_date_format:closed_date,used format %m/%d/%Y: 06/08/2025
AUD-03055,audits,future_date:inspection_date,2026-08-02
AUD-03056,audits,mixed_date_format:inspection_date,used format %d-%b-%Y: 26-Feb-2026
AUD-03056,audits,out_of_range:compliance_score,-2.6
AUD-03058,audits,mixed_date_format:inspection_date,used format %m/%d/%Y: 08/19/2024
AUD-03061,audits,mixed_date_format:inspection_date,used format %Y-%m-%dT%H:%M:%SZ: 2024-06-07T00:00:00Z
AUD-03062,audits,future_date:inspection_date,2026-09-12
AUD-03064,audits,closed_before_inspection,closed=2025-07-31 < inspection=2025-08-05
AUD-03070,audits,closed_before_inspection,closed=2026-01-28 < inspection=2026-02-03
AUD-03072,audits,out_of_range:compliance_score,150.7
AUD-03084,audits,mixed_date_format:inspection_date,used format %d/%m/%Y: 29/05/2024
AUD-03085,audits,mixed_date_format:inspection_date,used format %d/%m/%Y: 11/08/2025
AUD-03086,audits,out_of_range:compliance_score,-8.0
AUD-03095,audits,out_of_range:compliance_score,-7.2
AUD-03106,audits,mixed_date_format:closed_date,used format %Y-%m-%dT%H:%M:%SZ: 2025-01-02T00:00:00Z
AUD-03106,audits,out_of_range:compliance_score,112.8
AUD-03107,audits,mixed_date_format:closed_date,used format %m/%d/%Y: 10/23/2024
AUD-03109,audits,mixed_date_format:inspection_date,used format %m/%d/%Y: 08/19/2025
AUD-03113,audits,future_date:inspection_date,2026-08-29
AUD-03117,audits,mixed_date_format:inspection_date,used format %Y-%m-%dT%H:%M:%SZ: 2025-04-06T00:00:00Z
AUD-03118,audits,out_of_range:compliance_score,-3.4
AUD-03120,audits,mixed_date_format:inspection_date,used format %d/%m/%Y: 05/06/2026
AUD-03120,audits,out_of_range:compliance_score,-7.0
AUD-03123,audits,mixed_date_format:inspection_date,used format %d/%m/%Y: 15/09/2025
AUD-03124,audits,mixed_date_format:inspection_date,used format %d/%m/%Y: 08/12/2025
AUD-03133,audits,mixed_date_format:inspection_date,used format %m/%d/%Y: 03/22/2026
AUD-03142,audits,mixed_date_format:inspection_date,used format %Y-%m-%dT%H:%M:%SZ: 2025-09-05T00:00:00Z
AUD-03143,audits,mixed_date_format:inspection_date,used format %m/%d/%Y: 06/12/2026
AUD-03143,audits,mixed_date_format:closed_date,used format %d-%b-%Y: 19-Jun-2026
AUD-03145,audits,mixed_date_format:closed_date,used format %m/%d/%Y: 09/20/2024
AUD-03159,audits,mixed_date_format:inspection_date,used format %m/%d/%Y: 02/09/2024
AUD-03159,audits,mixed_date_format:closed_date,used format %Y-%m-%dT%H:%M:%SZ: 2024-02-26T00:00:00Z
AUD-03160,audits,mixed_date_format:closed_date,used format %Y-%m-%dT%H:%M:%SZ: 2026-07-01T00:00:00Z
AUD-03160,audits,out_of_range:compliance_score,104.3
AUD-03160,audits,future_date:inspection_date,2026-08-19
AUD-03166,audits,mixed_date_format:inspection_date,used format %m/%d/%Y: 03/15/2025
AUD-03176,audits,mixed_date_format:inspection_date,used format %d/%m/%Y: 25/05/2026
AUD-03177,audits,future_date:inspection_date,2026-09-17
AUD-03178,audits,mixed_date_format:inspection_date,used format %d/%m/%Y: 10/01/2025
AUD-03179,audits,out_of_range:compliance_score,104.2
AUD-03182,audits,mixed_date_format:closed_date,used format %d/%m/%Y: 28/10/2024
AUD-03183,audits,mixed_date_format:closed_date,used format %d-%b-%Y: 15-Jan-2025
AUD-03184,audits,mixed_date_format:closed_date,used format %m/%d/%Y: 08/11/2026
AUD-03185,audits,mixed_date_format:inspection_date,used format %d-%b-%Y: 01-Sep-2024
AUD-03186,audits,mixed_date_format:inspection_date,used format %m/%d/%Y: 03/08/2024
AUD-03190,audits,mixed_date_format:inspection_date,used format %Y-%m-%dT%H:%M:%SZ: 2024-11-23T00:00:00Z
AUD-03191,audits,mixed_date_format:inspection_date,used format %Y-%m-%dT%H:%M:%SZ: 2025-02-12T00:00:00Z
AUD-03192,audits,mixed_date_format:closed_date,used format %m/%d/%Y: 10/01/2024
AUD-03194,audits,closed_before_inspection,closed=2026-01-03 < inspection=2026-01-09
AUD-03197,audits,mixed_date_format:inspection_date,used format %d-%b-%Y: 28-Jun-2026
AUD-03204,audits,mixed_date_format:inspection_date,used format %Y-%m-%dT%H:%M:%SZ: 2026-06-17T00:00:00Z
AUD-03210,audits,mixed_date_format:inspection_date,used format %d/%m/%Y: 17/09/2025
AUD-03212,audits,mixed_date_format:inspection_date,used format %d-%b-%Y: 30-May-2024
AUD-03213,audits,mixed_date_format:closed_date,used format %d/%m/%Y: 01/01/2025
AUD-03214,audits,mixed_date_format:inspection_date,used format %Y-%m-%dT%H:%M:%SZ: 2026-04-05T00:00:00Z
AUD-03221,audits,mixed_date_format:inspection_date,used format %d-%b-%Y: 29-Nov-2025
AUD-03223,audits,mixed_date_format:closed_date,used format %m/%d/%Y: 08/02/2026
AUD-03226,audits,out_of_range:compliance_score,104.8
AUD-03232,audits,mixed_date_format:closed_date,used format %Y-%m-%dT%H:%M:%SZ: 2025-07-05T00:00:00Z
AUD-03234,audits,mixed_date_format:inspection_date,used format %d-%b-%Y: 29-May-2025
AUD-03234,audits,mixed_date_format:closed_date,used format %Y-%m-%dT%H:%M:%SZ: 2025-06-26T00:00:00Z
AUD-03235,audits,mixed_date_format:inspection_date,used format %d-%b-%Y: 09-Jul-2025
AUD-03236,audits,mixed_date_format:inspection_date,used format %Y-%m-%dT%H:%M:%SZ: 2024-03-29T00:00:00Z
AUD-03236,audits,mixed_date_format:closed_date,used format %Y-%m-%dT%H:%M:%SZ: 2024-06-15T00:00:00Z
AUD-03241,audits,out_of_range:compliance_score,-7.5
AUD-03269,audits,mixed_date_format:inspection_date,used format %d-%b-%Y: 25-Jun-2025
AUD-03269,audits,mixed_date_format:closed_date,used format %d-%b-%Y: 03-Jul-2025
AUD-03286,audits,mixed_date_format:inspection_date,used format %m/%d/%Y: 05/28/2026
AUD-03287,audits,mixed_date_format:inspection_date,used format %m/%d/%Y: 08/19/2025
AUD-03294,audits,mixed_date_format:closed_date,used format %Y-%m-%dT%H:%M:%SZ: 2025-05-13T00:00:00Z
AUD-03295,audits,mixed_date_format:closed_date,used format %d-%b-%Y: 12-Jul-2024
AUD-03296,audits,mixed_date_format:inspection_date,used format %d/%m/%Y: 02/12/2025
AUD-03299,audits,mixed_date_format:closed_date,used format %d/%m/%Y: 26/07/2026
AUD-03301,audits,mixed_date_format:inspection_date,used format %d/%m/%Y: 31/12/2025
AUD-03302,audits,mixed_date_format:closed_date,used format %Y-%m-%dT%H:%M:%SZ: 2025-03-11T00:00:00Z
AUD-03303,audits,mixed_date_format:closed_date,used format %Y-%m-%dT%H:%M:%SZ: 2025-04-13T00:00:00Z
AUD-03313,audits,closed_before_inspection,closed=2026-04-17 < inspection=2026-05-07
AUD-03315,audits,mixed_date_format:closed_date,used format %d/%m/%Y: 01/12/2025
AUD-03318,audits,mixed_date_format:closed_date,used format %d/%m/%Y: 09/11/2024
AUD-03320,audits,mixed_date_format:inspection_date,used format %Y-%m-%dT%H:%M:%SZ: 2025-02-06T00:00:00Z
AUD-03326,audits,mixed_date_format:closed_date,used format %m/%d/%Y: 06/17/2025
AUD-03327,audits,mixed_date_format:inspection_date,used format %Y-%m-%dT%H:%M:%SZ: 2025-10-26T00:00:00Z
AUD-03328,audits,mixed_date_format:inspection_date,used format %d-%b-%Y: 03-Jan-2026
AUD-03331,audits,mixed_date_format:inspection_date,used format %Y-%m-%dT%H:%M:%SZ: 2024-10-26T00:00:00Z
AUD-03333,audits,mixed_date_format:closed_date,used format %Y-%m-%dT%H:%M:%SZ: 2024-07-20T00:00:00Z
AUD-03343,audits,mixed_date_format:inspection_date,used format %d-%b-%Y: 28-Oct-2025
AUD-03346,audits,mixed_date_format:inspection_date,used format %d-%b-%Y: 28-Jan-2025
AUD-03352,audits,mixed_date_format:inspection_date,used format %m/%d/%Y: 09/29/2025
AUD-03353,audits,mixed_date_format:inspection_date,used format %d-%b-%Y: 11-Nov-2025
AUD-03361,audits,mixed_date_format:inspection_date,used format %d-%b-%Y: 15-Sep-2024
AUD-03363,audits,mixed_date_format:closed_date,used format %m/%d/%Y: 10/04/2025
AUD-03367,audits,mixed_date_format:inspection_date,used format %Y-%m-%dT%H:%M:%SZ: 2026-01-14T00:00:00Z
AUD-03367,audits,mixed_date_format:closed_date,used format %d-%b-%Y: 19-Jan-2026
AUD-03380,audits,mixed_date_format:inspection_date,used format %m/%d/%Y: 04/29/2026
AUD-03385,audits,mixed_date_format:inspection_date,used format %Y-%m-%dT%H:%M:%SZ: 2026-07-08T00:00:00Z
AUD-03385,audits,out_of_range:compliance_score,-3.2
AUD-03390,audits,mixed_date_format:inspection_date,used format %d-%b-%Y: 18-Sep-2025
AUD-03395,audits,closed_before_inspection,closed=2026-06-03 < inspection=2026-06-29
AUD-03402,audits,mixed_date_format:inspection_date,used format %Y-%m-%dT%H:%M:%SZ: 2025-04-18T00:00:00Z
AUD-03410,audits,mixed_date_format:inspection_date,used format %m/%d/%Y: 02/12/2025
AUD-03413,audits,mixed_date_format:inspection_date,used format %Y-%m-%dT%H:%M:%SZ: 2024-12-07T00:00:00Z
AUD-03421,audits,mixed_date_format:inspection_date,used format %d-%b-%Y: 08-Feb-2024
AUD-03426,audits,mixed_date_format:closed_date,used format %Y-%m-%dT%H:%M:%SZ: 2024-10-18T00:00:00Z
AUD-03433,audits,closed_before_inspection,closed=2025-02-25 < inspection=2025-03-02
AUD-03434,audits,mixed_date_format:closed_date,used format %d/%m/%Y: 24/04/2026
AUD-03435,audits,mixed_date_format:inspection_date,used format %d-%b-%Y: 27-Jan-2026
AUD-03443,audits,closed_before_inspection,closed=2025-02-10 < inspection=2025-02-27
AUD-03452,audits,mixed_date_format:inspection_date,used format %Y-%m-%dT%H:%M:%SZ: 2025-10-19T00:00:00Z
AUD-03455,audits,mixed_date_format:inspection_date,used format %m/%d/%Y: 02/15/2026
AUD-03455,audits,mixed_date_format:closed_date,used format %m/%d/%Y: 04/27/2026
AUD-03461,audits,mixed_date_format:inspection_date,used format %d/%m/%Y: 05/03/2025
AUD-03463,audits,mixed_date_format:closed_date,used format %d/%m/%Y: 15/09/2025
AUD-03469,audits,mixed_date_format:closed_date,used format %m/%d/%Y: 10/05/2024
AUD-03472,audits,mixed_date_format:closed_date,used format %Y-%m-%dT%H:%M:%SZ: 2024-07-30T00:00:00Z
AUD-03475,audits,mixed_date_format:closed_date,used format %m/%d/%Y: 09/07/2024
AUD-03477,audits,mixed_date_format:inspection_date,used format %Y-%m-%dT%H:%M:%SZ: 2024-11-06T00:00:00Z
AUD-03478,audits,mixed_date_format:inspection_date,used format %d/%m/%Y: 18/11/2024
AUD-03480,audits,mixed_date_format:inspection_date,used format %Y-%m-%dT%H:%M:%SZ: 2025-12-26T00:00:00Z
AUD-03487,audits,mixed_date_format:closed_date,used format %d/%m/%Y: 20/08/2025
AUD-03489,audits,mixed_date_format:closed_date,used format %d/%m/%Y: 02/02/2026
AUD-03492,audits,mixed_date_format:inspection_date,used format %d/%m/%Y: 18/03/2024
AUD-03495,audits,mixed_date_format:inspection_date,used format %d/%m/%Y: 24/04/2026
AUD-03495,audits,mixed_date_format:closed_date,used format %m/%d/%Y: 05/06/2026
AUD-03497,audits,mixed_date_format:inspection_date,used format %m/%d/%Y: 09/02/2025
AUD-03499,audits,mixed_date_format:closed_date,used format %d-%b-%Y: 25-Apr-2026
AUD-03501,audits,mixed_date_format:inspection_date,used format %d-%b-%Y: 02-Aug-2024
AUD-03505,audits,mixed_date_format:closed_date,used format %m/%d/%Y: 07/23/2024
AUD-03507,audits,mixed_date_format:closed_date,used format %m/%d/%Y: 11/19/2025
AUD-03513,audits,mixed_date_format:closed_date,used format %d-%b-%Y: 08-Jul-2024
AUD-03515,audits,mixed_date_format:closed_date,used format %d-%b-%Y: 05-Aug-2026
AUD-03516,audits,mixed_date_format:closed_date,used format %m/%d/%Y: 01/11/2026
AUD-03517,audits,mixed_date_format:inspection_date,used format %m/%d/%Y: 01/21/2025
AUD-03518,audits,mixed_date_format:inspection_date,used format %m/%d/%Y: 06/05/2024
AUD-03520,audits,mixed_date_format:inspection_date,used format %Y-%m-%dT%H:%M:%SZ: 2025-01-16T00:00:00Z
AUD-03526,audits,mixed_date_format:inspection_date,used format %Y-%m-%dT%H:%M:%SZ: 2024-05-09T00:00:00Z
AUD-03527,audits,mixed_date_format:inspection_date,used format %Y-%m-%dT%H:%M:%SZ: 2024-04-26T00:00:00Z
AUD-03531,audits,mixed_date_format:closed_date,used format %d-%b-%Y: 31-Dec-2024
AUD-03533,audits,mixed_date_format:inspection_date,used format %Y-%m-%dT%H:%M:%SZ: 2024-02-09T00:00:00Z
AUD-03534,audits,mixed_date_format:closed_date,used format %Y-%m-%dT%H:%M:%SZ: 2024-06-24T00:00:00Z
AUD-03536,audits,mixed_date_format:closed_date,used format %Y-%m-%dT%H:%M:%SZ: 2026-07-21T00:00:00Z
AUD-03542,audits,mixed_date_format:closed_date,used format %m/%d/%Y: 11/22/2024
AUD-03545,audits,mixed_date_format:inspection_date,used format %m/%d/%Y: 10/01/2025
AUD-03555,audits,mixed_date_format:closed_date,used format %Y-%m-%dT%H:%M:%SZ: 2025-10-22T00:00:00Z
AUD-03563,audits,mixed_date_format:inspection_date,used format %d-%b-%Y: 18-May-2026
AUD-03566,audits,mixed_date_format:closed_date,used format %m/%d/%Y: 01/28/2026
AUD-03568,audits,mixed_date_format:inspection_date,used format %d-%b-%Y: 05-Jan-2026
AUD-03568,audits,mixed_date_format:closed_date,used format %m/%d/%Y: 01/31/2026
AUD-03571,audits,mixed_date_format:inspection_date,used format %Y-%m-%dT%H:%M:%SZ: 2024-03-16T00:00:00Z
AUD-03571,audits,mixed_date_format:closed_date,used format %d/%m/%Y: 01/04/2024
AUD-03573,audits,mixed_date_format:inspection_date,used format %m/%d/%Y: 11/03/2024
AUD-03584,audits,mixed_date_format:inspection_date,used format %d-%b-%Y: 28-May-2025
AUD-03584,audits,out_of_range:compliance_score,-2.8
AUD-03585,audits,mixed_date_format:inspection_date,used format %m/%d/%Y: 05/16/2026
AUD-03589,audits,out_of_range:compliance_score,104.8
AUD-03591,audits,mixed_date_format:closed_date,used format %d-%b-%Y: 26-Jan-2026
AUD-03593,audits,future_date:inspection_date,2026-07-24
AUD-03598,audits,mixed_date_format:inspection_date,used format %d/%m/%Y: 14/02/2024
AUD-03599,audits,mixed_date_format:inspection_date,used format %m/%d/%Y: 09/27/2024
AUD-03600,audits,mixed_date_format:inspection_date,used format %Y-%m-%dT%H:%M:%SZ: 2025-01-03T00:00:00Z
AUD-03602,audits,mixed_date_format:inspection_date,used format %Y-%m-%dT%H:%M:%SZ: 2026-07-18T00:00:00Z
AUD-03602,audits,mixed_date_format:closed_date,used format %d-%b-%Y: 09-Aug-2026
AUD-03604,audits,mixed_date_format:inspection_date,used format %d/%m/%Y: 12/06/2026
AUD-03608,audits,mixed_date_format:inspection_date,used format %m/%d/%Y: 08/16/2024
AUD-03610,audits,out_of_range:compliance_score,112.7
AUD-03618,audits,mixed_date_format:inspection_date,used format %m/%d/%Y: 07/11/2026
AUD-03619,audits,mixed_date_format:inspection_date,used format %m/%d/%Y: 09/13/2025
AUD-03621,audits,mixed_date_format:inspection_date,used format %m/%d/%Y: 07/14/2024
AUD-03623,audits,mixed_date_format:inspection_date,used format %Y-%m-%dT%H:%M:%SZ: 2024-05-19T00:00:00Z
AUD-03635,audits,mixed_date_format:closed_date,used format %d/%m/%Y: 24/08/2025
AUD-03636,audits,mixed_date_format:inspection_date,used format %d-%b-%Y: 01-May-2025
AUD-03639,audits,mixed_date_format:inspection_date,used format %m/%d/%Y: 03/31/2024
AUD-03640,audits,mixed_date_format:closed_date,used format %m/%d/%Y: 12/21/2025
AUD-03644,audits,mixed_date_format:closed_date,used format %Y-%m-%dT%H:%M:%SZ: 2026-07-13T00:00:00Z
AUD-03649,audits,mixed_date_format:inspection_date,used format %d-%b-%Y: 26-Apr-2026
AUD-03650,audits,mixed_date_format:inspection_date,used format %d-%b-%Y: 13-Aug-2024
AUD-03652,audits,mixed_date_format:inspection_date,used format %m/%d/%Y: 01/16/2026
AUD-03653,audits,mixed_date_format:closed_date,used format %d-%b-%Y: 16-Dec-2024
AUD-03658,audits,out_of_range:compliance_score,104.5
AUD-03659,audits,mixed_date_format:closed_date,used format %d/%m/%Y: 29/10/2024
AUD-03662,audits,mixed_date_format:inspection_date,used format %d/%m/%Y: 09/03/2025
AUD-03667,audits,mixed_date_format:closed_date,used format %m/%d/%Y: 08/16/2024
AUD-03668,audits,mixed_date_format:inspection_date,used format %d-%b-%Y: 29-Nov-2025
AUD-03669,audits,mixed_date_format:inspection_date,used format %d/%m/%Y: 22/09/2025
AUD-03675,audits,mixed_date_format:inspection_date,used format %d/%m/%Y: 28/02/2024
AUD-03683,audits,mixed_date_format:inspection_date,used format %d/%m/%Y: 21/06/2024
AUD-03689,audits,mixed_date_format:inspection_date,used format %Y-%m-%dT%H:%M:%SZ: 2024-04-22T00:00:00Z
AUD-03690,audits,mixed_date_format:closed_date,used format %d-%b-%Y: 09-May-2026
AUD-03694,audits,mixed_date_format:closed_date,used format %d/%m/%Y: 26/07/2024
AUD-03697,audits,future_date:inspection_date,2026-09-18
AUD-03703,audits,mixed_date_format:inspection_date,used format %m/%d/%Y: 04/06/2024
AUD-03704,audits,mixed_date_format:inspection_date,used format %d/%m/%Y: 03/02/2024
AUD-03706,audits,closed_before_inspection,closed=2025-07-12 < inspection=2025-08-07
AUD-03709,audits,mixed_date_format:inspection_date,used format %d/%m/%Y: 29/04/2025
AUD-03710,audits,mixed_date_format:inspection_date,used format %d-%b-%Y: 16-Jun-2025
AUD-03713,audits,mixed_date_format:inspection_date,used format %Y-%m-%dT%H:%M:%SZ: 2024-09-22T00:00:00Z
AUD-03729,audits,mixed_date_format:inspection_date,used format %m/%d/%Y: 07/24/2024
AUD-03730,audits,mixed_date_format:inspection_date,used format %d-%b-%Y: 11-Jun-2026
AUD-03732,audits,mixed_date_format:inspection_date,used format %d/%m/%Y: 16/04/2026
AUD-03735,audits,mixed_date_format:inspection_date,used format %d/%m/%Y: 15/05/2026
AUD-03740,audits,mixed_date_format:inspection_date,used format %Y-%m-%dT%H:%M:%SZ: 2024-07-30T00:00:00Z
AUD-03742,audits,closed_before_inspection,closed=2026-04-14 < inspection=2026-05-09
AUD-03744,audits,mixed_date_format:inspection_date,used format %m/%d/%Y: 07/31/2025
AUD-03746,audits,closed_before_inspection,closed=2024-07-30 < inspection=2024-08-25
AUD-03747,audits,mixed_date_format:inspection_date,used format %Y-%m-%dT%H:%M:%SZ: 2024-12-10T00:00:00Z
AUD-03748,audits,mixed_date_format:closed_date,used format %Y-%m-%dT%H:%M:%SZ: 2026-03-12T00:00:00Z
AUD-03751,audits,mixed_date_format:closed_date,used format %m/%d/%Y: 10/10/2024
AUD-03752,audits,mixed_date_format:inspection_date,used format %d/%m/%Y: 20/08/2025
AUD-03763,audits,future_date:inspection_date,2026-08-03
AUD-03765,audits,mixed_date_format:inspection_date,used format %d/%m/%Y: 16/11/2025
AUD-03780,audits,mixed_date_format:inspection_date,used format %m/%d/%Y: 09/02/2024
AUD-03789,audits,mixed_date_format:inspection_date,used format %d/%m/%Y: 06/07/2025
AUD-03801,audits,mixed_date_format:closed_date,used format %d/%m/%Y: 15/09/2025
AUD-03802,audits,mixed_date_format:closed_date,used format %d/%m/%Y: 22/07/2025
AUD-03803,audits,closed_before_inspection,closed=2025-07-03 < inspection=2025-07-16
AUD-03804,audits,mixed_date_format:closed_date,used format %d-%b-%Y: 10-Jul-2026
AUD-03805,audits,mixed_date_format:inspection_date,used format %m/%d/%Y: 02/20/2024
AUD-03805,audits,out_of_range:compliance_score,-3.3
AUD-03807,audits,mixed_date_format:inspection_date,used format %Y-%m-%dT%H:%M:%SZ: 2024-11-01T00:00:00Z
AUD-03809,audits,mixed_date_format:closed_date,used format %m/%d/%Y: 03/31/2026
AUD-03809,audits,closed_before_inspection,closed=2026-02-17 < inspection=2026-03-16
AUD-03810,audits,mixed_date_format:inspection_date,used format %m/%d/%Y: 01/14/2025
AUD-03811,audits,future_date:inspection_date,2026-08-04
AUD-03812,audits,mixed_date_format:closed_date,used format %Y-%m-%dT%H:%M:%SZ: 2025-03-30T00:00:00Z
AUD-03813,audits,mixed_date_format:closed_date,used format %Y-%m-%dT%H:%M:%SZ: 2026-02-25T00:00:00Z
AUD-03815,audits,mixed_date_format:inspection_date,used format %Y-%m-%dT%H:%M:%SZ: 2025-10-09T00:00:00Z
AUD-03815,audits,mixed_date_format:closed_date,used format %d-%b-%Y: 01-Dec-2025
AUD-03820,audits,mixed_date_format:inspection_date,used format %m/%d/%Y: 04/07/2024
AUD-03822,audits,mixed_date_format:inspection_date,used format %m/%d/%Y: 06/17/2025
AUD-03823,audits,mixed_date_format:closed_date,used format %m/%d/%Y: 03/26/2024
AUD-03825,audits,mixed_date_format:inspection_date,used format %m/%d/%Y: 08/26/2025
AUD-03826,audits,mixed_date_format:inspection_date,used format %m/%d/%Y: 02/11/2025
AUD-03827,audits,mixed_date_format:inspection_date,used format %d/%m/%Y: 24/04/2025
AUD-03831,audits,mixed_date_format:inspection_date,used format %m/%d/%Y: 04/24/2024
AUD-03835,audits,mixed_date_format:inspection_date,used format %d-%b-%Y: 15-Jul-2026
AUD-03843,audits,future_date:inspection_date,2026-09-10
AUD-03845,audits,mixed_date_format:closed_date,used format %d/%m/%Y: 22/01/2026
AUD-03848,audits,future_date:inspection_date,2026-08-06
AUD-03850,audits,mixed_date_format:closed_date,used format %m/%d/%Y: 07/31/2024
AUD-03851,audits,mixed_date_format:inspection_date,used format %d-%b-%Y: 06-Nov-2024
AUD-03854,audits,mixed_date_format:inspection_date,used format %Y-%m-%dT%H:%M:%SZ: 2025-08-20T00:00:00Z
AUD-03859,audits,mixed_date_format:closed_date,used format %d/%m/%Y: 09/03/2025
AUD-03860,audits,mixed_date_format:inspection_date,used format %d/%m/%Y: 08/07/2024
AUD-03863,audits,mixed_date_format:inspection_date,used format %d-%b-%Y: 01-Jan-2025
AUD-03866,audits,mixed_date_format:closed_date,used format %m/%d/%Y: 05/23/2024
AUD-03872,audits,mixed_date_format:closed_date,used format %Y-%m-%dT%H:%M:%SZ: 2024-06-19T00:00:00Z
AUD-03874,audits,mixed_date_format:closed_date,used format %Y-%m-%dT%H:%M:%SZ: 2026-03-24T00:00:00Z
AUD-03875,audits,mixed_date_format:inspection_date,used format %d-%b-%Y: 12-Sep-2025
AUD-03901,audits,mixed_date_format:inspection_date,used format %Y-%m-%dT%H:%M:%SZ: 2025-04-18T00:00:00Z
AUD-03901,audits,out_of_range:compliance_score,150.8
AUD-03902,audits,mixed_date_format:inspection_date,used format %d/%m/%Y: 07/06/2026
AUD-03904,audits,mixed_date_format:closed_date,used format %d-%b-%Y: 27-Jan-2025
AUD-03906,audits,mixed_date_format:closed_date,used format %Y-%m-%dT%H:%M:%SZ: 2026-05-28T00:00:00Z
AUD-03907,audits,mixed_date_format:closed_date,used format %d-%b-%Y: 23-Jul-2026
AUD-03909,audits,mixed_date_format:closed_date,used format %m/%d/%Y: 01/20/2025
AUD-03912,audits,mixed_date_format:inspection_date,used format %d/%m/%Y: 28/12/2024
AUD-03915,audits,mixed_date_format:inspection_date,used format %d-%b-%Y: 04-Jul-2025
AUD-03925,audits,closed_before_inspection,closed=2024-02-26 < inspection=2024-03-04
AUD-03933,audits,mixed_date_format:closed_date,used format %Y-%m-%dT%H:%M:%SZ: 2025-05-02T00:00:00Z
AUD-03934,audits,mixed_date_format:closed_date,used format %d/%m/%Y: 10/07/2024
AUD-03936,audits,out_of_range:compliance_score,-8.0
AUD-03937,audits,mixed_date_format:closed_date,used format %Y-%m-%dT%H:%M:%SZ: 2025-01-17T00:00:00Z
AUD-03941,audits,mixed_date_format:closed_date,used format %m/%d/%Y: 07/31/2025
AUD-03943,audits,mixed_date_format:inspection_date,used format %d-%b-%Y: 04-Nov-2025
AUD-03943,audits,mixed_date_format:closed_date,used format %d-%b-%Y: 19-Dec-2025
AUD-03945,audits,out_of_range:compliance_score,150.8
AUD-03946,audits,mixed_date_format:inspection_date,used format %d-%b-%Y: 25-Apr-2026
AUD-03950,audits,mixed_date_format:inspection_date,used format %d-%b-%Y: 02-Aug-2025
AUD-03953,audits,mixed_date_format:inspection_date,used format %d/%m/%Y: 26/08/2025
AUD-03959,audits,mixed_date_format:inspection_date,used format %Y-%m-%dT%H:%M:%SZ: 2024-10-07T00:00:00Z
AUD-03960,audits,mixed_date_format:inspection_date,used format %Y-%m-%dT%H:%M:%SZ: 2024-11-27T00:00:00Z
AUD-03965,audits,mixed_date_format:inspection_date,used format %Y-%m-%dT%H:%M:%SZ: 2024-06-18T00:00:00Z
AUD-03968,audits,mixed_date_format:inspection_date,used format %Y-%m-%dT%H:%M:%SZ: 2026-06-01T00:00:00Z
AUD-03974,audits,mixed_date_format:closed_date,used format %d/%m/%Y: 23/04/2026
AUD-03976,audits,out_of_range:compliance_score,112.2
AUD-03978,audits,mixed_date_format:inspection_date,used format %m/%d/%Y: 02/01/2025
AUD-03982,audits,mixed_date_format:inspection_date,used format %m/%d/%Y: 10/14/2025
AUD-03984,audits,mixed_date_format:inspection_date,used format %d/%m/%Y: 27/05/2024
AUD-03986,audits,future_date:inspection_date,2026-08-26
AUD-03990,audits,mixed_date_format:inspection_date,used format %d/%m/%Y: 20/03/2025
AUD-03996,audits,mixed_date_format:inspection_date,used format %d-%b-%Y: 07-Apr-2024
AUD-03997,audits,mixed_date_format:inspection_date,used format %Y-%m-%dT%H:%M:%SZ: 2024-04-01T00:00:00Z
AUD-03999,audits,closed_before_inspection,closed=2025-08-17 < inspection=2025-08-28
AUD-04000,audits,mixed_date_format:closed_date,used format %m/%d/%Y: 01/19/2025
AUD-04001,audits,mixed_date_format:inspection_date,used format %Y-%m-%dT%H:%M:%SZ: 2026-04-04T00:00:00Z
AUD-04001,audits,mixed_date_format:closed_date,used format %d-%b-%Y: 09-Jun-2026
AUD-04004,audits,mixed_date_format:closed_date,used format %d/%m/%Y: 14/06/2026
AUD-04010,audits,mixed_date_format:closed_date,used format %d-%b-%Y: 02-May-2024
AUD-04014,audits,out_of_range:compliance_score,150.5
AUD-04015,audits,closed_before_inspection,closed=2025-05-11 < inspection=2025-05-15
AUD-04024,audits,mixed_date_format:inspection_date,used format %d-%b-%Y: 04-Jul-2024
AUD-04024,audits,mixed_date_format:closed_date,used format %d-%b-%Y: 02-Aug-2024
AUD-04026,audits,future_date:inspection_date,2026-08-25
AUD-04027,audits,mixed_date_format:inspection_date,used format %d-%b-%Y: 03-Oct-2024
AUD-04032,audits,mixed_date_format:inspection_date,used format %d-%b-%Y: 22-Apr-2024
AUD-04039,audits,mixed_date_format:inspection_date,used format %d-%b-%Y: 28-Sep-2025
AUD-04039,audits,mixed_date_format:closed_date,used format %m/%d/%Y: 10/27/2025
AUD-04040,audits,mixed_date_format:inspection_date,used format %Y-%m-%dT%H:%M:%SZ: 2024-11-16T00:00:00Z
AUD-04042,audits,mixed_date_format:closed_date,used format %d/%m/%Y: 04/01/2025
AUD-04048,audits,mixed_date_format:inspection_date,used format %d-%b-%Y: 13-Dec-2025
AUD-04052,audits,mixed_date_format:closed_date,used format %d/%m/%Y: 19/03/2024
AUD-04054,audits,mixed_date_format:closed_date,used format %d-%b-%Y: 18-Jan-2026
AUD-04055,audits,mixed_date_format:closed_date,used format %d/%m/%Y: 25/05/2024
AUD-04060,audits,mixed_date_format:closed_date,used format %d-%b-%Y: 17-Feb-2025
AUD-04061,audits,mixed_date_format:closed_date,used format %d-%b-%Y: 14-Mar-2025
AUD-04061,audits,closed_before_inspection,closed=2025-02-27 < inspection=2025-03-04
AUD-04073,audits,mixed_date_format:inspection_date,used format %m/%d/%Y: 06/04/2024
AUD-04076,audits,mixed_date_format:closed_date,used format %d/%m/%Y: 05/03/2024
AUD-04079,audits,mixed_date_format:closed_date,used format %m/%d/%Y: 11/22/2025
AUD-04080,audits,mixed_date_format:inspection_date,used format %m/%d/%Y: 06/30/2025
AUD-04085,audits,mixed_date_format:inspection_date,used format %d-%b-%Y: 10-Mar-2024
AUD-04088,audits,mixed_date_format:closed_date,used format %m/%d/%Y: 01/08/2025
AUD-04094,audits,mixed_date_format:closed_date,used format %Y-%m-%dT%H:%M:%SZ: 2026-07-21T00:00:00Z
AUD-04097,audits,out_of_range:compliance_score,112.7
AUD-04098,audits,mixed_date_format:inspection_date,used format %d/%m/%Y: 28/04/2024
AUD-04099,audits,mixed_date_format:closed_date,used format %d-%b-%Y: 29-Apr-2026
AUD-04103,audits,closed_before_inspection,closed=2026-06-28 < inspection=2026-07-06
AUD-04108,audits,out_of_range:compliance_score,150.2
AUD-04122,audits,mixed_date_format:inspection_date,used format %m/%d/%Y: 12/10/2025
AUD-04123,audits,mixed_date_format:inspection_date,used format %Y-%m-%dT%H:%M:%SZ: 2025-12-27T00:00:00Z
AUD-04124,audits,mixed_date_format:closed_date,used format %d/%m/%Y: 19/08/2024
AUD-04128,audits,out_of_range:compliance_score,112.6
AUD-04129,audits,mixed_date_format:closed_date,used format %d/%m/%Y: 16/08/2025
AUD-04142,audits,mixed_date_format:inspection_date,used format %Y-%m-%dT%H:%M:%SZ: 2026-07-19T00:00:00Z
AUD-04142,audits,mixed_date_format:closed_date,used format %Y-%m-%dT%H:%M:%SZ: 2026-08-02T00:00:00Z
AUD-04143,audits,mixed_date_format:closed_date,used format %m/%d/%Y: 01/18/2026
AUD-04151,audits,mixed_date_format:closed_date,used format %Y-%m-%dT%H:%M:%SZ: 2025-10-21T00:00:00Z
AUD-04153,audits,mixed_date_format:closed_date,used format %Y-%m-%dT%H:%M:%SZ: 2024-08-01T00:00:00Z
AUD-04158,audits,mixed_date_format:inspection_date,used format %d/%m/%Y: 12/09/2024
AUD-04160,audits,mixed_date_format:inspection_date,used format %d-%b-%Y: 12-Sep-2024
AUD-04160,audits,mixed_date_format:closed_date,used format %d/%m/%Y: 24/09/2024
AUD-04167,audits,mixed_date_format:inspection_date,used format %m/%d/%Y: 11/05/2024
AUD-04185,audits,mixed_date_format:closed_date,used format %m/%d/%Y: 01/22/2026
AUD-04195,audits,mixed_date_format:inspection_date,used format %d-%b-%Y: 27-Jun-2026
AUD-04202,audits,mixed_date_format:inspection_date,used format %d-%b-%Y: 21-Jun-2024
AUD-04209,audits,mixed_date_format:inspection_date,used format %d/%m/%Y: 16/08/2025
AUD-04212,audits,closed_before_inspection,closed=2025-08-17 < inspection=2025-08-27
AUD-04214,audits,mixed_date_format:inspection_date,used format %d/%m/%Y: 26/05/2025
AUD-04217,audits,closed_before_inspection,closed=2024-09-16 < inspection=2024-10-04
AUD-04218,audits,mixed_date_format:inspection_date,used format %d-%b-%Y: 15-Mar-2025
AUD-04219,audits,mixed_date_format:closed_date,used format %m/%d/%Y: 04/04/2025
AUD-04224,audits,mixed_date_format:inspection_date,used format %d/%m/%Y: 27/05/2024
AUD-04227,audits,future_date:inspection_date,2026-09-19
AUD-04229,audits,mixed_date_format:inspection_date,used format %d/%m/%Y: 13/04/2025
AUD-04242,audits,mixed_date_format:inspection_date,used format %d-%b-%Y: 22-Jun-2025
AUD-04244,audits,mixed_date_format:inspection_date,used format %Y-%m-%dT%H:%M:%SZ: 2025-08-24T00:00:00Z
AUD-04245,audits,mixed_date_format:inspection_date,used format %m/%d/%Y: 11/29/2025
AUD-04252,audits,mixed_date_format:inspection_date,used format %Y-%m-%dT%H:%M:%SZ: 2025-07-16T00:00:00Z
AUD-04256,audits,mixed_date_format:inspection_date,used format %Y-%m-%dT%H:%M:%SZ: 2025-07-10T00:00:00Z
AUD-04258,audits,mixed_date_format:inspection_date,used format %d/%m/%Y: 14/04/2024
AUD-04264,audits,mixed_date_format:inspection_date,used format %Y-%m-%dT%H:%M:%SZ: 2025-01-20T00:00:00Z
AUD-04265,audits,mixed_date_format:inspection_date,used format %m/%d/%Y: 09/16/2025
AUD-04269,audits,out_of_range:compliance_score,-3.4
AUD-04288,audits,mixed_date_format:inspection_date,used format %d-%b-%Y: 19-Jan-2025
AUD-04291,audits,mixed_date_format:inspection_date,used format %d/%m/%Y: 11/03/2025
AUD-04294,audits,mixed_date_format:inspection_date,used format %Y-%m-%dT%H:%M:%SZ: 2026-02-09T00:00:00Z
AUD-04300,audits,mixed_date_format:inspection_date,used format %m/%d/%Y: 09/18/2025
AUD-04302,audits,mixed_date_format:closed_date,used format %d-%b-%Y: 20-Jul-2025
AUD-04303,audits,mixed_date_format:closed_date,used format %d-%b-%Y: 23-Jun-2024
AUD-04309,audits,mixed_date_format:inspection_date,used format %d/%m/%Y: 14/08/2024
AUD-04309,audits,mixed_date_format:closed_date,used format %d-%b-%Y: 06-Nov-2024
AUD-04314,audits,mixed_date_format:closed_date,used format %d-%b-%Y: 11-Jun-2026
AUD-04320,audits,mixed_date_format:closed_date,used format %d/%m/%Y: 07/07/2024
AUD-04322,audits,mixed_date_format:closed_date,used format %m/%d/%Y: 10/27/2024
AUD-04340,audits,mixed_date_format:inspection_date,used format %d/%m/%Y: 01/03/2025
AUD-04341,audits,mixed_date_format:closed_date,used format %Y-%m-%dT%H:%M:%SZ: 2025-01-31T00:00:00Z
AUD-04354,audits,mixed_date_format:inspection_date,used format %d-%b-%Y: 05-Jan-2025
AUD-04355,audits,mixed_date_format:inspection_date,used format %d/%m/%Y: 21/05/2025
AUD-04356,audits,mixed_date_format:inspection_date,used format %d-%b-%Y: 17-Jan-2025
AUD-04357,audits,mixed_date_format:inspection_date,used format %d-%b-%Y: 07-May-2026
AUD-04357,audits,mixed_date_format:closed_date,used format %d/%m/%Y: 24/07/2026
AUD-04358,audits,mixed_date_format:inspection_date,used format %m/%d/%Y: 08/30/2025
AUD-04360,audits,mixed_date_format:inspection_date,used format %d/%m/%Y: 12/12/2025
AUD-04362,audits,mixed_date_format:closed_date,used format %d/%m/%Y: 22/02/2025
AUD-04368,audits,mixed_date_format:closed_date,used format %d-%b-%Y: 12-Apr-2025
AUD-04376,audits,mixed_date_format:closed_date,used format %m/%d/%Y: 03/12/2024
AUD-04377,audits,mixed_date_format:closed_date,used format %d-%b-%Y: 03-Nov-2025
AUD-04378,audits,mixed_date_format:inspection_date,used format %Y-%m-%dT%H:%M:%SZ: 2024-08-09T00:00:00Z
AUD-04378,audits,mixed_date_format:closed_date,used format %Y-%m-%dT%H:%M:%SZ: 2024-08-24T00:00:00Z
AUD-04382,audits,mixed_date_format:inspection_date,used format %d/%m/%Y: 05/02/2026
AUD-04384,audits,mixed_date_format:inspection_date,used format %m/%d/%Y: 10/06/2025
AUD-04385,audits,mixed_date_format:inspection_date,used format %m/%d/%Y: 04/05/2026
AUD-04394,audits,mixed_date_format:closed_date,used format %d/%m/%Y: 01/10/2024
AUD-04400,audits,mixed_date_format:inspection_date,used format %Y-%m-%dT%H:%M:%SZ: 2024-03-10T00:00:00Z
AUD-04406,audits,mixed_date_format:closed_date,used format %d-%b-%Y: 20-Apr-2025
AUD-04409,audits,mixed_date_format:closed_date,used format %Y-%m-%dT%H:%M:%SZ: 2026-06-12T00:00:00Z
AUD-04412,audits,mixed_date_format:inspection_date,used format %d-%b-%Y: 21-Mar-2026
AUD-04418,audits,mixed_date_format:inspection_date,used format %d-%b-%Y: 12-Aug-2024
AUD-04422,audits,out_of_range:compliance_score,-3.1
AUD-04423,audits,out_of_range:compliance_score,112.8
AUD-04424,audits,out_of_range:compliance_score,150.1
AUD-04426,audits,mixed_date_format:inspection_date,used format %m/%d/%Y: 12/23/2024
AUD-04426,audits,mixed_date_format:closed_date,used format %Y-%m-%dT%H:%M:%SZ: 2025-01-02T00:00:00Z
AUD-04430,audits,mixed_date_format:inspection_date,used format %d/%m/%Y: 29/08/2025
AUD-04443,audits,mixed_date_format:inspection_date,used format %d/%m/%Y: 26/04/2026
AUD-04445,audits,mixed_date_format:closed_date,used format %d/%m/%Y: 23/02/2026
AUD-04449,audits,future_date:inspection_date,2026-08-27
AUD-04454,audits,mixed_date_format:inspection_date,used format %d/%m/%Y: 04/11/2024
AUD-04457,audits,mixed_date_format:inspection_date,used format %d-%b-%Y: 19-Jul-2025
AUD-04460,audits,out_of_range:compliance_score,-2.9
AUD-04469,audits,mixed_date_format:inspection_date,used format %d-%b-%Y: 20-Nov-2025
AUD-04471,audits,mixed_date_format:inspection_date,used format %m/%d/%Y: 04/10/2026
AUD-04475,audits,mixed_date_format:closed_date,used format %d-%b-%Y: 12-May-2025
AUD-04479,audits,closed_before_inspection,closed=2026-02-10 < inspection=2026-03-09
AUD-04480,audits,mixed_date_format:inspection_date,used format %d-%b-%Y: 08-Jan-2025
AUD-04480,audits,mixed_date_format:closed_date,used format %m/%d/%Y: 01/22/2025
AUD-04484,audits,mixed_date_format:inspection_date,used format %m/%d/%Y: 06/07/2026
AUD-04491,audits,mixed_date_format:closed_date,used format %d/%m/%Y: 25/05/2025
AUD-04516,audits,mixed_date_format:closed_date,used format %d/%m/%Y: 31/03/2024
AUD-04516,audits,closed_before_inspection,closed=2024-02-10 < inspection=2024-03-08
AUD-04517,audits,mixed_date_format:inspection_date,used format %d/%m/%Y: 19/12/2025
AUD-04518,audits,mixed_date_format:inspection_date,used format %m/%d/%Y: 06/19/2025
AUD-04519,audits,mixed_date_format:closed_date,used format %d-%b-%Y: 29-May-2024
AUD-04520,audits,mixed_date_format:inspection_date,used format %d-%b-%Y: 11-Jun-2026
AUD-04521,audits,mixed_date_format:inspection_date,used format %Y-%m-%dT%H:%M:%SZ: 2026-06-25T00:00:00Z
AUD-04521,audits,mixed_date_format:closed_date,used format %d-%b-%Y: 04-Jul-2026
AUD-04523,audits,mixed_date_format:closed_date,used format %d-%b-%Y: 05-Jan-2025
AUD-04527,audits,mixed_date_format:inspection_date,used format %m/%d/%Y: 08/11/2024
AUD-04535,audits,mixed_date_format:inspection_date,used format %m/%d/%Y: 05/08/2025
AUD-04535,audits,mixed_date_format:closed_date,used format %d-%b-%Y: 13-May-2025
AUD-04536,audits,mixed_date_format:inspection_date,used format %Y-%m-%dT%H:%M:%SZ: 2024-03-23T00:00:00Z
AUD-04537,audits,out_of_range:compliance_score,112.7
AUD-04540,audits,mixed_date_format:inspection_date,used format %Y-%m-%dT%H:%M:%SZ: 2024-10-16T00:00:00Z
AUD-04541,audits,mixed_date_format:inspection_date,used format %m/%d/%Y: 11/17/2025
AUD-04552,audits,mixed_date_format:inspection_date,used format %d-%b-%Y: 19-Feb-2026
AUD-04559,audits,mixed_date_format:inspection_date,used format %d-%b-%Y: 15-Jan-2026
AUD-04563,audits,closed_before_inspection,closed=2025-02-11 < inspection=2025-02-17
AUD-04564,audits,out_of_range:compliance_score,112.2
AUD-04567,audits,mixed_date_format:inspection_date,used format %m/%d/%Y: 12/05/2024
AUD-04568,audits,mixed_date_format:inspection_date,used format %Y-%m-%dT%H:%M:%SZ: 2024-12-10T00:00:00Z
AUD-04571,audits,mixed_date_format:inspection_date,used format %d/%m/%Y: 14/12/2025
AUD-04571,audits,mixed_date_format:closed_date,used format %m/%d/%Y: 12/23/2025
AUD-04577,audits,mixed_date_format:inspection_date,used format %d/%m/%Y: 03/02/2026
AUD-04580,audits,future_date:inspection_date,2026-08-03
AUD-04581,audits,mixed_date_format:inspection_date,used format %d-%b-%Y: 11-Apr-2024
AUD-04582,audits,mixed_date_format:inspection_date,used format %d-%b-%Y: 19-Jul-2024
AUD-04582,audits,mixed_date_format:closed_date,used format %m/%d/%Y: 09/07/2024
AUD-04586,audits,mixed_date_format:inspection_date,used format %d/%m/%Y: 12/08/2025
AUD-04586,audits,mixed_date_format:closed_date,used format %Y-%m-%dT%H:%M:%SZ: 2025-08-22T00:00:00Z
AUD-04589,audits,mixed_date_format:inspection_date,used format %d-%b-%Y: 19-Nov-2025
AUD-04592,audits,mixed_date_format:inspection_date,used format %d/%m/%Y: 28/10/2024
AUD-04598,audits,mixed_date_format:inspection_date,used format %d/%m/%Y: 10/11/2024
AUD-04600,audits,mixed_date_format:inspection_date,used format %d-%b-%Y: 09-Jun-2025
AUD-04601,audits,mixed_date_format:inspection_date,used format %Y-%m-%dT%H:%M:%SZ: 2026-04-21T00:00:00Z
AUD-04602,audits,mixed_date_format:inspection_date,used format %d-%b-%Y: 11-Jul-2026
AUD-04606,audits,mixed_date_format:inspection_date,used format %d-%b-%Y: 20-Apr-2024
AUD-04606,audits,mixed_date_format:closed_date,used format %Y-%m-%dT%H:%M:%SZ: 2024-05-12T00:00:00Z
AUD-04607,audits,mixed_date_format:inspection_date,used format %m/%d/%Y: 08/23/2025
AUD-04611,audits,mixed_date_format:closed_date,used format %Y-%m-%dT%H:%M:%SZ: 2025-10-30T00:00:00Z
AUD-04613,audits,mixed_date_format:inspection_date,used format %d/%m/%Y: 23/08/2024
AUD-04615,audits,mixed_date_format:closed_date,used format %d/%m/%Y: 05/02/2026
AUD-04616,audits,mixed_date_format:closed_date,used format %d/%m/%Y: 06/01/2025
AUD-04617,audits,mixed_date_format:inspection_date,used format %d-%b-%Y: 10-May-2026
AUD-04622,audits,mixed_date_format:inspection_date,used format %d/%m/%Y: 04/12/2025
AUD-04623,audits,mixed_date_format:inspection_date,used format %m/%d/%Y: 02/20/2025
AUD-04632,audits,mixed_date_format:closed_date,used format %d-%b-%Y: 05-Dec-2025
AUD-04644,audits,mixed_date_format:inspection_date,used format %Y-%m-%dT%H:%M:%SZ: 2025-01-11T00:00:00Z
AUD-04646,audits,mixed_date_format:inspection_date,used format %d-%b-%Y: 12-Dec-2025
AUD-04648,audits,closed_before_inspection,closed=2026-04-27 < inspection=2026-05-13
AUD-04649,audits,mixed_date_format:closed_date,used format %Y-%m-%dT%H:%M:%SZ: 2026-05-28T00:00:00Z
AUD-04653,audits,closed_before_inspection,closed=2026-05-24 < inspection=2026-06-09
AUD-04660,audits,mixed_date_format:inspection_date,used format %d/%m/%Y: 20/11/2024
AUD-04667,audits,mixed_date_format:closed_date,used format %m/%d/%Y: 04/15/2025
AUD-04683,audits,mixed_date_format:closed_date,used format %d-%b-%Y: 03-Jun-2024
AUD-04684,audits,mixed_date_format:closed_date,used format %Y-%m-%dT%H:%M:%SZ: 2024-03-22T00:00:00Z
AUD-04685,audits,mixed_date_format:inspection_date,used format %m/%d/%Y: 02/23/2024
AUD-04690,audits,mixed_date_format:inspection_date,used format %d/%m/%Y: 16/05/2025
AUD-04700,audits,mixed_date_format:inspection_date,used format %Y-%m-%dT%H:%M:%SZ: 2025-01-20T00:00:00Z
AUD-04703,audits,mixed_date_format:inspection_date,used format %d-%b-%Y: 15-May-2024
AUD-04705,audits,mixed_date_format:closed_date,used format %Y-%m-%dT%H:%M:%SZ: 2025-05-18T00:00:00Z
AUD-04712,audits,mixed_date_format:inspection_date,used format %d-%b-%Y: 24-Jun-2024
AUD-04714,audits,mixed_date_format:inspection_date,used format %Y-%m-%dT%H:%M:%SZ: 2024-06-08T00:00:00Z
AUD-04714,audits,mixed_date_format:closed_date,used format %m/%d/%Y: 07/04/2024
AUD-04719,audits,mixed_date_format:inspection_date,used format %d-%b-%Y: 25-Oct-2024
AUD-04722,audits,mixed_date_format:inspection_date,used format %Y-%m-%dT%H:%M:%SZ: 2026-02-18T00:00:00Z
AUD-04725,audits,mixed_date_format:inspection_date,used format %Y-%m-%dT%H:%M:%SZ: 2025-07-28T00:00:00Z
AUD-04728,audits,mixed_date_format:inspection_date,used format %m/%d/%Y: 07/30/2024
AUD-04732,audits,mixed_date_format:inspection_date,used format %d-%b-%Y: 24-Dec-2025
AUD-04736,audits,mixed_date_format:inspection_date,used format %d/%m/%Y: 13/03/2024
AUD-04747,audits,mixed_date_format:inspection_date,used format %m/%d/%Y: 03/30/2025
AUD-04747,audits,mixed_date_format:closed_date,used format %d-%b-%Y: 24-Apr-2025
AUD-04752,audits,mixed_date_format:inspection_date,used format %d/%m/%Y: 16/10/2025
AUD-04756,audits,mixed_date_format:inspection_date,used format %d-%b-%Y: 25-Nov-2025
AUD-04765,audits,mixed_date_format:inspection_date,used format %Y-%m-%dT%H:%M:%SZ: 2024-06-24T00:00:00Z
AUD-04765,audits,mixed_date_format:closed_date,used format %d/%m/%Y: 14/07/2024
AUD-04770,audits,closed_before_inspection,closed=2026-06-27 < inspection=2026-07-08
AUD-04775,audits,mixed_date_format:inspection_date,used format %Y-%m-%dT%H:%M:%SZ: 2024-08-26T00:00:00Z
AUD-04777,audits,mixed_date_format:inspection_date,used format %d-%b-%Y: 19-Feb-2026
AUD-04780,audits,mixed_date_format:inspection_date,used format %d-%b-%Y: 20-May-2026
AUD-04781,audits,mixed_date_format:inspection_date,used format %m/%d/%Y: 12/08/2024
AUD-04787,audits,mixed_date_format:closed_date,used format %m/%d/%Y: 03/22/2024
AUD-04799,audits,closed_before_inspection,closed=2025-12-18 < inspection=2026-01-04
AUD-04803,audits,mixed_date_format:inspection_date,used format %m/%d/%Y: 06/04/2025
AUD-04817,audits,mixed_date_format:inspection_date,used format %m/%d/%Y: 02/04/2026
AUD-04823,audits,mixed_date_format:closed_date,used format %m/%d/%Y: 08/10/2026
AUD-04830,audits,future_date:inspection_date,2026-08-23
AUD-04837,audits,mixed_date_format:inspection_date,used format %d/%m/%Y: 20/06/2025
AUD-04842,audits,mixed_date_format:closed_date,used format %d-%b-%Y: 02-Aug-2025
AUD-04847,audits,mixed_date_format:inspection_date,used format %d/%m/%Y: 29/04/2025
AUD-04849,audits,out_of_range:compliance_score,-7.5
AUD-04852,audits,mixed_date_format:closed_date,used format %m/%d/%Y: 06/01/2024
AUD-04857,audits,mixed_date_format:inspection_date,used format %d/%m/%Y: 09/10/2025
AUD-04858,audits,closed_before_inspection,closed=2025-01-01 < inspection=2025-01-15
AUD-04859,audits,mixed_date_format:closed_date,used format %Y-%m-%dT%H:%M:%SZ: 2025-09-27T00:00:00Z
AUD-04861,audits,mixed_date_format:inspection_date,used format %d-%b-%Y: 13-Oct-2025
AUD-04862,audits,mixed_date_format:inspection_date,used format %Y-%m-%dT%H:%M:%SZ: 2026-06-24T00:00:00Z
AUD-04866,audits,mixed_date_format:closed_date,used format %Y-%m-%dT%H:%M:%SZ: 2024-12-08T00:00:00Z
AUD-04868,audits,mixed_date_format:closed_date,used format %m/%d/%Y: 06/17/2025
AUD-04871,audits,mixed_date_format:inspection_date,used format %d/%m/%Y: 02/07/2024
AUD-04874,audits,mixed_date_format:closed_date,used format %Y-%m-%dT%H:%M:%SZ: 2025-06-03T00:00:00Z
AUD-04878,audits,mixed_date_format:inspection_date,used format %d-%b-%Y: 21-Mar-2026
AUD-04884,audits,mixed_date_format:closed_date,used format %m/%d/%Y: 07/28/2024
AUD-04897,audits,mixed_date_format:inspection_date,used format %d-%b-%Y: 04-May-2024
AUD-04899,audits,mixed_date_format:closed_date,used format %d-%b-%Y: 22-Aug-2024
AUD-04900,audits,closed_before_inspection,closed=2025-11-24 < inspection=2025-12-18
AUD-04908,audits,mixed_date_format:closed_date,used format %Y-%m-%dT%H:%M:%SZ: 2025-05-22T00:00:00Z
AUD-04909,audits,mixed_date_format:inspection_date,used format %d-%b-%Y: 14-Jun-2024
AUD-04916,audits,mixed_date_format:inspection_date,used format %Y-%m-%dT%H:%M:%SZ: 2024-03-09T00:00:00Z
AUD-04919,audits,mixed_date_format:closed_date,used format %m/%d/%Y: 05/05/2024
AUD-04920,audits,mixed_date_format:closed_date,used format %d/%m/%Y: 24/04/2026
AUD-04922,audits,mixed_date_format:closed_date,used format %d-%b-%Y: 14-Mar-2026
AUD-04926,audits,mixed_date_format:inspection_date,used format %Y-%m-%dT%H:%M:%SZ: 2026-07-04T00:00:00Z
AUD-04928,audits,closed_before_inspection,closed=2026-04-06 < inspection=2026-05-03
AUD-04934,audits,mixed_date_format:inspection_date,used format %d/%m/%Y: 14/10/2024
AUD-04937,audits,mixed_date_format:inspection_date,used format %Y-%m-%dT%H:%M:%SZ: 2024-09-28T00:00:00Z
AUD-04939,audits,mixed_date_format:inspection_date,used format %m/%d/%Y: 04/16/2024
AUD-04942,audits,mixed_date_format:inspection_date,used format %m/%d/%Y: 02/28/2026
AUD-04945,audits,mixed_date_format:inspection_date,used format %m/%d/%Y: 08/23/2024
AUD-04945,audits,out_of_range:compliance_score,150.9
AUD-04957,audits,mixed_date_format:inspection_date,used format %m/%d/%Y: 02/13/2026
AUD-04960,audits,future_date:inspection_date,2026-09-05
AUD-04963,audits,future_date:inspection_date,2026-07-23
AUD-04964,audits,mixed_date_format:inspection_date,used format %Y-%m-%dT%H:%M:%SZ: 2024-03-05T00:00:00Z
AUD-04968,audits,mixed_date_format:inspection_date,used format %m/%d/%Y: 04/27/2025
AUD-04978,audits,out_of_range:compliance_score,-7.8
AUD-04984,audits,mixed_date_format:inspection_date,used format %d-%b-%Y: 25-Apr-2025
AUD-04999,audits,mixed_date_format:inspection_date,used format %d-%b-%Y: 28-Feb-2026
AUD-04999,audits,mixed_date_format:closed_date,used format %m/%d/%Y: 03/09/2026
AUD-05000,audits,mixed_date_format:inspection_date,used format %d-%b-%Y: 28-Sep-2025
AUD-05006,audits,mixed_date_format:inspection_date,used format %m/%d/%Y: 03/27/2024
AUD-05007,audits,mixed_date_format:closed_date,used format %m/%d/%Y: 11/27/2025
AUD-05007,audits,closed_before_inspection,closed=2025-08-17 < inspection=2025-09-09
AUD-05014,audits,out_of_range:compliance_score,104.5
AUD-05016,audits,mixed_date_format:inspection_date,used format %d-%b-%Y: 16-Jul-2026
AUD-05016,audits,mixed_date_format:closed_date,used format %d/%m/%Y: 02/08/2026
AUD-05018,audits,mixed_date_format:closed_date,used format %Y-%m-%dT%H:%M:%SZ: 2024-09-24T00:00:00Z
AUD-05019,audits,mixed_date_format:inspection_date,used format %m/%d/%Y: 01/26/2025
AUD-05019,audits,out_of_range:compliance_score,112.8
AUD-05023,audits,closed_before_inspection,closed=2025-05-08 < inspection=2025-05-27
AUD-05033,audits,mixed_date_format:closed_date,used format %m/%d/%Y: 05/22/2024
AUD-05037,audits,mixed_date_format:closed_date,used format %m/%d/%Y: 11/07/2025
AUD-05038,audits,mixed_date_format:inspection_date,used format %d-%b-%Y: 04-Aug-2024
AUD-05038,audits,mixed_date_format:closed_date,used format %d/%m/%Y: 30/09/2024
AUD-05042,audits,mixed_date_format:inspection_date,used format %d-%b-%Y: 26-Apr-2025
AUD-05042,audits,mixed_date_format:closed_date,used format %Y-%m-%dT%H:%M:%SZ: 2025-05-05T00:00:00Z
AUD-05054,audits,closed_before_inspection,closed=2025-11-29 < inspection=2025-12-29
AUD-05058,audits,mixed_date_format:inspection_date,used format %d-%b-%Y: 11-Mar-2026
AUD-05061,audits,mixed_date_format:closed_date,used format %d/%m/%Y: 11/07/2025
AUD-05068,audits,mixed_date_format:inspection_date,used format %Y-%m-%dT%H:%M:%SZ: 2024-11-04T00:00:00Z
AUD-05073,audits,mixed_date_format:inspection_date,used format %m/%d/%Y: 02/28/2024
AUD-05078,audits,mixed_date_format:inspection_date,used format %m/%d/%Y: 01/31/2025
AUD-05079,audits,mixed_date_format:closed_date,used format %d-%b-%Y: 04-Jun-2025
AUD-05084,audits,mixed_date_format:inspection_date,used format %m/%d/%Y: 10/28/2024
AUD-05086,audits,mixed_date_format:inspection_date,used format %Y-%m-%dT%H:%M:%SZ: 2026-02-20T00:00:00Z
AUD-05089,audits,mixed_date_format:inspection_date,used format %d-%b-%Y: 25-Dec-2024
AUD-05090,audits,mixed_date_format:inspection_date,used format %m/%d/%Y: 01/03/2026
AUD-05095,audits,mixed_date_format:inspection_date,used format %d-%b-%Y: 19-May-2026
AUD-05096,audits,mixed_date_format:closed_date,used format %m/%d/%Y: 06/26/2025
AUD-05103,audits,mixed_date_format:closed_date,used format %Y-%m-%dT%H:%M:%SZ: 2025-01-14T00:00:00Z
AUD-05104,audits,future_date:inspection_date,2026-09-12
AUD-05118,audits,mixed_date_format:closed_date,used format %d-%b-%Y: 01-Oct-2024
AUD-05127,audits,mixed_date_format:inspection_date,used format %d-%b-%Y: 14-Dec-2024
AUD-05130,audits,closed_before_inspection,closed=2025-04-25 < inspection=2025-05-14
AUD-05140,audits,future_date:inspection_date,2026-09-17
AUD-05141,audits,mixed_date_format:closed_date,used format %Y-%m-%dT%H:%M:%SZ: 2025-06-24T00:00:00Z
AUD-05148,audits,mixed_date_format:inspection_date,used format %d-%b-%Y: 21-Mar-2024
AUD-05155,audits,mixed_date_format:inspection_date,used format %d-%b-%Y: 05-Apr-2026
AUD-05165,audits,mixed_date_format:closed_date,used format %m/%d/%Y: 01/14/2025
AUD-05167,audits,mixed_date_format:inspection_date,used format %m/%d/%Y: 06/13/2026
AUD-05176,audits,mixed_date_format:closed_date,used format %d-%b-%Y: 18-Jul-2025
AUD-05182,audits,mixed_date_format:inspection_date,used format %Y-%m-%dT%H:%M:%SZ: 2026-07-02T00:00:00Z
AUD-05184,audits,closed_before_inspection,closed=2025-09-27 < inspection=2025-10-12
AUD-05191,audits,mixed_date_format:inspection_date,used format %m/%d/%Y: 08/30/2024
AUD-05191,audits,mixed_date_format:closed_date,used format %Y-%m-%dT%H:%M:%SZ: 2024-09-06T00:00:00Z
AUD-05198,audits,mixed_date_format:closed_date,used format %m/%d/%Y: 01/31/2026
AUD-05205,audits,mixed_date_format:inspection_date,used format %m/%d/%Y: 06/15/2024
AUD-05206,audits,mixed_date_format:inspection_date,used format %d-%b-%Y: 18-Aug-2025
AUD-05219,audits,future_date:inspection_date,2026-08-28
AUD-05220,audits,mixed_date_format:inspection_date,used format %m/%d/%Y: 05/16/2024
AUD-05227,audits,closed_before_inspection,closed=2024-10-15 < inspection=2024-11-01
AUD-05229,audits,mixed_date_format:inspection_date,used format %d-%b-%Y: 14-Nov-2024
AUD-05235,audits,mixed_date_format:inspection_date,used format %d/%m/%Y: 28/10/2024
AUD-05240,audits,mixed_date_format:inspection_date,used format %Y-%m-%dT%H:%M:%SZ: 2024-12-07T00:00:00Z
AUD-05240,audits,out_of_range:compliance_score,150.9
AUD-05251,audits,mixed_date_format:inspection_date,used format %d/%m/%Y: 02/01/2025
AUD-05252,audits,mixed_date_format:closed_date,used format %m/%d/%Y: 05/16/2024
AUD-05255,audits,mixed_date_format:inspection_date,used format %m/%d/%Y: 08/22/2025
AUD-05257,audits,mixed_date_format:inspection_date,used format %m/%d/%Y: 07/28/2024
AUD-05258,audits,mixed_date_format:inspection_date,used format %d-%b-%Y: 09-Mar-2024
AUD-05261,audits,mixed_date_format:inspection_date,used format %d/%m/%Y: 27/06/2025
AUD-05262,audits,closed_before_inspection,closed=2026-06-17 < inspection=2026-06-24
AUD-05263,audits,mixed_date_format:inspection_date,used format %Y-%m-%dT%H:%M:%SZ: 2026-03-10T00:00:00Z
AUD-05264,audits,mixed_date_format:inspection_date,used format %Y-%m-%dT%H:%M:%SZ: 2025-08-31T00:00:00Z
AUD-05269,audits,mixed_date_format:closed_date,used format %m/%d/%Y: 06/16/2024
AUD-05272,audits,mixed_date_format:inspection_date,used format %Y-%m-%dT%H:%M:%SZ: 2025-08-25T00:00:00Z
AUD-05277,audits,mixed_date_format:inspection_date,used format %d-%b-%Y: 18-May-2025
AUD-05277,audits,out_of_range:compliance_score,-7.5
AUD-05279,audits,closed_before_inspection,closed=2024-11-13 < inspection=2024-12-06
AUD-05281,audits,mixed_date_format:closed_date,used format %Y-%m-%dT%H:%M:%SZ: 2024-10-19T00:00:00Z
AUD-05291,audits,mixed_date_format:closed_date,used format %d-%b-%Y: 27-Jul-2026
AUD-05292,audits,mixed_date_format:inspection_date,used format %d-%b-%Y: 09-Jul-2025
AUD-05293,audits,mixed_date_format:closed_date,used format %d-%b-%Y: 28-Aug-2024
AUD-05295,audits,mixed_date_format:inspection_date,used format %d/%m/%Y: 17/05/2025
AUD-05299,audits,mixed_date_format:inspection_date,used format %m/%d/%Y: 08/15/2025
AUD-05304,audits,mixed_date_format:inspection_date,used format %d/%m/%Y: 09/12/2024
AUD-05307,audits,closed_before_inspection,closed=2025-12-09 < inspection=2026-01-07
AUD-05310,audits,mixed_date_format:inspection_date,used format %d/%m/%Y: 07/08/2024
AUD-05311,audits,mixed_date_format:inspection_date,used format %d/%m/%Y: 11/03/2026
AUD-05316,audits,future_date:inspection_date,2026-08-23
AUD-05322,audits,mixed_date_format:inspection_date,used format %m/%d/%Y: 08/22/2024
AUD-05323,audits,mixed_date_format:inspection_date,used format %Y-%m-%dT%H:%M:%SZ: 2025-10-15T00:00:00Z
AUD-05325,audits,mixed_date_format:inspection_date,used format %m/%d/%Y: 04/01/2026
AUD-05326,audits,mixed_date_format:inspection_date,used format %Y-%m-%dT%H:%M:%SZ: 2024-05-18T00:00:00Z
AUD-05331,audits,closed_before_inspection,closed=2024-05-02 < inspection=2024-05-30
AUD-05334,audits,mixed_date_format:inspection_date,used format %m/%d/%Y: 02/15/2025
AUD-05337,audits,mixed_date_format:inspection_date,used format %d-%b-%Y: 01-May-2026
AUD-05338,audits,mixed_date_format:closed_date,used format %m/%d/%Y: 01/01/2026
AUD-05341,audits,mixed_date_format:inspection_date,used format %d/%m/%Y: 17/06/2025
AUD-05346,audits,mixed_date_format:closed_date,used format %d/%m/%Y: 14/06/2025
AUD-05349,audits,out_of_range:compliance_score,-3.2
AUD-05361,audits,future_date:inspection_date,2026-08-20
AUD-05362,audits,mixed_date_format:inspection_date,used format %d/%m/%Y: 09/04/2026
AUD-05366,audits,mixed_date_format:inspection_date,used format %m/%d/%Y: 01/31/2025
AUD-05370,audits,closed_before_inspection,closed=2024-04-17 < inspection=2024-05-03
AUD-05373,audits,mixed_date_format:closed_date,used format %d/%m/%Y: 18/02/2024
AUD-05376,audits,mixed_date_format:closed_date,used format %Y-%m-%dT%H:%M:%SZ: 2024-07-12T00:00:00Z
AUD-05378,audits,mixed_date_format:closed_date,used format %m/%d/%Y: 05/08/2025
AUD-05379,audits,mixed_date_format:inspection_date,used format %m/%d/%Y: 04/29/2024
AUD-05381,audits,mixed_date_format:inspection_date,used format %Y-%m-%dT%H:%M:%SZ: 2026-02-05T00:00:00Z
AUD-05382,audits,mixed_date_format:inspection_date,used format %m/%d/%Y: 03/16/2026
AUD-05386,audits,mixed_date_format:closed_date,used format %d/%m/%Y: 01/07/2024
AUD-05393,audits,mixed_date_format:inspection_date,used format %Y-%m-%dT%H:%M:%SZ: 2024-08-23T00:00:00Z
AUD-05393,audits,mixed_date_format:closed_date,used format %d-%b-%Y: 29-Aug-2024
AUD-05397,audits,mixed_date_format:inspection_date,used format %d/%m/%Y: 21/06/2024
AUD-05397,audits,mixed_date_format:closed_date,used format %Y-%m-%dT%H:%M:%SZ: 2024-07-12T00:00:00Z
AUD-05398,audits,mixed_date_format:inspection_date,used format %m/%d/%Y: 02/22/2025
AUD-05399,audits,mixed_date_format:inspection_date,used format %Y-%m-%dT%H:%M:%SZ: 2024-04-19T00:00:00Z
AUD-05402,audits,mixed_date_format:closed_date,used format %m/%d/%Y: 05/21/2024
AUD-05413,audits,mixed_date_format:inspection_date,used format %m/%d/%Y: 04/11/2025
AUD-05416,audits,closed_before_inspection,closed=2024-11-17 < inspection=2024-12-13
AUD-05424,audits,mixed_date_format:inspection_date,used format %d/%m/%Y: 03/08/2024
AUD-05424,audits,mixed_date_format:closed_date,used format %Y-%m-%dT%H:%M:%SZ: 2024-08-20T00:00:00Z
AUD-05426,audits,mixed_date_format:inspection_date,used format %Y-%m-%dT%H:%M:%SZ: 2026-01-17T00:00:00Z
AUD-05428,audits,mixed_date_format:inspection_date,used format %Y-%m-%dT%H:%M:%SZ: 2024-08-12T00:00:00Z
AUD-05432,audits,mixed_date_format:inspection_date,used format %d/%m/%Y: 05/03/2025
AUD-05433,audits,mixed_date_format:closed_date,used format %m/%d/%Y: 04/14/2025
AUD-05446,audits,mixed_date_format:inspection_date,used format %d/%m/%Y: 22/11/2025
AUD-05448,audits,mixed_date_format:inspection_date,used format %Y-%m-%dT%H:%M:%SZ: 2025-01-05T00:00:00Z
AUD-05464,audits,mixed_date_format:inspection_date,used format %d/%m/%Y: 15/07/2025
AUD-05470,audits,mixed_date_format:inspection_date,used format %d-%b-%Y: 13-Jul-2026
AUD-05472,audits,mixed_date_format:inspection_date,used format %d-%b-%Y: 20-Mar-2026
AUD-05480,audits,mixed_date_format:inspection_date,used format %m/%d/%Y: 04/18/2024
AUD-05480,audits,out_of_range:compliance_score,104.6
AUD-05483,audits,mixed_date_format:inspection_date,used format %d-%b-%Y: 20-Apr-2025
AUD-05487,audits,mixed_date_format:inspection_date,used format %d/%m/%Y: 13/04/2026
AUD-05488,audits,mixed_date_format:closed_date,used format %m/%d/%Y: 02/02/2026
AUD-05493,audits,mixed_date_format:closed_date,used format %d-%b-%Y: 10-Dec-2025
AUD-05494,audits,mixed_date_format:inspection_date,used format %Y-%m-%dT%H:%M:%SZ: 2024-04-05T00:00:00Z
AUD-05494,audits,mixed_date_format:closed_date,used format %d/%m/%Y: 16/04/2024
AUD-05496,audits,mixed_date_format:inspection_date,used format %d/%m/%Y: 03/10/2024
AUD-05503,audits,mixed_date_format:inspection_date,used format %d/%m/%Y: 16/08/2025
AUD-05503,audits,future_date:inspection_date,2026-09-01
AUD-05505,audits,mixed_date_format:inspection_date,used format %d/%m/%Y: 20/02/2025
AUD-05507,audits,mixed_date_format:inspection_date,used format %d-%b-%Y: 12-Apr-2025
AUD-05509,audits,mixed_date_format:inspection_date,used format %m/%d/%Y: 06/07/2026
AUD-05514,audits,mixed_date_format:inspection_date,used format %m/%d/%Y: 04/22/2025
AUD-05517,audits,mixed_date_format:inspection_date,used format %d-%b-%Y: 15-Jul-2025
AUD-05518,audits,mixed_date_format:closed_date,used format %m/%d/%Y: 07/20/2024
AUD-05519,audits,mixed_date_format:closed_date,used format %d-%b-%Y: 08-Apr-2025
AUD-05520,audits,mixed_date_format:inspection_date,used format %m/%d/%Y: 09/17/2025
AUD-05521,audits,mixed_date_format:inspection_date,used format %d/%m/%Y: 28/03/2026
AUD-05523,audits,mixed_date_format:inspection_date,used format %Y-%m-%dT%H:%M:%SZ: 2025-09-12T00:00:00Z
AUD-05524,audits,closed_before_inspection,closed=2025-03-16 < inspection=2025-04-02
AUD-05532,audits,mixed_date_format:inspection_date,used format %d/%m/%Y: 17/07/2025
AUD-05533,audits,mixed_date_format:inspection_date,used format %m/%d/%Y: 07/12/2024
AUD-05535,audits,mixed_date_format:closed_date,used format %m/%d/%Y: 06/27/2025
AUD-05536,audits,mixed_date_format:closed_date,used format %Y-%m-%dT%H:%M:%SZ: 2025-11-23T00:00:00Z
AUD-05537,audits,out_of_range:compliance_score,104.3
AUD-05557,audits,mixed_date_format:inspection_date,used format %d/%m/%Y: 05/12/2025
AUD-05558,audits,mixed_date_format:inspection_date,used format %d-%b-%Y: 26-Nov-2024
AUD-05560,audits,mixed_date_format:inspection_date,used format %Y-%m-%dT%H:%M:%SZ: 2025-05-01T00:00:00Z
AUD-05560,audits,mixed_date_format:closed_date,used format %m/%d/%Y: 05/20/2025
AUD-05562,audits,mixed_date_format:closed_date,used format %d-%b-%Y: 20-Mar-2025
AUD-05564,audits,mixed_date_format:inspection_date,used format %m/%d/%Y: 06/22/2026
AUD-05573,audits,mixed_date_format:inspection_date,used format %m/%d/%Y: 12/16/2024
AUD-05575,audits,mixed_date_format:inspection_date,used format %d-%b-%Y: 05-Jun-2025
AUD-05579,audits,out_of_range:compliance_score,112.5
AUD-05582,audits,mixed_date_format:inspection_date,used format %d-%b-%Y: 15-May-2026
AUD-05584,audits,mixed_date_format:closed_date,used format %m/%d/%Y: 07/18/2024
AUD-05585,audits,mixed_date_format:inspection_date,used format %m/%d/%Y: 06/17/2024
AUD-05585,audits,mixed_date_format:closed_date,used format %d/%m/%Y: 02/07/2024
AUD-05591,audits,mixed_date_format:inspection_date,used format %d-%b-%Y: 02-Aug-2025
AUD-05599,audits,mixed_date_format:inspection_date,used format %Y-%m-%dT%H:%M:%SZ: 2024-04-07T00:00:00Z
AUD-05600,audits,mixed_date_format:inspection_date,used format %m/%d/%Y: 02/05/2026
AUD-05605,audits,mixed_date_format:inspection_date,used format %Y-%m-%dT%H:%M:%SZ: 2025-03-28T00:00:00Z
AUD-05608,audits,mixed_date_format:inspection_date,used format %d-%b-%Y: 23-Mar-2024
AUD-05612,audits,mixed_date_format:inspection_date,used format %m/%d/%Y: 06/02/2025
AUD-05616,audits,mixed_date_format:inspection_date,used format %d/%m/%Y: 27/08/2025
AUD-05619,audits,mixed_date_format:closed_date,used format %d-%b-%Y: 19-Sep-2025
AUD-05625,audits,future_date:inspection_date,2026-08-02
AUD-05629,audits,future_date:inspection_date,2026-08-31
AUD-05630,audits,out_of_range:compliance_score,112.9
AUD-05635,audits,mixed_date_format:inspection_date,used format %m/%d/%Y: 05/18/2025
AUD-05636,audits,mixed_date_format:inspection_date,used format %d/%m/%Y: 07/10/2025
AUD-05640,audits,mixed_date_format:inspection_date,used format %d-%b-%Y: 03-Feb-2025
AUD-05649,audits,mixed_date_format:inspection_date,used format %Y-%m-%dT%H:%M:%SZ: 2024-02-19T00:00:00Z
AUD-05654,audits,mixed_date_format:closed_date,used format %Y-%m-%dT%H:%M:%SZ: 2025-08-14T00:00:00Z
AUD-05664,audits,mixed_date_format:closed_date,used format %d-%b-%Y: 01-May-2026
AUD-05665,audits,mixed_date_format:inspection_date,used format %d/%m/%Y: 07/02/2026
AUD-05666,audits,closed_before_inspection,closed=2026-02-23 < inspection=2026-03-05
AUD-05669,audits,mixed_date_format:closed_date,used format %d-%b-%Y: 23-Jan-2025
AUD-05672,audits,mixed_date_format:inspection_date,used format %d/%m/%Y: 15/04/2024
AUD-05672,audits,out_of_range:compliance_score,150.4
AUD-05675,audits,mixed_date_format:inspection_date,used format %d/%m/%Y: 09/01/2026
AUD-05680,audits,mixed_date_format:inspection_date,used format %d-%b-%Y: 04-Jan-2025
AUD-05682,audits,mixed_date_format:inspection_date,used format %d-%b-%Y: 10-Oct-2025
AUD-05691,audits,mixed_date_format:inspection_date,used format %Y-%m-%dT%H:%M:%SZ: 2025-03-08T00:00:00Z
AUD-05691,audits,future_date:inspection_date,2026-08-17
AUD-05698,audits,mixed_date_format:inspection_date,used format %m/%d/%Y: 09/15/2024
AUD-05699,audits,mixed_date_format:inspection_date,used format %d/%m/%Y: 15/08/2025
AUD-05703,audits,mixed_date_format:closed_date,used format %d/%m/%Y: 02/02/2026
AUD-05704,audits,mixed_date_format:inspection_date,used format %d-%b-%Y: 14-Feb-2026
AUD-05706,audits,mixed_date_format:closed_date,used format %d-%b-%Y: 07-Apr-2026
AUD-05710,audits,mixed_date_format:closed_date,used format %d-%b-%Y: 20-Apr-2026
AUD-05712,audits,mixed_date_format:inspection_date,used format %Y-%m-%dT%H:%M:%SZ: 2026-04-14T00:00:00Z
AUD-05713,audits,mixed_date_format:inspection_date,used format %d/%m/%Y: 19/10/2024
AUD-05716,audits,mixed_date_format:closed_date,used format %d/%m/%Y: 13/11/2024
AUD-05717,audits,out_of_range:compliance_score,150.3
AUD-05723,audits,mixed_date_format:closed_date,used format %d-%b-%Y: 22-Apr-2026
AUD-05723,audits,out_of_range:compliance_score,150.5
AUD-05726,audits,mixed_date_format:inspection_date,used format %Y-%m-%dT%H:%M:%SZ: 2026-06-12T00:00:00Z
AUD-05726,audits,mixed_date_format:closed_date,used format %Y-%m-%dT%H:%M:%SZ: 2026-06-26T00:00:00Z
AUD-05744,audits,mixed_date_format:inspection_date,used format %Y-%m-%dT%H:%M:%SZ: 2025-04-29T00:00:00Z
AUD-05748,audits,mixed_date_format:closed_date,used format %d-%b-%Y: 12-Apr-2025
AUD-05749,audits,mixed_date_format:closed_date,used format %m/%d/%Y: 02/19/2026
AUD-05750,audits,mixed_date_format:inspection_date,used format %m/%d/%Y: 11/17/2024
AUD-05754,audits,mixed_date_format:closed_date,used format %Y-%m-%dT%H:%M:%SZ: 2025-08-20T00:00:00Z
AUD-05761,audits,mixed_date_format:closed_date,used format %Y-%m-%dT%H:%M:%SZ: 2024-04-03T00:00:00Z
AUD-05766,audits,mixed_date_format:closed_date,used format %Y-%m-%dT%H:%M:%SZ: 2024-07-07T00:00:00Z
AUD-05768,audits,future_date:inspection_date,2026-09-16
AUD-05769,audits,mixed_date_format:inspection_date,used format %Y-%m-%dT%H:%M:%SZ: 2026-01-09T00:00:00Z
AUD-05772,audits,out_of_range:compliance_score,151.0
AUD-05775,audits,mixed_date_format:inspection_date,used format %d/%m/%Y: 03/10/2025
AUD-05775,audits,mixed_date_format:closed_date,used format %Y-%m-%dT%H:%M:%SZ: 2025-10-25T00:00:00Z
AUD-05779,audits,mixed_date_format:inspection_date,used format %d-%b-%Y: 07-Oct-2025
AUD-05781,audits,mixed_date_format:inspection_date,used format %d/%m/%Y: 15/06/2024
AUD-05782,audits,mixed_date_format:closed_date,used format %d/%m/%Y: 18/05/2024
AUD-05791,audits,mixed_date_format:inspection_date,used format %d/%m/%Y: 10/04/2026
AUD-05793,audits,mixed_date_format:closed_date,used format %d-%b-%Y: 18-Jan-2025
AUD-05795,audits,mixed_date_format:inspection_date,used format %m/%d/%Y: 02/18/2024
AUD-05796,audits,mixed_date_format:inspection_date,used format %d/%m/%Y: 29/03/2024
AUD-05797,audits,closed_before_inspection,closed=2024-05-25 < inspection=2024-06-18
AUD-05801,audits,out_of_range:compliance_score,150.3
AUD-05805,audits,mixed_date_format:inspection_date,used format %m/%d/%Y: 04/07/2024
AUD-05808,audits,closed_before_inspection,closed=2025-06-12 < inspection=2025-06-24
AUD-05819,audits,out_of_range:compliance_score,-8.0
AUD-05821,audits,mixed_date_format:inspection_date,used format %d/%m/%Y: 12/04/2026
AUD-05821,audits,mixed_date_format:closed_date,used format %d/%m/%Y: 17/04/2026
AUD-05823,audits,mixed_date_format:inspection_date,used format %m/%d/%Y: 04/28/2024
AUD-05824,audits,mixed_date_format:inspection_date,used format %d/%m/%Y: 05/09/2025
AUD-05825,audits,mixed_date_format:inspection_date,used format %d-%b-%Y: 26-Feb-2024
AUD-05827,audits,mixed_date_format:inspection_date,used format %d-%b-%Y: 01-Aug-2024
AUD-05832,audits,mixed_date_format:inspection_date,used format %d-%b-%Y: 02-Jul-2025
AUD-05832,audits,mixed_date_format:closed_date,used format %d-%b-%Y: 05-Sep-2025
AUD-05834,audits,mixed_date_format:inspection_date,used format %d/%m/%Y: 04/11/2024
AUD-05840,audits,mixed_date_format:inspection_date,used format %Y-%m-%dT%H:%M:%SZ: 2024-02-03T00:00:00Z
AUD-05842,audits,mixed_date_format:inspection_date,used format %d/%m/%Y: 06/03/2024
AUD-05843,audits,mixed_date_format:closed_date,used format %d/%m/%Y: 10/04/2024
AUD-05844,audits,mixed_date_format:inspection_date,used format %Y-%m-%dT%H:%M:%SZ: 2026-06-13T00:00:00Z
AUD-05847,audits,mixed_date_format:inspection_date,used format %d/%m/%Y: 04/11/2025
AUD-05862,audits,mixed_date_format:inspection_date,used format %Y-%m-%dT%H:%M:%SZ: 2024-12-28T00:00:00Z
AUD-05863,audits,mixed_date_format:closed_date,used format %m/%d/%Y: 09/21/2024
AUD-05863,audits,closed_before_inspection,closed=2024-08-23 < inspection=2024-09-09
AUD-05864,audits,mixed_date_format:inspection_date,used format %d/%m/%Y: 17/11/2025
AUD-05865,audits,mixed_date_format:inspection_date,used format %Y-%m-%dT%H:%M:%SZ: 2025-05-08T00:00:00Z
AUD-05868,audits,mixed_date_format:inspection_date,used format %Y-%m-%dT%H:%M:%SZ: 2026-07-05T00:00:00Z
AUD-05881,audits,mixed_date_format:inspection_date,used format %Y-%m-%dT%H:%M:%SZ: 2024-04-27T00:00:00Z
AUD-05886,audits,mixed_date_format:inspection_date,used format %d-%b-%Y: 06-Jun-2025
AUD-05888,audits,mixed_date_format:closed_date,used format %Y-%m-%dT%H:%M:%SZ: 2024-04-05T00:00:00Z
AUD-05889,audits,mixed_date_format:inspection_date,used format %Y-%m-%dT%H:%M:%SZ: 2024-02-26T00:00:00Z
AUD-05889,audits,out_of_range:compliance_score,150.8
AUD-05891,audits,mixed_date_format:closed_date,used format %m/%d/%Y: 12/15/2025
AUD-05892,audits,mixed_date_format:inspection_date,used format %d-%b-%Y: 17-Apr-2025
AUD-05896,audits,out_of_range:compliance_score,-3.3
AUD-05905,audits,mixed_date_format:inspection_date,used format %Y-%m-%dT%H:%M:%SZ: 2026-04-08T00:00:00Z
AUD-05906,audits,out_of_range:compliance_score,-7.8
AUD-05909,audits,closed_before_inspection,closed=2024-10-15 < inspection=2024-10-25
AUD-05913,audits,mixed_date_format:closed_date,used format %d/%m/%Y: 17/04/2025
AUD-05914,audits,mixed_date_format:inspection_date,used format %m/%d/%Y: 06/20/2024
AUD-05919,audits,mixed_date_format:inspection_date,used format %m/%d/%Y: 03/02/2024
AUD-05922,audits,out_of_range:compliance_score,-7.1
AUD-05929,audits,mixed_date_format:closed_date,used format %d/%m/%Y: 22/07/2026
AUD-05930,audits,mixed_date_format:inspection_date,used format %Y-%m-%dT%H:%M:%SZ: 2025-08-08T00:00:00Z
AUD-05931,audits,future_date:inspection_date,2026-09-07
AUD-05932,audits,out_of_range:compliance_score,104.4
AUD-05933,audits,mixed_date_format:inspection_date,used format %m/%d/%Y: 10/29/2024
AUD-05935,audits,mixed_date_format:closed_date,used format %Y-%m-%dT%H:%M:%SZ: 2026-02-20T00:00:00Z
AUD-05940,audits,closed_before_inspection,closed=2025-04-13 < inspection=2025-04-23
AUD-05942,audits,mixed_date_format:inspection_date,used format %d-%b-%Y: 19-Nov-2024
AUD-05943,audits,mixed_date_format:inspection_date,used format %m/%d/%Y: 05/04/2024
AUD-05947,audits,mixed_date_format:inspection_date,used format %m/%d/%Y: 05/03/2026
AUD-05951,audits,mixed_date_format:inspection_date,used format %d/%m/%Y: 20/05/2024
AUD-05952,audits,mixed_date_format:inspection_date,used format %d/%m/%Y: 04/01/2025
AUD-05952,audits,future_date:inspection_date,2026-09-17
AUD-05955,audits,mixed_date_format:inspection_date,used format %d/%m/%Y: 19/08/2024
AUD-05958,audits,mixed_date_format:closed_date,used format %m/%d/%Y: 11/14/2025
AUD-05960,audits,mixed_date_format:inspection_date,used format %d-%b-%Y: 26-Nov-2025
AUD-05960,audits,mixed_date_format:closed_date,used format %d/%m/%Y: 24/12/2025
AUD-05962,audits,mixed_date_format:closed_date,used format %m/%d/%Y: 01/25/2026
AUD-05963,audits,mixed_date_format:inspection_date,used format %Y-%m-%dT%H:%M:%SZ: 2025-07-19T00:00:00Z
AUD-05964,audits,mixed_date_format:inspection_date,used format %d/%m/%Y: 28/12/2025
AUD-05967,audits,mixed_date_format:closed_date,used format %m/%d/%Y: 08/27/2024
AUD-05969,audits,mixed_date_format:closed_date,used format %d-%b-%Y: 24-Sep-2026
AUD-05970,audits,mixed_date_format:closed_date,used format %Y-%m-%dT%H:%M:%SZ: 2025-06-21T00:00:00Z
AUD-05977,audits,mixed_date_format:inspection_date,used format %d/%m/%Y: 02/07/2024
AUD-05981,audits,mixed_date_format:inspection_date,used format %d/%m/%Y: 07/11/2025
AUD-05982,audits,mixed_date_format:inspection_date,used format %d-%b-%Y: 18-Oct-2024
AUD-05983,audits,mixed_date_format:inspection_date,used format %d/%m/%Y: 17/06/2024
AUD-05994,audits,mixed_date_format:closed_date,used format %d/%m/%Y: 04/01/2025
AUD-05998,audits,out_of_range:compliance_score,150.4
AUD-06013,audits,out_of_range:compliance_score,112.2
AUD-06015,audits,mixed_date_format:closed_date,used format %d-%b-%Y: 25-Jun-2026
AUD-06018,audits,mixed_date_format:inspection_date,used format %m/%d/%Y: 09/13/2025
AUD-06021,audits,out_of_range:compliance_score,105.0
AUD-06023,audits,mixed_date_format:inspection_date,used format %d/%m/%Y: 08/09/2024
AUD-06025,audits,mixed_date_format:inspection_date,used format %d-%b-%Y: 06-Nov-2025
AUD-06027,audits,mixed_date_format:inspection_date,used format %d/%m/%Y: 16/04/2025
AUD-06030,audits,mixed_date_format:closed_date,used format %m/%d/%Y: 01/12/2026
AUD-06033,audits,mixed_date_format:closed_date,used format %Y-%m-%dT%H:%M:%SZ: 2024-05-14T00:00:00Z
AUD-06038,audits,mixed_date_format:closed_date,used format %m/%d/%Y: 05/05/2026
AUD-06047,audits,mixed_date_format:closed_date,used format %d-%b-%Y: 04-Mar-2025
AUD-06048,audits,mixed_date_format:closed_date,used format %d/%m/%Y: 20/08/2024
AUD-06054,audits,mixed_date_format:inspection_date,used format %d/%m/%Y: 28/05/2024
AUD-06057,audits,mixed_date_format:inspection_date,used format %Y-%m-%dT%H:%M:%SZ: 2024-11-02T00:00:00Z
AUD-06058,audits,mixed_date_format:inspection_date,used format %d-%b-%Y: 10-Aug-2025
AUD-06070,audits,mixed_date_format:closed_date,used format %d/%m/%Y: 28/10/2025
AUD-06071,audits,mixed_date_format:closed_date,used format %m/%d/%Y: 05/03/2025
AUD-06074,audits,mixed_date_format:inspection_date,used format %m/%d/%Y: 05/25/2025
AUD-06076,audits,mixed_date_format:closed_date,used format %d-%b-%Y: 11-May-2025
AUD-06079,audits,mixed_date_format:inspection_date,used format %d-%b-%Y: 04-Jan-2026
AUD-06083,audits,mixed_date_format:inspection_date,used format %Y-%m-%dT%H:%M:%SZ: 2025-01-03T00:00:00Z
AUD-06087,audits,mixed_date_format:inspection_date,used format %d-%b-%Y: 16-May-2025
AUD-06088,audits,mixed_date_format:inspection_date,used format %Y-%m-%dT%H:%M:%SZ: 2025-10-02T00:00:00Z
AUD-06088,audits,mixed_date_format:closed_date,used format %d-%b-%Y: 09-Oct-2025
AUD-06091,audits,mixed_date_format:inspection_date,used format %m/%d/%Y: 04/26/2025
AUD-06099,audits,out_of_range:compliance_score,-2.7
AUD-06106,audits,mixed_date_format:inspection_date,used format %m/%d/%Y: 03/07/2024
AUD-06107,audits,mixed_date_format:inspection_date,used format %d/%m/%Y: 23/09/2024
AUD-06108,audits,mixed_date_format:closed_date,used format %d-%b-%Y: 31-May-2024
AUD-06110,audits,mixed_date_format:closed_date,used format %d/%m/%Y: 06/05/2026
AUD-06115,audits,mixed_date_format:closed_date,used format %m/%d/%Y: 02/20/2025
AUD-06118,audits,mixed_date_format:closed_date,used format %Y-%m-%dT%H:%M:%SZ: 2026-04-16T00:00:00Z
AUD-06130,audits,mixed_date_format:inspection_date,used format %d-%b-%Y: 06-Apr-2025
AUD-06135,audits,mixed_date_format:inspection_date,used format %m/%d/%Y: 02/14/2024
AUD-06135,audits,mixed_date_format:closed_date,used format %d-%b-%Y: 23-Feb-2024
AUD-06144,audits,mixed_date_format:inspection_date,used format %d/%m/%Y: 01/04/2026
AUD-06145,audits,mixed_date_format:inspection_date,used format %d/%m/%Y: 17/11/2024
AUD-06147,audits,mixed_date_format:inspection_date,used format %d-%b-%Y: 11-Oct-2024
AUD-06152,audits,mixed_date_format:closed_date,used format %d/%m/%Y: 09/10/2025
AUD-06154,audits,mixed_date_format:inspection_date,used format %Y-%m-%dT%H:%M:%SZ: 2024-07-31T00:00:00Z
AUD-06155,audits,mixed_date_format:inspection_date,used format %d-%b-%Y: 03-Sep-2024
AUD-06156,audits,mixed_date_format:closed_date,used format %d-%b-%Y: 15-Jun-2024
AUD-06163,audits,mixed_date_format:closed_date,used format %d-%b-%Y: 26-Sep-2025
AUD-06166,audits,mixed_date_format:inspection_date,used format %Y-%m-%dT%H:%M:%SZ: 2024-02-21T00:00:00Z
AUD-06167,audits,mixed_date_format:inspection_date,used format %Y-%m-%dT%H:%M:%SZ: 2026-02-14T00:00:00Z
AUD-06170,audits,mixed_date_format:inspection_date,used format %d/%m/%Y: 15/01/2025
AUD-06173,audits,mixed_date_format:closed_date,used format %Y-%m-%dT%H:%M:%SZ: 2025-03-26T00:00:00Z
AUD-06174,audits,mixed_date_format:inspection_date,used format %m/%d/%Y: 11/13/2024
AUD-06177,audits,mixed_date_format:inspection_date,used format %m/%d/%Y: 03/31/2024
AUD-06177,audits,mixed_date_format:closed_date,used format %Y-%m-%dT%H:%M:%SZ: 2024-04-12T00:00:00Z
AUD-06178,audits,mixed_date_format:closed_date,used format %Y-%m-%dT%H:%M:%SZ: 2026-05-26T00:00:00Z
AUD-06179,audits,out_of_range:compliance_score,-3.3
AUD-06183,audits,mixed_date_format:inspection_date,used format %d/%m/%Y: 22/10/2024
AUD-06185,audits,mixed_date_format:inspection_date,used format %d-%b-%Y: 10-Nov-2025
AUD-06185,audits,mixed_date_format:closed_date,used format %d-%b-%Y: 20-Nov-2025
AUD-06186,audits,mixed_date_format:inspection_date,used format %m/%d/%Y: 06/22/2025
AUD-06191,audits,mixed_date_format:closed_date,used format %d/%m/%Y: 16/08/2024
AUD-06192,audits,mixed_date_format:inspection_date,used format %Y-%m-%dT%H:%M:%SZ: 2025-04-11T00:00:00Z
AUD-06193,audits,mixed_date_format:inspection_date,used format %Y-%m-%dT%H:%M:%SZ: 2024-05-12T00:00:00Z
AUD-06194,audits,mixed_date_format:inspection_date,used format %Y-%m-%dT%H:%M:%SZ: 2025-10-05T00:00:00Z
AUD-06196,audits,mixed_date_format:inspection_date,used format %d-%b-%Y: 07-May-2025
AUD-06199,audits,mixed_date_format:closed_date,used format %Y-%m-%dT%H:%M:%SZ: 2025-02-22T00:00:00Z
AUD-06199,audits,future_date:inspection_date,2026-09-17
AUD-06213,audits,mixed_date_format:inspection_date,used format %Y-%m-%dT%H:%M:%SZ: 2025-09-05T00:00:00Z
AUD-06215,audits,mixed_date_format:closed_date,used format %d-%b-%Y: 18-Apr-2025
AUD-06216,audits,mixed_date_format:closed_date,used format %Y-%m-%dT%H:%M:%SZ: 2024-08-30T00:00:00Z
AUD-06217,audits,mixed_date_format:closed_date,used format %d-%b-%Y: 09-May-2024
AUD-06225,audits,mixed_date_format:closed_date,used format %d/%m/%Y: 16/01/2025
AUD-06227,audits,mixed_date_format:closed_date,used format %d/%m/%Y: 31/01/2025
AUD-06230,audits,mixed_date_format:inspection_date,used format %d/%m/%Y: 20/03/2026
AUD-06235,audits,mixed_date_format:closed_date,used format %m/%d/%Y: 03/19/2024
AUD-06237,audits,mixed_date_format:inspection_date,used format %Y-%m-%dT%H:%M:%SZ: 2024-09-04T00:00:00Z
AUD-06240,audits,mixed_date_format:closed_date,used format %m/%d/%Y: 02/25/2024
AUD-06241,audits,mixed_date_format:closed_date,used format %m/%d/%Y: 03/06/2025
AUD-06242,audits,mixed_date_format:closed_date,used format %d-%b-%Y: 03-Apr-2026
AUD-06255,audits,mixed_date_format:closed_date,used format %Y-%m-%dT%H:%M:%SZ: 2025-06-02T00:00:00Z
AUD-06260,audits,mixed_date_format:inspection_date,used format %Y-%m-%dT%H:%M:%SZ: 2025-04-26T00:00:00Z
AUD-06264,audits,out_of_range:compliance_score,112.0
AUD-06268,audits,mixed_date_format:inspection_date,used format %m/%d/%Y: 07/21/2024
AUD-06272,audits,mixed_date_format:inspection_date,used format %m/%d/%Y: 02/07/2024
AUD-06278,audits,mixed_date_format:closed_date,used format %d/%m/%Y: 06/07/2026
AUD-06281,audits,closed_before_inspection,closed=2025-10-18 < inspection=2025-10-21
AUD-06282,audits,mixed_date_format:inspection_date,used format %m/%d/%Y: 03/06/2026
AUD-06287,audits,mixed_date_format:inspection_date,used format %d-%b-%Y: 23-Nov-2025
AUD-06287,audits,mixed_date_format:closed_date,used format %d/%m/%Y: 20/12/2025
AUD-06289,audits,mixed_date_format:inspection_date,used format %d-%b-%Y: 27-Nov-2024
AUD-06291,audits,mixed_date_format:inspection_date,used format %Y-%m-%dT%H:%M:%SZ: 2025-01-14T00:00:00Z
AUD-06292,audits,mixed_date_format:closed_date,used format %m/%d/%Y: 09/30/2025
AUD-06294,audits,future_date:inspection_date,2026-09-11
AUD-06296,audits,mixed_date_format:inspection_date,used format %m/%d/%Y: 02/28/2025
AUD-06297,audits,mixed_date_format:closed_date,used format %m/%d/%Y: 03/20/2025
AUD-06299,audits,mixed_date_format:closed_date,used format %d-%b-%Y: 01-Feb-2025
AUD-06301,audits,mixed_date_format:inspection_date,used format %d/%m/%Y: 07/09/2025
AUD-06309,audits,out_of_range:compliance_score,150.2
AUD-06310,audits,mixed_date_format:closed_date,used format %d/%m/%Y: 04/06/2024
AUD-06311,audits,mixed_date_format:inspection_date,used format %d/%m/%Y: 11/03/2025
AUD-06311,audits,mixed_date_format:closed_date,used format %d/%m/%Y: 05/04/2025
AUD-06312,audits,mixed_date_format:closed_date,used format %d-%b-%Y: 20-May-2024
AUD-06313,audits,mixed_date_format:closed_date,used format %d/%m/%Y: 26/07/2026
AUD-06322,audits,mixed_date_format:closed_date,used format %Y-%m-%dT%H:%M:%SZ: 2025-12-25T00:00:00Z
AUD-06327,audits,mixed_date_format:inspection_date,used format %Y-%m-%dT%H:%M:%SZ: 2024-10-23T00:00:00Z
AUD-06332,audits,mixed_date_format:closed_date,used format %Y-%m-%dT%H:%M:%SZ: 2025-10-21T00:00:00Z
AUD-06333,audits,closed_before_inspection,closed=2026-03-07 < inspection=2026-03-22
AUD-06334,audits,mixed_date_format:closed_date,used format %d/%m/%Y: 17/09/2026
AUD-06337,audits,closed_before_inspection,closed=2026-01-08 < inspection=2026-02-05
AUD-06340,audits,future_date:inspection_date,2026-07-30
AUD-06344,audits,mixed_date_format:closed_date,used format %d-%b-%Y: 13-Mar-2025
AUD-06352,audits,mixed_date_format:inspection_date,used format %Y-%m-%dT%H:%M:%SZ: 2026-04-09T00:00:00Z
AUD-06353,audits,out_of_range:compliance_score,112.3
AUD-06357,audits,mixed_date_format:inspection_date,used format %d-%b-%Y: 15-Oct-2024
AUD-06368,audits,mixed_date_format:closed_date,used format %Y-%m-%dT%H:%M:%SZ: 2024-06-01T00:00:00Z
AUD-06369,audits,mixed_date_format:inspection_date,used format %m/%d/%Y: 10/11/2024
AUD-06373,audits,mixed_date_format:closed_date,used format %d/%m/%Y: 06/09/2024
AUD-06378,audits,mixed_date_format:closed_date,used format %Y-%m-%dT%H:%M:%SZ: 2024-05-11T00:00:00Z
AUD-06381,audits,mixed_date_format:inspection_date,used format %d-%b-%Y: 23-May-2024
AUD-06381,audits,mixed_date_format:closed_date,used format %d/%m/%Y: 22/06/2024
AUD-06393,audits,mixed_date_format:inspection_date,used format %Y-%m-%dT%H:%M:%SZ: 2024-09-28T00:00:00Z
AUD-06398,audits,mixed_date_format:inspection_date,used format %m/%d/%Y: 08/06/2024
AUD-06404,audits,closed_before_inspection,closed=2026-02-28 < inspection=2026-03-13
AUD-06407,audits,mixed_date_format:inspection_date,used format %d-%b-%Y: 19-Oct-2025
AUD-06413,audits,mixed_date_format:closed_date,used format %d-%b-%Y: 29-Jun-2026
AUD-06414,audits,mixed_date_format:closed_date,used format %m/%d/%Y: 03/11/2024
AUD-06425,audits,mixed_date_format:inspection_date,used format %Y-%m-%dT%H:%M:%SZ: 2025-12-26T00:00:00Z
AUD-06426,audits,mixed_date_format:inspection_date,used format %Y-%m-%dT%H:%M:%SZ: 2024-08-03T00:00:00Z
AUD-06427,audits,mixed_date_format:inspection_date,used format %d/%m/%Y: 26/11/2025
AUD-06428,audits,mixed_date_format:closed_date,used format %m/%d/%Y: 07/19/2025
AUD-06432,audits,mixed_date_format:inspection_date,used format %Y-%m-%dT%H:%M:%SZ: 2024-02-29T00:00:00Z
AUD-06433,audits,mixed_date_format:inspection_date,used format %Y-%m-%dT%H:%M:%SZ: 2024-02-21T00:00:00Z
AUD-06445,audits,mixed_date_format:closed_date,used format %d-%b-%Y: 27-Jan-2026
AUD-06448,audits,future_date:inspection_date,2026-09-15
AUD-06456,audits,mixed_date_format:inspection_date,used format %Y-%m-%dT%H:%M:%SZ: 2024-05-23T00:00:00Z
AUD-06461,audits,out_of_range:compliance_score,150.3
AUD-06466,audits,mixed_date_format:inspection_date,used format %d-%b-%Y: 21-Nov-2025
AUD-06467,audits,mixed_date_format:closed_date,used format %m/%d/%Y: 04/18/2024
AUD-06471,audits,mixed_date_format:closed_date,used format %m/%d/%Y: 07/12/2026
AUD-06472,audits,mixed_date_format:closed_date,used format %d/%m/%Y: 14/02/2026
AUD-06473,audits,mixed_date_format:inspection_date,used format %d-%b-%Y: 04-May-2024
AUD-06481,audits,mixed_date_format:closed_date,used format %d/%m/%Y: 27/08/2025
AUD-06484,audits,mixed_date_format:closed_date,used format %Y-%m-%dT%H:%M:%SZ: 2025-08-26T00:00:00Z
AUD-06485,audits,mixed_date_format:closed_date,used format %d-%b-%Y: 18-Mar-2026
AUD-06488,audits,mixed_date_format:inspection_date,used format %d/%m/%Y: 15/08/2025
AUD-06491,audits,mixed_date_format:inspection_date,used format %Y-%m-%dT%H:%M:%SZ: 2025-12-24T00:00:00Z
AUD-06491,audits,mixed_date_format:closed_date,used format %d-%b-%Y: 06-Jan-2026
AUD-06493,audits,mixed_date_format:inspection_date,used format %d/%m/%Y: 16/12/2024
AUD-06499,audits,mixed_date_format:inspection_date,used format %m/%d/%Y: 09/08/2024
AUD-06503,audits,mixed_date_format:closed_date,used format %Y-%m-%dT%H:%M:%SZ: 2024-11-11T00:00:00Z
AUD-06505,audits,out_of_range:compliance_score,112.9
AUD-06509,audits,mixed_date_format:inspection_date,used format %m/%d/%Y: 01/23/2026
AUD-06511,audits,mixed_date_format:inspection_date,used format %d-%b-%Y: 07-Feb-2024
AUD-06517,audits,mixed_date_format:closed_date,used format %d/%m/%Y: 09/12/2025
AUD-06525,audits,mixed_date_format:inspection_date,used format %d/%m/%Y: 18/03/2024
AUD-06526,audits,mixed_date_format:inspection_date,used format %d/%m/%Y: 28/05/2026
AUD-06538,audits,mixed_date_format:inspection_date,used format %d/%m/%Y: 13/11/2024
AUD-06541,audits,mixed_date_format:inspection_date,used format %d/%m/%Y: 17/11/2024
AUD-06542,audits,mixed_date_format:closed_date,used format %d-%b-%Y: 28-May-2024
AUD-06546,audits,mixed_date_format:inspection_date,used format %d/%m/%Y: 30/11/2024
AUD-06547,audits,closed_before_inspection,closed=2025-12-08 < inspection=2026-01-06
AUD-06554,audits,mixed_date_format:closed_date,used format %d/%m/%Y: 02/05/2025
AUD-06565,audits,mixed_date_format:inspection_date,used format %Y-%m-%dT%H:%M:%SZ: 2024-12-23T00:00:00Z
AUD-06566,audits,closed_before_inspection,closed=2025-09-01 < inspection=2025-09-27
AUD-06572,audits,future_date:inspection_date,2026-07-26
AUD-06576,audits,mixed_date_format:inspection_date,used format %d/%m/%Y: 01/01/2026
AUD-06579,audits,mixed_date_format:closed_date,used format %d/%m/%Y: 08/03/2025
AUD-06588,audits,mixed_date_format:inspection_date,used format %d/%m/%Y: 05/05/2024
AUD-06597,audits,closed_before_inspection,closed=2025-09-26 < inspection=2025-10-06
AUD-06602,audits,mixed_date_format:inspection_date,used format %m/%d/%Y: 04/15/2024
AUD-06609,audits,mixed_date_format:inspection_date,used format %d-%b-%Y: 03-Dec-2024
AUD-06610,audits,mixed_date_format:inspection_date,used format %Y-%m-%dT%H:%M:%SZ: 2025-02-18T00:00:00Z
AUD-06612,audits,out_of_range:compliance_score,-3.5
AUD-06613,audits,mixed_date_format:inspection_date,used format %Y-%m-%dT%H:%M:%SZ: 2025-09-25T00:00:00Z
AUD-06616,audits,mixed_date_format:inspection_date,used format %m/%d/%Y: 02/28/2026
AUD-06620,audits,mixed_date_format:inspection_date,used format %Y-%m-%dT%H:%M:%SZ: 2024-05-10T00:00:00Z
AUD-06621,audits,mixed_date_format:inspection_date,used format %m/%d/%Y: 04/03/2025
AUD-06622,audits,closed_before_inspection,closed=2025-04-10 < inspection=2025-04-29
AUD-06628,audits,closed_before_inspection,closed=2024-02-08 < inspection=2024-02-24
AUD-06629,audits,mixed_date_format:inspection_date,used format %d-%b-%Y: 06-Jul-2026
AUD-06631,audits,mixed_date_format:inspection_date,used format %m/%d/%Y: 06/03/2026
AUD-06632,audits,mixed_date_format:inspection_date,used format %d/%m/%Y: 14/07/2025
AUD-06636,audits,future_date:inspection_date,2026-09-02
AUD-06637,audits,mixed_date_format:inspection_date,used format %Y-%m-%dT%H:%M:%SZ: 2025-12-16T00:00:00Z
AUD-06640,audits,closed_before_inspection,closed=2026-04-25 < inspection=2026-05-18
AUD-06646,audits,mixed_date_format:inspection_date,used format %d/%m/%Y: 31/10/2024
AUD-06648,audits,mixed_date_format:inspection_date,used format %m/%d/%Y: 06/13/2026
AUD-06648,audits,out_of_range:compliance_score,-3.5
AUD-06654,audits,mixed_date_format:inspection_date,used format %d-%b-%Y: 07-Jan-2026
AUD-06654,audits,mixed_date_format:closed_date,used format %Y-%m-%dT%H:%M:%SZ: 2026-01-24T00:00:00Z
AUD-06655,audits,mixed_date_format:closed_date,used format %Y-%m-%dT%H:%M:%SZ: 2024-09-04T00:00:00Z
AUD-06656,audits,mixed_date_format:inspection_date,used format %Y-%m-%dT%H:%M:%SZ: 2025-12-05T00:00:00Z
AUD-06659,audits,mixed_date_format:inspection_date,used format %Y-%m-%dT%H:%M:%SZ: 2025-05-29T00:00:00Z
AUD-06659,audits,mixed_date_format:closed_date,used format %d/%m/%Y: 26/07/2025
AUD-06668,audits,mixed_date_format:inspection_date,used format %d/%m/%Y: 29/02/2024
AUD-06676,audits,mixed_date_format:inspection_date,used format %d-%b-%Y: 14-Jun-2024
AUD-06684,audits,mixed_date_format:inspection_date,used format %m/%d/%Y: 03/13/2025
AUD-06687,audits,mixed_date_format:closed_date,used format %d-%b-%Y: 19-Apr-2026
AUD-06700,audits,mixed_date_format:inspection_date,used format %d/%m/%Y: 01/08/2025
AUD-06704,audits,mixed_date_format:closed_date,used format %d/%m/%Y: 11/09/2025
AUD-06705,audits,mixed_date_format:inspection_date,used format %d/%m/%Y: 17/03/2026
AUD-06716,audits,mixed_date_format:closed_date,used format %m/%d/%Y: 05/30/2026
AUD-06724,audits,mixed_date_format:inspection_date,used format %Y-%m-%dT%H:%M:%SZ: 2024-11-14T00:00:00Z
AUD-06726,audits,mixed_date_format:inspection_date,used format %d/%m/%Y: 22/10/2025
AUD-06729,audits,mixed_date_format:inspection_date,used format %d/%m/%Y: 14/09/2025
AUD-06729,audits,mixed_date_format:closed_date,used format %d/%m/%Y: 07/10/2025
AUD-06732,audits,mixed_date_format:inspection_date,used format %d/%m/%Y: 29/06/2026
AUD-06737,audits,mixed_date_format:closed_date,used format %m/%d/%Y: 06/04/2024
AUD-06740,audits,mixed_date_format:inspection_date,used format %d/%m/%Y: 13/05/2025
AUD-06741,audits,mixed_date_format:inspection_date,used format %d/%m/%Y: 25/01/2026
AUD-06742,audits,mixed_date_format:closed_date,used format %d/%m/%Y: 06/02/2026
AUD-06745,audits,mixed_date_format:closed_date,used format %m/%d/%Y: 03/28/2026
AUD-06746,audits,mixed_date_format:inspection_date,used format %Y-%m-%dT%H:%M:%SZ: 2024-07-27T00:00:00Z
AUD-06746,audits,mixed_date_format:closed_date,used format %d/%m/%Y: 08/08/2024
AUD-06747,audits,mixed_date_format:inspection_date,used format %m/%d/%Y: 07/07/2024
AUD-06751,audits,mixed_date_format:inspection_date,used format %m/%d/%Y: 05/27/2026
AUD-06755,audits,mixed_date_format:closed_date,used format %d/%m/%Y: 24/10/2025
AUD-06759,audits,mixed_date_format:inspection_date,used format %Y-%m-%dT%H:%M:%SZ: 2025-05-07T00:00:00Z
AUD-06760,audits,mixed_date_format:inspection_date,used format %d/%m/%Y: 08/11/2025
AUD-06771,audits,mixed_date_format:inspection_date,used format %d/%m/%Y: 28/06/2024
AUD-06776,audits,mixed_date_format:inspection_date,used format %d/%m/%Y: 19/02/2026
AUD-06777,audits,mixed_date_format:closed_date,used format %d/%m/%Y: 07/01/2025
AUD-06781,audits,mixed_date_format:inspection_date,used format %Y-%m-%dT%H:%M:%SZ: 2024-06-05T00:00:00Z
AUD-06782,audits,mixed_date_format:closed_date,used format %d-%b-%Y: 10-May-2025
AUD-06783,audits,mixed_date_format:closed_date,used format %Y-%m-%dT%H:%M:%SZ: 2024-12-28T00:00:00Z
AUD-06785,audits,out_of_range:compliance_score,-3.2
AUD-06785,audits,closed_before_inspection,closed=2026-01-08 < inspection=2026-01-09
AUD-06786,audits,mixed_date_format:closed_date,used format %Y-%m-%dT%H:%M:%SZ: 2024-04-30T00:00:00Z
AUD-06790,audits,mixed_date_format:closed_date,used format %Y-%m-%dT%H:%M:%SZ: 2025-10-07T00:00:00Z
AUD-06793,audits,mixed_date_format:closed_date,used format %d-%b-%Y: 09-Mar-2026
AUD-06795,audits,mixed_date_format:inspection_date,used format %d/%m/%Y: 29/06/2026
AUD-06798,audits,mixed_date_format:inspection_date,used format %m/%d/%Y: 02/17/2024
AUD-06799,audits,mixed_date_format:closed_date,used format %d-%b-%Y: 24-Jul-2024
AUD-06800,audits,mixed_date_format:closed_date,used format %m/%d/%Y: 04/23/2024
AUD-06801,audits,mixed_date_format:closed_date,used format %Y-%m-%dT%H:%M:%SZ: 2026-02-08T00:00:00Z
AUD-06801,audits,out_of_range:compliance_score,113.0
AUD-06806,audits,mixed_date_format:inspection_date,used format %m/%d/%Y: 04/01/2025
AUD-06806,audits,mixed_date_format:closed_date,used format %m/%d/%Y: 04/10/2025
AUD-06815,audits,mixed_date_format:inspection_date,used format %d/%m/%Y: 26/06/2024
AUD-06821,audits,mixed_date_format:inspection_date,used format %m/%d/%Y: 04/15/2024
AUD-06827,audits,mixed_date_format:inspection_date,used format %d-%b-%Y: 06-Feb-2024
AUD-06831,audits,mixed_date_format:inspection_date,used format %d/%m/%Y: 22/07/2025
AUD-06832,audits,future_date:inspection_date,2026-09-03
AUD-06833,audits,mixed_date_format:closed_date,used format %m/%d/%Y: 03/30/2025
AUD-06837,audits,mixed_date_format:closed_date,used format %m/%d/%Y: 07/03/2026
AUD-06841,audits,mixed_date_format:inspection_date,used format %d-%b-%Y: 13-Sep-2025
AUD-06842,audits,mixed_date_format:closed_date,used format %d/%m/%Y: 30/07/2026
AUD-06845,audits,mixed_date_format:closed_date,used format %d/%m/%Y: 09/07/2024
AUD-06857,audits,mixed_date_format:inspection_date,used format %m/%d/%Y: 10/26/2025
AUD-06861,audits,mixed_date_format:inspection_date,used format %Y-%m-%dT%H:%M:%SZ: 2025-09-23T00:00:00Z
AUD-06868,audits,mixed_date_format:inspection_date,used format %d-%b-%Y: 07-Jun-2025
AUD-06868,audits,mixed_date_format:closed_date,used format %Y-%m-%dT%H:%M:%SZ: 2025-07-01T00:00:00Z
AUD-06876,audits,mixed_date_format:inspection_date,used format %d-%b-%Y: 23-Feb-2026
AUD-06884,audits,mixed_date_format:closed_date,used format %d-%b-%Y: 06-May-2024
AUD-06885,audits,mixed_date_format:inspection_date,used format %d-%b-%Y: 25-Jan-2025
AUD-06894,audits,mixed_date_format:closed_date,used format %d/%m/%Y: 01/07/2026
AUD-06898,audits,mixed_date_format:closed_date,used format %m/%d/%Y: 01/24/2025
AUD-06903,audits,mixed_date_format:inspection_date,used format %d-%b-%Y: 02-Jun-2024
AUD-06905,audits,mixed_date_format:inspection_date,used format %d/%m/%Y: 25/02/2024
AUD-06905,audits,out_of_range:compliance_score,-2.5
AUD-06907,audits,mixed_date_format:inspection_date,used format %m/%d/%Y: 10/05/2025
AUD-06913,audits,mixed_date_format:inspection_date,used format %d-%b-%Y: 23-Apr-2024
AUD-06917,audits,future_date:inspection_date,2026-08-31
AUD-06918,audits,mixed_date_format:inspection_date,used format %d/%m/%Y: 13/11/2024
AUD-06919,audits,mixed_date_format:inspection_date,used format %Y-%m-%dT%H:%M:%SZ: 2024-02-27T00:00:00Z
AUD-06921,audits,mixed_date_format:inspection_date,used format %m/%d/%Y: 11/14/2025
AUD-06926,audits,mixed_date_format:inspection_date,used format %d-%b-%Y: 09-Dec-2025
AUD-06928,audits,mixed_date_format:inspection_date,used format %d/%m/%Y: 23/02/2024
AUD-06941,audits,mixed_date_format:inspection_date,used format %d-%b-%Y: 15-Mar-2024
AUD-06941,audits,mixed_date_format:closed_date,used format %d/%m/%Y: 08/04/2024
AUD-06951,audits,mixed_date_format:inspection_date,used format %d/%m/%Y: 11/06/2026
AUD-06952,audits,mixed_date_format:closed_date,used format %Y-%m-%dT%H:%M:%SZ: 2026-01-10T00:00:00Z
AUD-06953,audits,mixed_date_format:closed_date,used format %d-%b-%Y: 01-Apr-2026
AUD-06956,audits,future_date:inspection_date,2026-08-09
AUD-06964,audits,mixed_date_format:inspection_date,used format %d/%m/%Y: 28/04/2025
AUD-06967,audits,mixed_date_format:inspection_date,used format %d/%m/%Y: 17/04/2026
AUD-06971,audits,mixed_date_format:inspection_date,used format %Y-%m-%dT%H:%M:%SZ: 2025-10-27T00:00:00Z
AUD-06977,audits,mixed_date_format:inspection_date,used format %d-%b-%Y: 20-Mar-2026
AUD-06979,audits,mixed_date_format:closed_date,used format %d-%b-%Y: 22-Aug-2026
AUD-06990,audits,mixed_date_format:closed_date,used format %Y-%m-%dT%H:%M:%SZ: 2025-05-25T00:00:00Z
AUD-06993,audits,mixed_date_format:closed_date,used format %d-%b-%Y: 30-Jun-2025
AUD-07002,audits,closed_before_inspection,closed=2024-03-06 < inspection=2024-03-17
AUD-07005,audits,mixed_date_format:closed_date,used format %d-%b-%Y: 18-Jan-2026
AUD-07011,audits,mixed_date_format:inspection_date,used format %m/%d/%Y: 05/22/2024
AUD-07015,audits,mixed_date_format:inspection_date,used format %Y-%m-%dT%H:%M:%SZ: 2025-05-10T00:00:00Z
AUD-07021,audits,mixed_date_format:inspection_date,used format %m/%d/%Y: 04/09/2026
AUD-07021,audits,mixed_date_format:closed_date,used format %Y-%m-%dT%H:%M:%SZ: 2026-05-17T00:00:00Z
AUD-07033,audits,mixed_date_format:inspection_date,used format %m/%d/%Y: 06/06/2024
AUD-07038,audits,out_of_range:compliance_score,-3.3
AUD-07039,audits,mixed_date_format:closed_date,used format %d/%m/%Y: 27/06/2026
AUD-07042,audits,mixed_date_format:inspection_date,used format %d/%m/%Y: 11/06/2026
AUD-07045,audits,mixed_date_format:closed_date,used format %d-%b-%Y: 13-Apr-2025
AUD-07046,audits,mixed_date_format:closed_date,used format %Y-%m-%dT%H:%M:%SZ: 2024-07-07T00:00:00Z
AUD-07051,audits,out_of_range:compliance_score,112.1
AUD-07053,audits,mixed_date_format:inspection_date,used format %Y-%m-%dT%H:%M:%SZ: 2024-11-04T00:00:00Z
AUD-07058,audits,mixed_date_format:closed_date,used format %Y-%m-%dT%H:%M:%SZ: 2025-10-16T00:00:00Z
AUD-07059,audits,mixed_date_format:inspection_date,used format %Y-%m-%dT%H:%M:%SZ: 2026-03-30T00:00:00Z
AUD-07060,audits,mixed_date_format:inspection_date,used format %d-%b-%Y: 19-Apr-2025
AUD-07061,audits,mixed_date_format:closed_date,used format %d-%b-%Y: 12-Jun-2024
AUD-07065,audits,mixed_date_format:inspection_date,used format %Y-%m-%dT%H:%M:%SZ: 2024-02-11T00:00:00Z
AUD-07067,audits,mixed_date_format:closed_date,used format %Y-%m-%dT%H:%M:%SZ: 2024-03-13T00:00:00Z
AUD-07068,audits,mixed_date_format:inspection_date,used format %d-%b-%Y: 19-Apr-2024
AUD-07070,audits,mixed_date_format:inspection_date,used format %d/%m/%Y: 14/08/2024
AUD-07071,audits,mixed_date_format:inspection_date,used format %m/%d/%Y: 06/14/2025
AUD-07071,audits,mixed_date_format:closed_date,used format %m/%d/%Y: 09/05/2025
AUD-07072,audits,mixed_date_format:inspection_date,used format %d-%b-%Y: 10-Mar-2026
AUD-07073,audits,mixed_date_format:inspection_date,used format %d-%b-%Y: 01-Sep-2025
AUD-07075,audits,mixed_date_format:inspection_date,used format %m/%d/%Y: 07/06/2024
AUD-07080,audits,out_of_range:compliance_score,112.6
AUD-07085,audits,mixed_date_format:inspection_date,used format %Y-%m-%dT%H:%M:%SZ: 2024-09-19T00:00:00Z
AUD-07090,audits,out_of_range:compliance_score,-7.7
AUD-07093,audits,mixed_date_format:inspection_date,used format %m/%d/%Y: 02/05/2025
AUD-07093,audits,mixed_date_format:closed_date,used format %m/%d/%Y: 03/05/2025
AUD-07095,audits,mixed_date_format:closed_date,used format %Y-%m-%dT%H:%M:%SZ: 2024-07-20T00:00:00Z
AUD-07103,audits,mixed_date_format:closed_date,used format %m/%d/%Y: 05/11/2025
AUD-07106,audits,mixed_date_format:inspection_date,used format %d-%b-%Y: 13-Dec-2024
AUD-07109,audits,mixed_date_format:inspection_date,used format %Y-%m-%dT%H:%M:%SZ: 2026-06-04T00:00:00Z
AUD-07111,audits,mixed_date_format:inspection_date,used format %d-%b-%Y: 25-Aug-2024
AUD-07112,audits,mixed_date_format:closed_date,used format %d-%b-%Y: 04-Oct-2024
AUD-07122,audits,out_of_range:compliance_score,-7.0
AUD-07122,audits,future_date:inspection_date,2026-08-18
AUD-07123,audits,mixed_date_format:inspection_date,used format %d/%m/%Y: 06/04/2026
AUD-07127,audits,mixed_date_format:closed_date,used format %d/%m/%Y: 01/09/2025
AUD-07128,audits,mixed_date_format:inspection_date,used format %d-%b-%Y: 25-May-2024
AUD-07135,audits,mixed_date_format:inspection_date,used format %d/%m/%Y: 25/04/2024
AUD-07135,audits,mixed_date_format:closed_date,used format %Y-%m-%dT%H:%M:%SZ: 2024-05-09T00:00:00Z
AUD-07136,audits,mixed_date_format:inspection_date,used format %m/%d/%Y: 04/07/2024
AUD-07137,audits,mixed_date_format:inspection_date,used format %Y-%m-%dT%H:%M:%SZ: 2025-05-19T00:00:00Z
AUD-07139,audits,mixed_date_format:inspection_date,used format %Y-%m-%dT%H:%M:%SZ: 2025-01-09T00:00:00Z
AUD-07139,audits,out_of_range:compliance_score,-2.7
AUD-07143,audits,mixed_date_format:inspection_date,used format %Y-%m-%dT%H:%M:%SZ: 2024-08-10T00:00:00Z
AUD-07147,audits,mixed_date_format:inspection_date,used format %d/%m/%Y: 29/06/2024
AUD-07147,audits,mixed_date_format:closed_date,used format %d/%m/%Y: 09/07/2024
AUD-07173,audits,mixed_date_format:inspection_date,used format %Y-%m-%dT%H:%M:%SZ: 2025-03-04T00:00:00Z
AUD-07177,audits,mixed_date_format:inspection_date,used format %m/%d/%Y: 07/12/2026
AUD-07179,audits,mixed_date_format:closed_date,used format %d/%m/%Y: 05/11/2024
AUD-07181,audits,mixed_date_format:closed_date,used format %m/%d/%Y: 12/18/2024
AUD-07186,audits,mixed_date_format:inspection_date,used format %m/%d/%Y: 04/20/2025
AUD-07188,audits,mixed_date_format:inspection_date,used format %m/%d/%Y: 03/08/2025
AUD-07190,audits,mixed_date_format:closed_date,used format %d/%m/%Y: 04/01/2026
AUD-07192,audits,mixed_date_format:closed_date,used format %d/%m/%Y: 11/01/2025
AUD-07193,audits,out_of_range:compliance_score,-3.4
AUD-07193,audits,future_date:inspection_date,2026-09-07
AUD-07196,audits,mixed_date_format:closed_date,used format %m/%d/%Y: 11/16/2025
AUD-07203,audits,mixed_date_format:closed_date,used format %Y-%m-%dT%H:%M:%SZ: 2026-07-18T00:00:00Z
AUD-07205,audits,mixed_date_format:inspection_date,used format %d/%m/%Y: 12/06/2026
AUD-07205,audits,mixed_date_format:closed_date,used format %Y-%m-%dT%H:%M:%SZ: 2026-07-12T00:00:00Z
AUD-07213,audits,mixed_date_format:inspection_date,used format %d/%m/%Y: 17/02/2024
AUD-07215,audits,mixed_date_format:inspection_date,used format %d-%b-%Y: 28-Mar-2026
AUD-07224,audits,mixed_date_format:inspection_date,used format %d-%b-%Y: 16-Aug-2024
AUD-07225,audits,mixed_date_format:inspection_date,used format %Y-%m-%dT%H:%M:%SZ: 2026-03-30T00:00:00Z
AUD-07235,audits,mixed_date_format:inspection_date,used format %d-%b-%Y: 29-Jun-2024
AUD-07236,audits,mixed_date_format:inspection_date,used format %d-%b-%Y: 11-Mar-2026
AUD-07238,audits,mixed_date_format:inspection_date,used format %d/%m/%Y: 24/02/2025
AUD-07248,audits,mixed_date_format:closed_date,used format %d-%b-%Y: 08-Aug-2024
AUD-07251,audits,mixed_date_format:inspection_date,used format %d-%b-%Y: 23-Jun-2024
AUD-07256,audits,mixed_date_format:closed_date,used format %m/%d/%Y: 03/01/2025
AUD-07257,audits,mixed_date_format:closed_date,used format %Y-%m-%dT%H:%M:%SZ: 2024-08-26T00:00:00Z
AUD-07258,audits,mixed_date_format:inspection_date,used format %d-%b-%Y: 26-Jan-2025
AUD-07262,audits,mixed_date_format:closed_date,used format %d-%b-%Y: 24-Jul-2026
AUD-07270,audits,mixed_date_format:closed_date,used format %Y-%m-%dT%H:%M:%SZ: 2024-12-25T00:00:00Z
AUD-07273,audits,mixed_date_format:inspection_date,used format %m/%d/%Y: 02/08/2026
AUD-07274,audits,mixed_date_format:inspection_date,used format %m/%d/%Y: 03/31/2025
AUD-07281,audits,mixed_date_format:closed_date,used format %Y-%m-%dT%H:%M:%SZ: 2024-12-09T00:00:00Z
AUD-07284,audits,mixed_date_format:inspection_date,used format %m/%d/%Y: 09/06/2025
AUD-07284,audits,future_date:inspection_date,2026-09-17
AUD-07286,audits,mixed_date_format:inspection_date,used format %m/%d/%Y: 11/27/2025
AUD-07287,audits,mixed_date_format:closed_date,used format %d/%m/%Y: 03/10/2025
AUD-07290,audits,mixed_date_format:inspection_date,used format %d-%b-%Y: 15-Oct-2024
AUD-07292,audits,mixed_date_format:closed_date,used format %m/%d/%Y: 06/11/2026
AUD-07294,audits,mixed_date_format:closed_date,used format %d/%m/%Y: 16/03/2026
AUD-07295,audits,mixed_date_format:inspection_date,used format %d-%b-%Y: 03-Aug-2025
AUD-07296,audits,mixed_date_format:inspection_date,used format %Y-%m-%dT%H:%M:%SZ: 2025-12-06T00:00:00Z
AUD-07297,audits,mixed_date_format:closed_date,used format %Y-%m-%dT%H:%M:%SZ: 2024-07-22T00:00:00Z
AUD-07299,audits,mixed_date_format:closed_date,used format %m/%d/%Y: 09/11/2025
AUD-07308,audits,mixed_date_format:closed_date,used format %d/%m/%Y: 04/02/2026
AUD-07313,audits,mixed_date_format:inspection_date,used format %m/%d/%Y: 09/01/2024
AUD-07314,audits,mixed_date_format:inspection_date,used format %Y-%m-%dT%H:%M:%SZ: 2024-08-08T00:00:00Z
AUD-07315,audits,mixed_date_format:inspection_date,used format %m/%d/%Y: 03/19/2024
AUD-07323,audits,mixed_date_format:inspection_date,used format %m/%d/%Y: 07/13/2025
AUD-07329,audits,mixed_date_format:inspection_date,used format %Y-%m-%dT%H:%M:%SZ: 2024-06-15T00:00:00Z
AUD-07343,audits,mixed_date_format:inspection_date,used format %d-%b-%Y: 24-Aug-2025
AUD-07344,audits,mixed_date_format:inspection_date,used format %Y-%m-%dT%H:%M:%SZ: 2024-05-13T00:00:00Z
AUD-07351,audits,mixed_date_format:inspection_date,used format %d/%m/%Y: 08/03/2026
AUD-07360,audits,out_of_range:compliance_score,104.4
AUD-07363,audits,mixed_date_format:closed_date,used format %d/%m/%Y: 21/01/2026
AUD-07365,audits,mixed_date_format:inspection_date,used format %d/%m/%Y: 04/07/2025
AUD-07367,audits,mixed_date_format:closed_date,used format %d/%m/%Y: 29/04/2026
AUD-07368,audits,mixed_date_format:inspection_date,used format %d-%b-%Y: 05-Aug-2025
AUD-07370,audits,mixed_date_format:inspection_date,used format %d-%b-%Y: 05-Feb-2024
AUD-07377,audits,out_of_range:compliance_score,150.7
AUD-07378,audits,mixed_date_format:closed_date,used format %d-%b-%Y: 26-Oct-2024
AUD-07379,audits,mixed_date_format:inspection_date,used format %d/%m/%Y: 05/03/2024
AUD-07384,audits,mixed_date_format:inspection_date,used format %m/%d/%Y: 03/20/2026
AUD-07386,audits,mixed_date_format:closed_date,used format %d/%m/%Y: 14/07/2024
AUD-07389,audits,mixed_date_format:inspection_date,used format %d-%b-%Y: 31-Jul-2024
AUD-07397,audits,mixed_date_format:inspection_date,used format %d-%b-%Y: 07-Aug-2025
AUD-07399,audits,mixed_date_format:inspection_date,used format %m/%d/%Y: 09/29/2025
AUD-07401,audits,mixed_date_format:inspection_date,used format %m/%d/%Y: 06/15/2024
AUD-07401,audits,mixed_date_format:closed_date,used format %d-%b-%Y: 04-Jul-2024
AUD-07406,audits,mixed_date_format:closed_date,used format %m/%d/%Y: 03/17/2026
AUD-07406,audits,closed_before_inspection,closed=2026-01-25 < inspection=2026-02-24
AUD-07411,audits,out_of_range:compliance_score,112.3
AUD-07413,audits,mixed_date_format:inspection_date,used format %Y-%m-%dT%H:%M:%SZ: 2026-07-21T00:00:00Z
AUD-07418,audits,mixed_date_format:closed_date,used format %Y-%m-%dT%H:%M:%SZ: 2025-08-11T00:00:00Z
AUD-07423,audits,mixed_date_format:closed_date,used format %m/%d/%Y: 08/29/2025
AUD-07426,audits,mixed_date_format:closed_date,used format %Y-%m-%dT%H:%M:%SZ: 2026-08-04T00:00:00Z
AUD-07430,audits,mixed_date_format:inspection_date,used format %d-%b-%Y: 12-Feb-2025
AUD-07431,audits,mixed_date_format:closed_date,used format %d-%b-%Y: 27-Apr-2025
AUD-07432,audits,mixed_date_format:inspection_date,used format %m/%d/%Y: 10/03/2025
AUD-07432,audits,mixed_date_format:closed_date,used format %m/%d/%Y: 10/14/2025
AUD-07434,audits,mixed_date_format:closed_date,used format %d/%m/%Y: 20/09/2024
AUD-07436,audits,mixed_date_format:inspection_date,used format %d/%m/%Y: 21/08/2025
AUD-07437,audits,mixed_date_format:inspection_date,used format %d/%m/%Y: 25/11/2024
AUD-07441,audits,mixed_date_format:inspection_date,used format %m/%d/%Y: 08/16/2024
AUD-07448,audits,mixed_date_format:closed_date,used format %d/%m/%Y: 29/04/2026
AUD-07448,audits,closed_before_inspection,closed=2026-02-14 < inspection=2026-03-02
AUD-07453,audits,mixed_date_format:inspection_date,used format %d-%b-%Y: 28-Jan-2025
AUD-07454,audits,mixed_date_format:inspection_date,used format %d/%m/%Y: 30/06/2025
AUD-07458,audits,mixed_date_format:inspection_date,used format %m/%d/%Y: 01/27/2025
AUD-07464,audits,mixed_date_format:inspection_date,used format %Y-%m-%dT%H:%M:%SZ: 2025-09-07T00:00:00Z
AUD-07466,audits,mixed_date_format:inspection_date,used format %d/%m/%Y: 05/12/2025
AUD-07467,audits,mixed_date_format:inspection_date,used format %d/%m/%Y: 14/06/2026
AUD-07467,audits,future_date:inspection_date,2026-07-28
AUD-07470,audits,mixed_date_format:closed_date,used format %d-%b-%Y: 26-May-2024
AUD-07474,audits,mixed_date_format:closed_date,used format %d-%b-%Y: 06-Nov-2025
AUD-07475,audits,mixed_date_format:inspection_date,used format %d-%b-%Y: 19-Oct-2025
AUD-07475,audits,mixed_date_format:closed_date,used format %d/%m/%Y: 17/11/2025
AUD-07484,audits,mixed_date_format:inspection_date,used format %d/%m/%Y: 24/10/2025
AUD-07484,audits,mixed_date_format:closed_date,used format %d/%m/%Y: 02/11/2025
AUD-07487,audits,mixed_date_format:inspection_date,used format %d-%b-%Y: 10-Jun-2024
AUD-07492,audits,mixed_date_format:inspection_date,used format %Y-%m-%dT%H:%M:%SZ: 2024-07-07T00:00:00Z
AUD-07492,audits,mixed_date_format:closed_date,used format %Y-%m-%dT%H:%M:%SZ: 2024-08-08T00:00:00Z
AUD-07495,audits,mixed_date_format:inspection_date,used format %d/%m/%Y: 10/04/2024
AUD-07495,audits,mixed_date_format:closed_date,used format %Y-%m-%dT%H:%M:%SZ: 2024-05-03T00:00:00Z
AUD-07495,audits,future_date:inspection_date,2026-08-08
AUD-07503,audits,mixed_date_format:closed_date,used format %m/%d/%Y: 10/30/2025
AUD-07507,audits,mixed_date_format:inspection_date,used format %m/%d/%Y: 06/04/2025
AUD-07508,audits,mixed_date_format:inspection_date,used format %d-%b-%Y: 15-Mar-2026
AUD-07508,audits,mixed_date_format:closed_date,used format %d-%b-%Y: 13-Apr-2026
AUD-07514,audits,mixed_date_format:inspection_date,used format %m/%d/%Y: 06/22/2024
AUD-07517,audits,mixed_date_format:inspection_date,used format %m/%d/%Y: 02/17/2026
AUD-07520,audits,mixed_date_format:inspection_date,used format %m/%d/%Y: 07/08/2025
AUD-07521,audits,mixed_date_format:inspection_date,used format %Y-%m-%dT%H:%M:%SZ: 2025-09-19T00:00:00Z
AUD-07524,audits,mixed_date_format:closed_date,used format %d-%b-%Y: 03-Oct-2024
AUD-07525,audits,mixed_date_format:inspection_date,used format %m/%d/%Y: 02/13/2024
AUD-07534,audits,mixed_date_format:closed_date,used format %d-%b-%Y: 04-Mar-2025
AUD-07535,audits,mixed_date_format:closed_date,used format %d-%b-%Y: 09-Aug-2025
AUD-07537,audits,mixed_date_format:closed_date,used format %d-%b-%Y: 21-Apr-2025
AUD-07538,audits,mixed_date_format:closed_date,used format %d/%m/%Y: 14/02/2026
AUD-07541,audits,mixed_date_format:inspection_date,used format %Y-%m-%dT%H:%M:%SZ: 2025-06-05T00:00:00Z
AUD-07546,audits,out_of_range:compliance_score,-3.0
AUD-07552,audits,mixed_date_format:inspection_date,used format %Y-%m-%dT%H:%M:%SZ: 2026-06-09T00:00:00Z
AUD-07553,audits,out_of_range:compliance_score,150.5
AUD-07557,audits,mixed_date_format:inspection_date,used format %m/%d/%Y: 03/23/2024
AUD-07567,audits,mixed_date_format:inspection_date,used format %m/%d/%Y: 10/18/2025
AUD-07573,audits,mixed_date_format:inspection_date,used format %Y-%m-%dT%H:%M:%SZ: 2025-05-20T00:00:00Z
AUD-07576,audits,out_of_range:compliance_score,104.8
AUD-07582,audits,mixed_date_format:inspection_date,used format %Y-%m-%dT%H:%M:%SZ: 2024-09-12T00:00:00Z
AUD-07586,audits,mixed_date_format:inspection_date,used format %d-%b-%Y: 29-Feb-2024
AUD-07586,audits,mixed_date_format:closed_date,used format %d/%m/%Y: 12/03/2024
AUD-07587,audits,mixed_date_format:closed_date,used format %m/%d/%Y: 06/05/2024
AUD-07599,audits,mixed_date_format:inspection_date,used format %m/%d/%Y: 01/17/2025
AUD-07606,audits,mixed_date_format:inspection_date,used format %d-%b-%Y: 30-Aug-2024
AUD-07607,audits,mixed_date_format:inspection_date,used format %d-%b-%Y: 11-Apr-2026
AUD-07607,audits,mixed_date_format:closed_date,used format %d/%m/%Y: 09/05/2026
AUD-07607,audits,out_of_range:compliance_score,-3.3
AUD-07608,audits,mixed_date_format:inspection_date,used format %m/%d/%Y: 11/21/2025
AUD-07611,audits,mixed_date_format:inspection_date,used format %Y-%m-%dT%H:%M:%SZ: 2024-08-19T00:00:00Z
AUD-07612,audits,mixed_date_format:inspection_date,used format %Y-%m-%dT%H:%M:%SZ: 2026-04-08T00:00:00Z
AUD-07613,audits,mixed_date_format:inspection_date,used format %Y-%m-%dT%H:%M:%SZ: 2025-01-24T00:00:00Z
AUD-07614,audits,mixed_date_format:inspection_date,used format %m/%d/%Y: 07/04/2025
AUD-07614,audits,mixed_date_format:closed_date,used format %Y-%m-%dT%H:%M:%SZ: 2025-08-30T00:00:00Z
AUD-07621,audits,mixed_date_format:inspection_date,used format %Y-%m-%dT%H:%M:%SZ: 2025-07-06T00:00:00Z
AUD-07624,audits,out_of_range:compliance_score,104.9
AUD-07628,audits,mixed_date_format:inspection_date,used format %d/%m/%Y: 08/05/2024
AUD-07635,audits,mixed_date_format:closed_date,used format %m/%d/%Y: 01/13/2026
AUD-07636,audits,mixed_date_format:inspection_date,used format %d/%m/%Y: 04/05/2024
AUD-07638,audits,mixed_date_format:inspection_date,used format %m/%d/%Y: 03/14/2024
AUD-07648,audits,mixed_date_format:inspection_date,used format %d-%b-%Y: 12-Feb-2024
AUD-07652,audits,mixed_date_format:inspection_date,used format %m/%d/%Y: 05/16/2025
AUD-07653,audits,mixed_date_format:closed_date,used format %d/%m/%Y: 20/02/2024
AUD-07655,audits,out_of_range:compliance_score,104.8
AUD-07660,audits,mixed_date_format:inspection_date,used format %Y-%m-%dT%H:%M:%SZ: 2025-09-08T00:00:00Z
AUD-07662,audits,mixed_date_format:closed_date,used format %d-%b-%Y: 20-Feb-2024
AUD-07664,audits,mixed_date_format:closed_date,used format %m/%d/%Y: 03/09/2025
AUD-07666,audits,out_of_range:compliance_score,-7.8
AUD-07668,audits,mixed_date_format:inspection_date,used format %d/%m/%Y: 04/12/2025
AUD-07669,audits,mixed_date_format:closed_date,used format %d/%m/%Y: 15/03/2026
AUD-07670,audits,mixed_date_format:inspection_date,used format %m/%d/%Y: 01/03/2025
AUD-07674,audits,mixed_date_format:closed_date,used format %d-%b-%Y: 29-Nov-2024
AUD-07676,audits,closed_before_inspection,closed=2024-03-14 < inspection=2024-03-28
AUD-07678,audits,mixed_date_format:closed_date,used format %m/%d/%Y: 02/23/2024
AUD-07683,audits,mixed_date_format:inspection_date,used format %m/%d/%Y: 11/26/2025
AUD-07683,audits,future_date:inspection_date,2026-09-13
AUD-07684,audits,mixed_date_format:inspection_date,used format %d/%m/%Y: 11/12/2025
AUD-07685,audits,mixed_date_format:inspection_date,used format %d/%m/%Y: 21/02/2024
AUD-07686,audits,mixed_date_format:inspection_date,used format %d-%b-%Y: 30-Dec-2025
AUD-07687,audits,mixed_date_format:closed_date,used format %d-%b-%Y: 17-Jul-2025
AUD-07687,audits,closed_before_inspection,closed=2025-05-30 < inspection=2025-06-18
AUD-07689,audits,mixed_date_format:inspection_date,used format %Y-%m-%dT%H:%M:%SZ: 2024-11-09T00:00:00Z
AUD-07692,audits,mixed_date_format:inspection_date,used format %m/%d/%Y: 02/18/2025
AUD-07693,audits,mixed_date_format:inspection_date,used format %Y-%m-%dT%H:%M:%SZ: 2026-02-10T00:00:00Z
AUD-07695,audits,mixed_date_format:inspection_date,used format %Y-%m-%dT%H:%M:%SZ: 2026-04-22T00:00:00Z
AUD-07695,audits,mixed_date_format:closed_date,used format %Y-%m-%dT%H:%M:%SZ: 2026-05-19T00:00:00Z
AUD-07697,audits,mixed_date_format:inspection_date,used format %Y-%m-%dT%H:%M:%SZ: 2025-01-08T00:00:00Z
AUD-07697,audits,future_date:inspection_date,2026-08-02
AUD-07698,audits,mixed_date_format:closed_date,used format %d/%m/%Y: 05/06/2024
AUD-07702,audits,mixed_date_format:inspection_date,used format %m/%d/%Y: 05/25/2026
AUD-07703,audits,mixed_date_format:closed_date,used format %m/%d/%Y: 09/30/2025
AUD-07712,audits,mixed_date_format:inspection_date,used format %m/%d/%Y: 01/23/2025
AUD-07720,audits,mixed_date_format:inspection_date,used format %d-%b-%Y: 03-Oct-2025
AUD-07725,audits,mixed_date_format:closed_date,used format %m/%d/%Y: 03/09/2024
AUD-07728,audits,closed_before_inspection,closed=2024-03-15 < inspection=2024-03-24
AUD-07729,audits,mixed_date_format:inspection_date,used format %d-%b-%Y: 23-Mar-2024
AUD-07732,audits,mixed_date_format:closed_date,used format %d-%b-%Y: 10-Nov-2025
AUD-07734,audits,mixed_date_format:closed_date,used format %d-%b-%Y: 14-Jul-2025
AUD-07735,audits,mixed_date_format:closed_date,used format %Y-%m-%dT%H:%M:%SZ: 2025-03-14T00:00:00Z
AUD-07737,audits,mixed_date_format:inspection_date,used format %d-%b-%Y: 29-Feb-2024
AUD-07737,audits,future_date:inspection_date,2026-08-26
AUD-07738,audits,mixed_date_format:inspection_date,used format %d/%m/%Y: 02/11/2025
AUD-07742,audits,mixed_date_format:closed_date,used format %d/%m/%Y: 29/04/2024
AUD-07742,audits,future_date:inspection_date,2026-08-07
AUD-07743,audits,mixed_date_format:inspection_date,used format %d/%m/%Y: 08/05/2025
AUD-07750,audits,mixed_date_format:inspection_date,used format %d-%b-%Y: 18-Apr-2025
AUD-07754,audits,closed_before_inspection,closed=2024-12-18 < inspection=2024-12-19
AUD-07762,audits,mixed_date_format:inspection_date,used format %m/%d/%Y: 12/15/2025
AUD-07762,audits,mixed_date_format:closed_date,used format %Y-%m-%dT%H:%M:%SZ: 2026-01-03T00:00:00Z
AUD-07768,audits,mixed_date_format:closed_date,used format %d/%m/%Y: 01/01/2025
AUD-07771,audits,mixed_date_format:inspection_date,used format %d/%m/%Y: 25/10/2025
AUD-07780,audits,mixed_date_format:inspection_date,used format %m/%d/%Y: 09/03/2025
AUD-07783,audits,mixed_date_format:inspection_date,used format %Y-%m-%dT%H:%M:%SZ: 2025-10-11T00:00:00Z
AUD-07784,audits,mixed_date_format:closed_date,used format %Y-%m-%dT%H:%M:%SZ: 2026-06-21T00:00:00Z
AUD-07786,audits,mixed_date_format:inspection_date,used format %d-%b-%Y: 24-Sep-2024
AUD-07789,audits,mixed_date_format:inspection_date,used format %Y-%m-%dT%H:%M:%SZ: 2026-06-05T00:00:00Z
AUD-07789,audits,mixed_date_format:closed_date,used format %m/%d/%Y: 06/25/2026
AUD-07790,audits,mixed_date_format:inspection_date,used format %d/%m/%Y: 01/12/2024
AUD-07791,audits,mixed_date_format:inspection_date,used format %d/%m/%Y: 29/11/2024
AUD-07791,audits,mixed_date_format:closed_date,used format %d/%m/%Y: 25/12/2024
AUD-07793,audits,mixed_date_format:inspection_date,used format %d/%m/%Y: 06/01/2025
AUD-07798,audits,mixed_date_format:closed_date,used format %Y-%m-%dT%H:%M:%SZ: 2025-09-04T00:00:00Z
AUD-07799,audits,mixed_date_format:closed_date,used format %m/%d/%Y: 06/15/2026
AUD-07800,audits,mixed_date_format:inspection_date,used format %d/%m/%Y: 16/03/2024
AUD-07801,audits,mixed_date_format:closed_date,used format %d-%b-%Y: 04-Apr-2024
AUD-07812,audits,mixed_date_format:inspection_date,used format %d-%b-%Y: 11-Mar-2024
AUD-07816,audits,mixed_date_format:inspection_date,used format %Y-%m-%dT%H:%M:%SZ: 2025-03-11T00:00:00Z
AUD-07818,audits,mixed_date_format:inspection_date,used format %m/%d/%Y: 09/04/2024
AUD-07823,audits,mixed_date_format:inspection_date,used format %m/%d/%Y: 03/04/2026
AUD-07823,audits,out_of_range:compliance_score,104.3
AUD-07826,audits,mixed_date_format:inspection_date,used format %d/%m/%Y: 30/06/2024
AUD-07832,audits,mixed_date_format:inspection_date,used format %d/%m/%Y: 01/10/2025
AUD-07832,audits,mixed_date_format:closed_date,used format %Y-%m-%dT%H:%M:%SZ: 2025-10-30T00:00:00Z
AUD-07834,audits,mixed_date_format:inspection_date,used format %d-%b-%Y: 25-Jun-2026
AUD-07837,audits,out_of_range:compliance_score,150.1
AUD-07839,audits,closed_before_inspection,closed=2024-07-06 < inspection=2024-07-13
AUD-07840,audits,mixed_date_format:inspection_date,used format %d/%m/%Y: 27/09/2024
AUD-07841,audits,mixed_date_format:inspection_date,used format %d/%m/%Y: 15/02/2026
AUD-07842,audits,mixed_date_format:inspection_date,used format %Y-%m-%dT%H:%M:%SZ: 2025-02-25T00:00:00Z
AUD-07842,audits,mixed_date_format:closed_date,used format %m/%d/%Y: 03/08/2025
AUD-07845,audits,mixed_date_format:inspection_date,used format %d-%b-%Y: 11-May-2025
AUD-07848,audits,mixed_date_format:inspection_date,used format %m/%d/%Y: 12/22/2025
AUD-07853,audits,mixed_date_format:inspection_date,used format %d-%b-%Y: 20-Mar-2024
AUD-07858,audits,mixed_date_format:inspection_date,used format %d-%b-%Y: 23-Jan-2025
AUD-07858,audits,mixed_date_format:closed_date,used format %Y-%m-%dT%H:%M:%SZ: 2025-04-14T00:00:00Z
AUD-07861,audits,mixed_date_format:inspection_date,used format %d-%b-%Y: 29-Nov-2024
AUD-07865,audits,mixed_date_format:inspection_date,used format %m/%d/%Y: 10/30/2024
AUD-07868,audits,mixed_date_format:inspection_date,used format %d/%m/%Y: 22/01/2026
AUD-07871,audits,mixed_date_format:inspection_date,used format %m/%d/%Y: 06/05/2026
AUD-07872,audits,mixed_date_format:inspection_date,used format %Y-%m-%dT%H:%M:%SZ: 2025-10-18T00:00:00Z
AUD-07874,audits,mixed_date_format:inspection_date,used format %Y-%m-%dT%H:%M:%SZ: 2024-05-13T00:00:00Z
AUD-07881,audits,mixed_date_format:inspection_date,used format %m/%d/%Y: 02/23/2025
AUD-07882,audits,mixed_date_format:inspection_date,used format %d/%m/%Y: 25/03/2024
AUD-07883,audits,mixed_date_format:inspection_date,used format %Y-%m-%dT%H:%M:%SZ: 2024-10-19T00:00:00Z
AUD-07887,audits,mixed_date_format:inspection_date,used format %d-%b-%Y: 15-May-2024
AUD-07895,audits,mixed_date_format:inspection_date,used format %Y-%m-%dT%H:%M:%SZ: 2024-12-08T00:00:00Z
AUD-07896,audits,mixed_date_format:inspection_date,used format %d/%m/%Y: 22/07/2025
AUD-07910,audits,mixed_date_format:inspection_date,used format %m/%d/%Y: 03/09/2025
AUD-07918,audits,mixed_date_format:closed_date,used format %d/%m/%Y: 08/08/2026
AUD-07920,audits,mixed_date_format:closed_date,used format %d/%m/%Y: 12/12/2024
AUD-07921,audits,mixed_date_format:inspection_date,used format %Y-%m-%dT%H:%M:%SZ: 2025-02-18T00:00:00Z
AUD-07922,audits,mixed_date_format:inspection_date,used format %m/%d/%Y: 09/13/2024
AUD-07924,audits,mixed_date_format:inspection_date,used format %d-%b-%Y: 11-Dec-2024
AUD-07929,audits,mixed_date_format:closed_date,used format %Y-%m-%dT%H:%M:%SZ: 2025-06-02T00:00:00Z
AUD-07930,audits,mixed_date_format:closed_date,used format %d-%b-%Y: 11-Dec-2025
AUD-07937,audits,mixed_date_format:inspection_date,used format %d/%m/%Y: 03/03/2026
AUD-07937,audits,mixed_date_format:closed_date,used format %Y-%m-%dT%H:%M:%SZ: 2026-03-12T00:00:00Z
AUD-07944,audits,mixed_date_format:inspection_date,used format %Y-%m-%dT%H:%M:%SZ: 2025-02-07T00:00:00Z
AUD-07945,audits,mixed_date_format:closed_date,used format %d-%b-%Y: 26-May-2025
AUD-07949,audits,mixed_date_format:inspection_date,used format %m/%d/%Y: 03/12/2024
AUD-07950,audits,mixed_date_format:closed_date,used format %Y-%m-%dT%H:%M:%SZ: 2024-06-10T00:00:00Z
AUD-07954,audits,mixed_date_format:inspection_date,used format %d-%b-%Y: 21-Jul-2026
AUD-07955,audits,mixed_date_format:closed_date,used format %d-%b-%Y: 11-Jan-2025
AUD-07956,audits,mixed_date_format:inspection_date,used format %d/%m/%Y: 22/05/2024
AUD-07958,audits,mixed_date_format:inspection_date,used format %m/%d/%Y: 03/17/2025
AUD-07961,audits,mixed_date_format:inspection_date,used format %Y-%m-%dT%H:%M:%SZ: 2024-05-26T00:00:00Z
AUD-07964,audits,closed_before_inspection,closed=2025-10-20 < inspection=2025-11-11
AUD-07979,audits,mixed_date_format:inspection_date,used format %d-%b-%Y: 13-Nov-2025
AUD-07981,audits,mixed_date_format:inspection_date,used format %d/%m/%Y: 16/01/2026
AUD-07985,audits,mixed_date_format:inspection_date,used format %d/%m/%Y: 05/02/2024
AUD-07986,audits,mixed_date_format:closed_date,used format %d-%b-%Y: 05-Feb-2026
AUD-07991,audits,mixed_date_format:inspection_date,used format %Y-%m-%dT%H:%M:%SZ: 2024-11-28T00:00:00Z
AUD-07991,audits,mixed_date_format:closed_date,used format %d-%b-%Y: 27-Dec-2024
AUD-07997,audits,mixed_date_format:closed_date,used format %d/%m/%Y: 25/04/2025
AUD-08007,audits,mixed_date_format:closed_date,used format %d/%m/%Y: 09/02/2025
AUD-08009,audits,mixed_date_format:inspection_date,used format %m/%d/%Y: 09/21/2024
AUD-08011,audits,mixed_date_format:closed_date,used format %Y-%m-%dT%H:%M:%SZ: 2024-09-14T00:00:00Z
AUD-08015,audits,mixed_date_format:inspection_date,used format %d-%b-%Y: 05-Jan-2025
AUD-08018,audits,closed_before_inspection,closed=2024-06-04 < inspection=2024-06-27
AUD-08019,audits,mixed_date_format:inspection_date,used format %d/%m/%Y: 03/02/2026
AUD-08021,audits,mixed_date_format:inspection_date,used format %m/%d/%Y: 11/26/2025
AUD-08027,audits,mixed_date_format:inspection_date,used format %d-%b-%Y: 09-Jul-2026
AUD-08035,audits,closed_before_inspection,closed=2025-04-16 < inspection=2025-04-29
AUD-08044,audits,mixed_date_format:inspection_date,used format %d-%b-%Y: 19-Sep-2025
AUD-08046,audits,mixed_date_format:inspection_date,used format %Y-%m-%dT%H:%M:%SZ: 2026-01-28T00:00:00Z
AUD-08046,audits,mixed_date_format:closed_date,used format %Y-%m-%dT%H:%M:%SZ: 2026-03-25T00:00:00Z
AUD-08048,audits,mixed_date_format:inspection_date,used format %d/%m/%Y: 04/04/2026
AUD-08054,audits,mixed_date_format:inspection_date,used format %Y-%m-%dT%H:%M:%SZ: 2024-03-03T00:00:00Z
AUD-08055,audits,closed_before_inspection,closed=2024-09-09 < inspection=2024-10-03
AUD-08060,audits,mixed_date_format:closed_date,used format %d/%m/%Y: 25/03/2026
AUD-08061,audits,mixed_date_format:inspection_date,used format %d-%b-%Y: 24-Nov-2025
AUD-08067,audits,future_date:inspection_date,2026-09-08
AUD-08068,audits,mixed_date_format:inspection_date,used format %m/%d/%Y: 07/15/2026
AUD-08068,audits,mixed_date_format:closed_date,used format %d-%b-%Y: 03-Aug-2026
AUD-08072,audits,mixed_date_format:inspection_date,used format %Y-%m-%dT%H:%M:%SZ: 2025-02-14T00:00:00Z
AUD-08075,audits,mixed_date_format:inspection_date,used format %d-%b-%Y: 28-Oct-2025
AUD-08078,audits,mixed_date_format:closed_date,used format %d-%b-%Y: 25-Oct-2025
AUD-08080,audits,mixed_date_format:closed_date,used format %m/%d/%Y: 04/14/2024
AUD-08085,audits,mixed_date_format:inspection_date,used format %d-%b-%Y: 04-Mar-2026
AUD-08085,audits,mixed_date_format:closed_date,used format %d/%m/%Y: 29/03/2026
AUD-08087,audits,mixed_date_format:inspection_date,used format %Y-%m-%dT%H:%M:%SZ: 2025-04-28T00:00:00Z
AUD-08090,audits,mixed_date_format:inspection_date,used format %Y-%m-%dT%H:%M:%SZ: 2024-09-23T00:00:00Z
AUD-08099,audits,out_of_range:compliance_score,-2.8
AUD-08106,audits,mixed_date_format:inspection_date,used format %m/%d/%Y: 08/10/2025
AUD-08107,audits,mixed_date_format:inspection_date,used format %m/%d/%Y: 12/23/2025
AUD-08108,audits,mixed_date_format:inspection_date,used format %Y-%m-%dT%H:%M:%SZ: 2024-05-21T00:00:00Z
AUD-08108,audits,out_of_range:compliance_score,-7.6
AUD-08110,audits,mixed_date_format:closed_date,used format %Y-%m-%dT%H:%M:%SZ: 2025-02-08T00:00:00Z
AUD-08112,audits,mixed_date_format:closed_date,used format %Y-%m-%dT%H:%M:%SZ: 2024-04-08T00:00:00Z
AUD-08113,audits,mixed_date_format:inspection_date,used format %d/%m/%Y: 29/02/2024
AUD-08121,audits,mixed_date_format:inspection_date,used format %Y-%m-%dT%H:%M:%SZ: 2026-04-20T00:00:00Z
AUD-08124,audits,mixed_date_format:closed_date,used format %d-%b-%Y: 17-Oct-2025
AUD-08127,audits,closed_before_inspection,closed=2024-03-22 < inspection=2024-04-08
AUD-08132,audits,mixed_date_format:closed_date,used format %Y-%m-%dT%H:%M:%SZ: 2024-08-03T00:00:00Z
AUD-08140,audits,mixed_date_format:inspection_date,used format %Y-%m-%dT%H:%M:%SZ: 2025-08-11T00:00:00Z
AUD-08143,audits,mixed_date_format:inspection_date,used format %Y-%m-%dT%H:%M:%SZ: 2024-10-16T00:00:00Z
AUD-08149,audits,mixed_date_format:inspection_date,used format %d-%b-%Y: 21-Jun-2025
AUD-08149,audits,out_of_range:compliance_score,-3.2
AUD-08158,audits,mixed_date_format:inspection_date,used format %d/%m/%Y: 15/04/2024
AUD-08159,audits,closed_before_inspection,closed=2025-01-13 < inspection=2025-02-02
AUD-08160,audits,mixed_date_format:closed_date,used format %d/%m/%Y: 07/04/2025
AUD-08168,audits,mixed_date_format:inspection_date,used format %d/%m/%Y: 16/10/2025
AUD-08172,audits,mixed_date_format:inspection_date,used format %d-%b-%Y: 02-Sep-2024
AUD-08173,audits,mixed_date_format:closed_date,used format %d/%m/%Y: 05/10/2026
AUD-08174,audits,mixed_date_format:inspection_date,used format %Y-%m-%dT%H:%M:%SZ: 2026-01-03T00:00:00Z
AUD-08174,audits,mixed_date_format:closed_date,used format %m/%d/%Y: 01/28/2026
AUD-08189,audits,mixed_date_format:inspection_date,used format %d-%b-%Y: 05-Jun-2024
AUD-08194,audits,mixed_date_format:inspection_date,used format %d/%m/%Y: 01/11/2025
AUD-08197,audits,mixed_date_format:inspection_date,used format %m/%d/%Y: 05/10/2026
AUD-08200,audits,mixed_date_format:closed_date,used format %d-%b-%Y: 21-Oct-2024
AUD-08207,audits,future_date:inspection_date,2026-08-14
AUD-08208,audits,mixed_date_format:inspection_date,used format %d/%m/%Y: 01/02/2025
AUD-08209,audits,mixed_date_format:inspection_date,used format %d/%m/%Y: 27/08/2024
AUD-08215,audits,mixed_date_format:inspection_date,used format %d/%m/%Y: 13/05/2025
AUD-08220,audits,out_of_range:compliance_score,-3.3
AUD-08235,audits,mixed_date_format:inspection_date,used format %d/%m/%Y: 28/10/2025
AUD-08236,audits,mixed_date_format:closed_date,used format %Y-%m-%dT%H:%M:%SZ: 2025-05-01T00:00:00Z
AUD-08239,audits,mixed_date_format:closed_date,used format %d/%m/%Y: 04/12/2024
AUD-08243,audits,mixed_date_format:inspection_date,used format %Y-%m-%dT%H:%M:%SZ: 2025-09-22T00:00:00Z
AUD-08245,audits,mixed_date_format:inspection_date,used format %Y-%m-%dT%H:%M:%SZ: 2025-03-05T00:00:00Z
AUD-08253,audits,mixed_date_format:inspection_date,used format %m/%d/%Y: 02/18/2025
AUD-08254,audits,mixed_date_format:inspection_date,used format %d/%m/%Y: 12/02/2024
AUD-08254,audits,mixed_date_format:closed_date,used format %d/%m/%Y: 21/02/2024
AUD-08255,audits,mixed_date_format:inspection_date,used format %d/%m/%Y: 10/10/2025
AUD-08259,audits,mixed_date_format:closed_date,used format %Y-%m-%dT%H:%M:%SZ: 2024-07-14T00:00:00Z
AUD-08263,audits,out_of_range:compliance_score,-7.7
AUD-08265,audits,mixed_date_format:closed_date,used format %d-%b-%Y: 20-Jun-2026
AUD-08274,audits,mixed_date_format:inspection_date,used format %d/%m/%Y: 25/05/2025
AUD-08275,audits,mixed_date_format:closed_date,used format %m/%d/%Y: 08/20/2025
AUD-08277,audits,mixed_date_format:inspection_date,used format %d-%b-%Y: 11-Apr-2026
AUD-08286,audits,mixed_date_format:inspection_date,used format %d-%b-%Y: 26-Aug-2024
AUD-08287,audits,mixed_date_format:inspection_date,used format %Y-%m-%dT%H:%M:%SZ: 2025-10-13T00:00:00Z
AUD-08295,audits,mixed_date_format:inspection_date,used format %d-%b-%Y: 26-Oct-2024
AUD-08297,audits,mixed_date_format:inspection_date,used format %d/%m/%Y: 06/07/2024
AUD-08297,audits,out_of_range:compliance_score,112.8
AUD-08300,audits,mixed_date_format:inspection_date,used format %Y-%m-%dT%H:%M:%SZ: 2026-03-28T00:00:00Z
AUD-08301,audits,mixed_date_format:inspection_date,used format %m/%d/%Y: 05/25/2026
AUD-08304,audits,mixed_date_format:inspection_date,used format %d-%b-%Y: 05-Jan-2026
AUD-08306,audits,mixed_date_format:closed_date,used format %m/%d/%Y: 10/06/2025
AUD-08307,audits,mixed_date_format:closed_date,used format %d/%m/%Y: 19/06/2025
AUD-08308,audits,mixed_date_format:inspection_date,used format %d/%m/%Y: 16/05/2025
AUD-08324,audits,mixed_date_format:inspection_date,used format %m/%d/%Y: 03/11/2025
AUD-08325,audits,mixed_date_format:inspection_date,used format %d/%m/%Y: 29/06/2026
AUD-08325,audits,mixed_date_format:closed_date,used format %d-%b-%Y: 23-Jul-2026
AUD-08326,audits,mixed_date_format:inspection_date,used format %m/%d/%Y: 09/03/2025
AUD-08332,audits,mixed_date_format:inspection_date,used format %d/%m/%Y: 11/05/2024
AUD-08345,audits,closed_before_inspection,closed=2025-01-14 < inspection=2025-02-06
AUD-08353,audits,mixed_date_format:inspection_date,used format %Y-%m-%dT%H:%M:%SZ: 2024-10-31T00:00:00Z
AUD-08362,audits,mixed_date_format:inspection_date,used format %d-%b-%Y: 21-Jan-2025
AUD-08362,audits,mixed_date_format:closed_date,used format %Y-%m-%dT%H:%M:%SZ: 2025-01-27T00:00:00Z
AUD-08365,audits,mixed_date_format:inspection_date,used format %d/%m/%Y: 11/11/2025
AUD-08375,audits,future_date:inspection_date,2026-08-17
AUD-08379,audits,future_date:inspection_date,2026-08-20
AUD-08381,audits,closed_before_inspection,closed=2025-02-05 < inspection=2025-03-06
AUD-08385,audits,mixed_date_format:inspection_date,used format %d/%m/%Y: 04/12/2024
AUD-08386,audits,mixed_date_format:closed_date,used format %d/%m/%Y: 01/02/2026
AUD-08392,audits,future_date:inspection_date,2026-07-26
AUD-08403,audits,mixed_date_format:inspection_date,used format %d-%b-%Y: 07-Jul-2024
AUD-08417,audits,mixed_date_format:inspection_date,used format %Y-%m-%dT%H:%M:%SZ: 2026-03-07T00:00:00Z
AUD-08419,audits,mixed_date_format:inspection_date,used format %Y-%m-%dT%H:%M:%SZ: 2024-08-01T00:00:00Z
AUD-08427,audits,mixed_date_format:closed_date,used format %d-%b-%Y: 09-Sep-2026
AUD-08429,audits,mixed_date_format:closed_date,used format %d-%b-%Y: 04-Aug-2026
AUD-08431,audits,mixed_date_format:inspection_date,used format %Y-%m-%dT%H:%M:%SZ: 2025-06-07T00:00:00Z
AUD-08433,audits,mixed_date_format:closed_date,used format %m/%d/%Y: 01/10/2025
AUD-08436,audits,mixed_date_format:inspection_date,used format %d/%m/%Y: 04/03/2024
AUD-08437,audits,mixed_date_format:closed_date,used format %d/%m/%Y: 15/03/2026
AUD-08437,audits,out_of_range:compliance_score,112.8
AUD-08447,audits,mixed_date_format:closed_date,used format %d-%b-%Y: 19-May-2024
AUD-08448,audits,mixed_date_format:closed_date,used format %Y-%m-%dT%H:%M:%SZ: 2025-08-25T00:00:00Z
AUD-08451,audits,mixed_date_format:inspection_date,used format %Y-%m-%dT%H:%M:%SZ: 2024-08-23T00:00:00Z
AUD-08452,audits,mixed_date_format:inspection_date,used format %Y-%m-%dT%H:%M:%SZ: 2024-11-08T00:00:00Z
AUD-08452,audits,mixed_date_format:closed_date,used format %m/%d/%Y: 11/24/2024
AUD-08454,audits,mixed_date_format:closed_date,used format %d-%b-%Y: 28-May-2024
AUD-08460,audits,mixed_date_format:inspection_date,used format %d-%b-%Y: 05-Feb-2024
AUD-08461,audits,mixed_date_format:inspection_date,used format %d/%m/%Y: 29/10/2025
AUD-08465,audits,mixed_date_format:inspection_date,used format %Y-%m-%dT%H:%M:%SZ: 2025-01-04T00:00:00Z
AUD-08466,audits,closed_before_inspection,closed=2025-04-06 < inspection=2025-05-01
AUD-08470,audits,mixed_date_format:closed_date,used format %d-%b-%Y: 20-Aug-2025
AUD-08472,audits,mixed_date_format:inspection_date,used format %d-%b-%Y: 06-Aug-2024
AUD-08477,audits,future_date:inspection_date,2026-09-20
AUD-08479,audits,out_of_range:compliance_score,104.1
AUD-08483,audits,out_of_range:compliance_score,112.3
AUD-08492,audits,future_date:inspection_date,2026-08-25
AUD-08495,audits,mixed_date_format:inspection_date,used format %m/%d/%Y: 05/22/2025
AUD-08501,audits,mixed_date_format:inspection_date,used format %Y-%m-%dT%H:%M:%SZ: 2025-12-20T00:00:00Z
AUD-08502,audits,mixed_date_format:closed_date,used format %m/%d/%Y: 07/03/2026
AUD-08503,audits,mixed_date_format:closed_date,used format %d/%m/%Y: 03/09/2025
AUD-08506,audits,mixed_date_format:inspection_date,used format %m/%d/%Y: 09/10/2025
AUD-08507,audits,mixed_date_format:inspection_date,used format %m/%d/%Y: 05/14/2025
AUD-08510,audits,mixed_date_format:inspection_date,used format %d/%m/%Y: 13/04/2024
AUD-08515,audits,mixed_date_format:closed_date,used format %d-%b-%Y: 17-Jul-2025
AUD-08515,audits,out_of_range:compliance_score,150.0
AUD-08535,audits,mixed_date_format:closed_date,used format %m/%d/%Y: 08/28/2025
AUD-08538,audits,closed_before_inspection,closed=2025-08-16 < inspection=2025-08-25
AUD-08542,audits,mixed_date_format:closed_date,used format %d-%b-%Y: 19-May-2024
AUD-08546,audits,mixed_date_format:inspection_date,used format %d/%m/%Y: 12/08/2025
AUD-08551,audits,mixed_date_format:inspection_date,used format %m/%d/%Y: 11/21/2024
AUD-08563,audits,mixed_date_format:closed_date,used format %d-%b-%Y: 14-May-2026
AUD-08566,audits,mixed_date_format:inspection_date,used format %m/%d/%Y: 03/14/2025
AUD-08567,audits,mixed_date_format:inspection_date,used format %m/%d/%Y: 07/08/2024
AUD-08574,audits,mixed_date_format:inspection_date,used format %Y-%m-%dT%H:%M:%SZ: 2025-01-10T00:00:00Z
AUD-08575,audits,mixed_date_format:inspection_date,used format %Y-%m-%dT%H:%M:%SZ: 2026-06-09T00:00:00Z
AUD-08578,audits,mixed_date_format:inspection_date,used format %Y-%m-%dT%H:%M:%SZ: 2025-02-12T00:00:00Z
AUD-08585,audits,out_of_range:compliance_score,-7.8
AUD-08586,audits,mixed_date_format:closed_date,used format %m/%d/%Y: 06/18/2026
AUD-08587,audits,mixed_date_format:inspection_date,used format %d/%m/%Y: 18/01/2025
AUD-08588,audits,mixed_date_format:inspection_date,used format %Y-%m-%dT%H:%M:%SZ: 2024-10-28T00:00:00Z
AUD-08593,audits,mixed_date_format:inspection_date,used format %Y-%m-%dT%H:%M:%SZ: 2025-06-15T00:00:00Z
AUD-08596,audits,mixed_date_format:inspection_date,used format %d/%m/%Y: 29/10/2024
AUD-08599,audits,out_of_range:compliance_score,104.6
AUD-08606,audits,mixed_date_format:inspection_date,used format %m/%d/%Y: 04/02/2025
AUD-08612,audits,mixed_date_format:inspection_date,used format %d/%m/%Y: 12/04/2026
AUD-08615,audits,mixed_date_format:inspection_date,used format %d/%m/%Y: 01/03/2024
AUD-08617,audits,mixed_date_format:inspection_date,used format %Y-%m-%dT%H:%M:%SZ: 2024-05-23T00:00:00Z
AUD-08620,audits,mixed_date_format:inspection_date,used format %d-%b-%Y: 01-Jul-2024
AUD-08632,audits,mixed_date_format:closed_date,used format %Y-%m-%dT%H:%M:%SZ: 2024-12-11T00:00:00Z
AUD-08633,audits,mixed_date_format:inspection_date,used format %m/%d/%Y: 07/21/2025
AUD-08643,audits,mixed_date_format:closed_date,used format %d-%b-%Y: 19-Jul-2024
AUD-08644,audits,mixed_date_format:inspection_date,used format %m/%d/%Y: 09/14/2025
AUD-08647,audits,mixed_date_format:closed_date,used format %m/%d/%Y: 07/10/2024
AUD-08648,audits,mixed_date_format:inspection_date,used format %Y-%m-%dT%H:%M:%SZ: 2026-02-11T00:00:00Z
AUD-08649,audits,closed_before_inspection,closed=2025-05-11 < inspection=2025-06-06
AUD-08650,audits,mixed_date_format:closed_date,used format %d/%m/%Y: 27/08/2024
AUD-08652,audits,mixed_date_format:inspection_date,used format %d-%b-%Y: 19-Jan-2026
AUD-08659,audits,mixed_date_format:inspection_date,used format %d/%m/%Y: 27/06/2025
AUD-08667,audits,mixed_date_format:closed_date,used format %d/%m/%Y: 26/02/2025
AUD-08669,audits,mixed_date_format:inspection_date,used format %d/%m/%Y: 14/08/2024
AUD-08670,audits,mixed_date_format:inspection_date,used format %d-%b-%Y: 13-Mar-2026
AUD-08676,audits,mixed_date_format:inspection_date,used format %Y-%m-%dT%H:%M:%SZ: 2026-02-17T00:00:00Z
AUD-08677,audits,mixed_date_format:inspection_date,used format %m/%d/%Y: 04/14/2024
AUD-08680,audits,mixed_date_format:closed_date,used format %Y-%m-%dT%H:%M:%SZ: 2025-04-08T00:00:00Z
AUD-08684,audits,mixed_date_format:inspection_date,used format %Y-%m-%dT%H:%M:%SZ: 2026-05-04T00:00:00Z
AUD-08686,audits,mixed_date_format:closed_date,used format %d/%m/%Y: 07/05/2024
AUD-08691,audits,mixed_date_format:closed_date,used format %Y-%m-%dT%H:%M:%SZ: 2024-04-25T00:00:00Z
AUD-08694,audits,out_of_range:compliance_score,-3.5
AUD-08704,audits,mixed_date_format:inspection_date,used format %m/%d/%Y: 02/09/2025
AUD-08707,audits,mixed_date_format:inspection_date,used format %m/%d/%Y: 05/28/2024
AUD-08707,audits,mixed_date_format:closed_date,used format %m/%d/%Y: 06/13/2024
AUD-08709,audits,closed_before_inspection,closed=2024-09-04 < inspection=2024-09-06
AUD-08715,audits,mixed_date_format:closed_date,used format %m/%d/%Y: 08/21/2024
AUD-08717,audits,mixed_date_format:inspection_date,used format %Y-%m-%dT%H:%M:%SZ: 2025-07-03T00:00:00Z
AUD-08721,audits,mixed_date_format:inspection_date,used format %m/%d/%Y: 06/05/2024
AUD-08721,audits,mixed_date_format:closed_date,used format %m/%d/%Y: 06/15/2024
AUD-08723,audits,mixed_date_format:inspection_date,used format %m/%d/%Y: 02/19/2025
AUD-08725,audits,mixed_date_format:closed_date,used format %m/%d/%Y: 02/01/2026
AUD-08728,audits,mixed_date_format:inspection_date,used format %Y-%m-%dT%H:%M:%SZ: 2026-02-17T00:00:00Z
AUD-08728,audits,mixed_date_format:closed_date,used format %Y-%m-%dT%H:%M:%SZ: 2026-03-09T00:00:00Z
AUD-08733,audits,mixed_date_format:inspection_date,used format %Y-%m-%dT%H:%M:%SZ: 2025-12-08T00:00:00Z
AUD-08733,audits,mixed_date_format:closed_date,used format %d-%b-%Y: 24-Feb-2026
AUD-08741,audits,mixed_date_format:inspection_date,used format %d-%b-%Y: 26-Jul-2025
AUD-08741,audits,out_of_range:compliance_score,112.7
AUD-08747,audits,out_of_range:compliance_score,112.5
AUD-08751,audits,mixed_date_format:closed_date,used format %m/%d/%Y: 04/22/2025
AUD-08752,audits,mixed_date_format:inspection_date,used format %d/%m/%Y: 18/10/2024
AUD-08753,audits,mixed_date_format:inspection_date,used format %Y-%m-%dT%H:%M:%SZ: 2025-04-14T00:00:00Z
AUD-08756,audits,mixed_date_format:inspection_date,used format %m/%d/%Y: 11/22/2025
AUD-08759,audits,mixed_date_format:closed_date,used format %d-%b-%Y: 09-Dec-2024
AUD-08760,audits,mixed_date_format:inspection_date,used format %d/%m/%Y: 15/08/2025
AUD-08761,audits,mixed_date_format:closed_date,used format %Y-%m-%dT%H:%M:%SZ: 2025-10-16T00:00:00Z
AUD-08761,audits,closed_before_inspection,closed=2025-09-13 < inspection=2025-09-24
AUD-08762,audits,mixed_date_format:closed_date,used format %d-%b-%Y: 08-Aug-2026
AUD-08762,audits,closed_before_inspection,closed=2026-06-26 < inspection=2026-07-16
AUD-08765,audits,mixed_date_format:closed_date,used format %m/%d/%Y: 09/06/2025
AUD-08769,audits,mixed_date_format:closed_date,used format %Y-%m-%dT%H:%M:%SZ: 2025-08-12T00:00:00Z
AUD-08771,audits,mixed_date_format:inspection_date,used format %m/%d/%Y: 06/25/2024
AUD-08776,audits,mixed_date_format:inspection_date,used format %Y-%m-%dT%H:%M:%SZ: 2026-02-23T00:00:00Z
AUD-08781,audits,mixed_date_format:closed_date,used format %Y-%m-%dT%H:%M:%SZ: 2025-05-18T00:00:00Z
AUD-08790,audits,mixed_date_format:inspection_date,used format %m/%d/%Y: 10/20/2024
AUD-08792,audits,mixed_date_format:inspection_date,used format %m/%d/%Y: 05/10/2025
AUD-08797,audits,mixed_date_format:closed_date,used format %m/%d/%Y: 04/16/2024
AUD-08799,audits,mixed_date_format:inspection_date,used format %d/%m/%Y: 07/07/2024
AUD-08801,audits,out_of_range:compliance_score,112.8
AUD-08804,audits,mixed_date_format:closed_date,used format %Y-%m-%dT%H:%M:%SZ: 2024-09-20T00:00:00Z
AUD-08807,audits,out_of_range:compliance_score,-7.6
AUD-08810,audits,mixed_date_format:closed_date,used format %Y-%m-%dT%H:%M:%SZ: 2025-09-14T00:00:00Z
AUD-08812,audits,closed_before_inspection,closed=2025-10-02 < inspection=2025-10-12
AUD-08815,audits,mixed_date_format:inspection_date,used format %Y-%m-%dT%H:%M:%SZ: 2026-03-08T00:00:00Z
AUD-08815,audits,mixed_date_format:closed_date,used format %m/%d/%Y: 03/31/2026
AUD-08818,audits,future_date:inspection_date,2026-08-04
AUD-08819,audits,closed_before_inspection,closed=2024-07-11 < inspection=2024-07-16
AUD-08831,audits,mixed_date_format:inspection_date,used format %d/%m/%Y: 06/05/2025
AUD-08833,audits,mixed_date_format:inspection_date,used format %d-%b-%Y: 15-Dec-2025
AUD-08836,audits,mixed_date_format:closed_date,used format %m/%d/%Y: 03/13/2025
AUD-08839,audits,mixed_date_format:inspection_date,used format %Y-%m-%dT%H:%M:%SZ: 2025-07-27T00:00:00Z
AUD-08850,audits,mixed_date_format:inspection_date,used format %Y-%m-%dT%H:%M:%SZ: 2024-07-27T00:00:00Z
AUD-08851,audits,future_date:inspection_date,2026-09-17
AUD-08852,audits,mixed_date_format:inspection_date,used format %m/%d/%Y: 01/08/2025
AUD-08860,audits,mixed_date_format:inspection_date,used format %d/%m/%Y: 01/04/2026
AUD-08861,audits,mixed_date_format:inspection_date,used format %d/%m/%Y: 29/09/2024
AUD-08861,audits,out_of_range:compliance_score,-7.1
AUD-08862,audits,mixed_date_format:inspection_date,used format %Y-%m-%dT%H:%M:%SZ: 2026-02-20T00:00:00Z
AUD-08865,audits,mixed_date_format:closed_date,used format %d/%m/%Y: 25/06/2025
AUD-08870,audits,mixed_date_format:inspection_date,used format %m/%d/%Y: 03/16/2024
AUD-08870,audits,mixed_date_format:closed_date,used format %m/%d/%Y: 03/28/2024
AUD-08870,audits,out_of_range:compliance_score,112.8
AUD-08877,audits,mixed_date_format:inspection_date,used format %m/%d/%Y: 02/23/2025
AUD-08884,audits,mixed_date_format:inspection_date,used format %d-%b-%Y: 04-Jun-2025
AUD-08885,audits,closed_before_inspection,closed=2024-09-07 < inspection=2024-10-01
AUD-08886,audits,mixed_date_format:closed_date,used format %m/%d/%Y: 03/22/2025
AUD-08889,audits,mixed_date_format:inspection_date,used format %d/%m/%Y: 21/06/2025
AUD-08895,audits,mixed_date_format:inspection_date,used format %d-%b-%Y: 23-Nov-2025
AUD-08896,audits,mixed_date_format:inspection_date,used format %d/%m/%Y: 18/03/2024
AUD-08899,audits,mixed_date_format:inspection_date,used format %Y-%m-%dT%H:%M:%SZ: 2025-07-24T00:00:00Z
AUD-08908,audits,mixed_date_format:inspection_date,used format %d-%b-%Y: 16-May-2026
AUD-08909,audits,mixed_date_format:closed_date,used format %m/%d/%Y: 06/05/2026
AUD-08911,audits,mixed_date_format:closed_date,used format %d-%b-%Y: 10-Feb-2025
AUD-08915,audits,mixed_date_format:inspection_date,used format %d-%b-%Y: 16-Oct-2024
AUD-08916,audits,future_date:inspection_date,2026-08-18
AUD-08917,audits,mixed_date_format:inspection_date,used format %m/%d/%Y: 10/11/2025
AUD-08920,audits,mixed_date_format:inspection_date,used format %d/%m/%Y: 08/02/2026
AUD-08922,audits,mixed_date_format:closed_date,used format %d-%b-%Y: 19-Mar-2025
AUD-08922,audits,out_of_range:compliance_score,-7.4
AUD-08925,audits,closed_before_inspection,closed=2025-12-25 < inspection=2026-01-10
AUD-08937,audits,mixed_date_format:inspection_date,used format %Y-%m-%dT%H:%M:%SZ: 2025-07-29T00:00:00Z
AUD-08939,audits,mixed_date_format:closed_date,used format %m/%d/%Y: 05/17/2025
AUD-08943,audits,mixed_date_format:inspection_date,used format %d-%b-%Y: 14-Jul-2025
AUD-08945,audits,mixed_date_format:inspection_date,used format %d-%b-%Y: 28-Nov-2025
AUD-08948,audits,mixed_date_format:inspection_date,used format %d/%m/%Y: 24/12/2024
AUD-08950,audits,mixed_date_format:inspection_date,used format %Y-%m-%dT%H:%M:%SZ: 2025-07-24T00:00:00Z
AUD-08952,audits,mixed_date_format:inspection_date,used format %d/%m/%Y: 15/01/2025
AUD-08953,audits,mixed_date_format:closed_date,used format %m/%d/%Y: 04/29/2024
AUD-08972,audits,out_of_range:compliance_score,-7.4
AUD-08973,audits,mixed_date_format:closed_date,used format %d/%m/%Y: 02/06/2025
AUD-08977,audits,mixed_date_format:inspection_date,used format %d/%m/%Y: 20/09/2025
AUD-08994,audits,mixed_date_format:inspection_date,used format %d/%m/%Y: 15/04/2024
AUD-08997,audits,mixed_date_format:closed_date,used format %d-%b-%Y: 30-Nov-2024
AUD-08999,audits,mixed_date_format:closed_date,used format %d/%m/%Y: 09/03/2025
AUD-09000,audits,mixed_date_format:inspection_date,used format %Y-%m-%dT%H:%M:%SZ: 2025-02-08T00:00:00Z
AUD-09007,audits,mixed_date_format:inspection_date,used format %d/%m/%Y: 29/02/2024
AUD-09008,audits,mixed_date_format:inspection_date,used format %m/%d/%Y: 07/18/2026
AUD-09010,audits,mixed_date_format:inspection_date,used format %m/%d/%Y: 10/01/2024
AUD-09012,audits,mixed_date_format:inspection_date,used format %Y-%m-%dT%H:%M:%SZ: 2025-02-02T00:00:00Z
AUD-09015,audits,mixed_date_format:inspection_date,used format %Y-%m-%dT%H:%M:%SZ: 2025-09-16T00:00:00Z
AUD-09018,audits,mixed_date_format:inspection_date,used format %Y-%m-%dT%H:%M:%SZ: 2024-07-01T00:00:00Z
AUD-09022,audits,mixed_date_format:closed_date,used format %Y-%m-%dT%H:%M:%SZ: 2026-01-07T00:00:00Z
AUD-09030,audits,mixed_date_format:inspection_date,used format %Y-%m-%dT%H:%M:%SZ: 2025-01-15T00:00:00Z
AUD-09031,audits,mixed_date_format:inspection_date,used format %m/%d/%Y: 04/15/2026
AUD-09042,audits,mixed_date_format:inspection_date,used format %m/%d/%Y: 07/01/2025
AUD-09047,audits,mixed_date_format:inspection_date,used format %m/%d/%Y: 01/02/2025
AUD-09048,audits,mixed_date_format:closed_date,used format %m/%d/%Y: 08/24/2024
AUD-09053,audits,mixed_date_format:inspection_date,used format %d-%b-%Y: 03-Mar-2026
AUD-09054,audits,mixed_date_format:closed_date,used format %m/%d/%Y: 04/30/2026
AUD-09059,audits,out_of_range:compliance_score,150.8
AUD-09064,audits,mixed_date_format:inspection_date,used format %d-%b-%Y: 21-Feb-2024
AUD-09070,audits,mixed_date_format:inspection_date,used format %Y-%m-%dT%H:%M:%SZ: 2024-09-29T00:00:00Z
AUD-09076,audits,future_date:inspection_date,2026-08-04
AUD-09077,audits,mixed_date_format:inspection_date,used format %d-%b-%Y: 18-Mar-2025
AUD-09078,audits,mixed_date_format:closed_date,used format %d/%m/%Y: 24/04/2024
AUD-09079,audits,mixed_date_format:closed_date,used format %d-%b-%Y: 29-Apr-2024
AUD-09082,audits,mixed_date_format:closed_date,used format %Y-%m-%dT%H:%M:%SZ: 2025-11-04T00:00:00Z
AUD-09084,audits,mixed_date_format:inspection_date,used format %d-%b-%Y: 31-Jul-2024
AUD-09084,audits,mixed_date_format:closed_date,used format %Y-%m-%dT%H:%M:%SZ: 2024-08-24T00:00:00Z
AUD-09085,audits,mixed_date_format:inspection_date,used format %d-%b-%Y: 27-Apr-2026
AUD-09085,audits,future_date:inspection_date,2026-07-29
AUD-09089,audits,mixed_date_format:closed_date,used format %d-%b-%Y: 13-Feb-2026
AUD-09090,audits,mixed_date_format:inspection_date,used format %Y-%m-%dT%H:%M:%SZ: 2024-07-01T00:00:00Z
AUD-09092,audits,mixed_date_format:inspection_date,used format %d/%m/%Y: 27/02/2025
AUD-09094,audits,mixed_date_format:inspection_date,used format %Y-%m-%dT%H:%M:%SZ: 2025-02-28T00:00:00Z
AUD-09097,audits,mixed_date_format:closed_date,used format %Y-%m-%dT%H:%M:%SZ: 2024-11-13T00:00:00Z
AUD-09100,audits,mixed_date_format:inspection_date,used format %m/%d/%Y: 07/10/2026
AUD-09100,audits,mixed_date_format:closed_date,used format %d/%m/%Y: 27/07/2026
AUD-09102,audits,mixed_date_format:inspection_date,used format %d/%m/%Y: 30/05/2024
AUD-09105,audits,out_of_range:compliance_score,-7.1
AUD-09112,audits,mixed_date_format:inspection_date,used format %Y-%m-%dT%H:%M:%SZ: 2024-02-05T00:00:00Z
AUD-09112,audits,mixed_date_format:closed_date,used format %d-%b-%Y: 03-Mar-2024
AUD-09120,audits,mixed_date_format:inspection_date,used format %d-%b-%Y: 22-Apr-2025
AUD-09122,audits,mixed_date_format:closed_date,used format %m/%d/%Y: 07/24/2026
AUD-09129,audits,mixed_date_format:closed_date,used format %m/%d/%Y: 08/09/2024
AUD-09130,audits,mixed_date_format:closed_date,used format %Y-%m-%dT%H:%M:%SZ: 2024-12-31T00:00:00Z
AUD-09132,audits,mixed_date_format:inspection_date,used format %m/%d/%Y: 11/27/2024
AUD-09135,audits,mixed_date_format:inspection_date,used format %Y-%m-%dT%H:%M:%SZ: 2025-12-09T00:00:00Z
AUD-09136,audits,mixed_date_format:inspection_date,used format %Y-%m-%dT%H:%M:%SZ: 2024-11-24T00:00:00Z
AUD-09138,audits,mixed_date_format:inspection_date,used format %m/%d/%Y: 12/25/2024
AUD-09148,audits,future_date:inspection_date,2026-08-25
AUD-09164,audits,mixed_date_format:inspection_date,used format %m/%d/%Y: 12/05/2024
AUD-09165,audits,mixed_date_format:closed_date,used format %Y-%m-%dT%H:%M:%SZ: 2025-12-09T00:00:00Z
AUD-09166,audits,mixed_date_format:inspection_date,used format %Y-%m-%dT%H:%M:%SZ: 2024-12-15T00:00:00Z
AUD-09166,audits,mixed_date_format:closed_date,used format %Y-%m-%dT%H:%M:%SZ: 2025-01-03T00:00:00Z
AUD-09176,audits,mixed_date_format:inspection_date,used format %m/%d/%Y: 08/13/2024
AUD-09187,audits,mixed_date_format:inspection_date,used format %d-%b-%Y: 04-Feb-2024
AUD-09192,audits,mixed_date_format:closed_date,used format %m/%d/%Y: 10/25/2024
AUD-09195,audits,mixed_date_format:closed_date,used format %m/%d/%Y: 04/21/2025
AUD-09198,audits,mixed_date_format:closed_date,used format %d-%b-%Y: 20-Nov-2024
AUD-09201,audits,mixed_date_format:closed_date,used format %Y-%m-%dT%H:%M:%SZ: 2026-07-05T00:00:00Z
AUD-09206,audits,mixed_date_format:closed_date,used format %d-%b-%Y: 11-Sep-2024
AUD-09207,audits,mixed_date_format:closed_date,used format %d-%b-%Y: 28-Jun-2026
AUD-09209,audits,mixed_date_format:inspection_date,used format %d/%m/%Y: 26/01/2026
AUD-09212,audits,mixed_date_format:closed_date,used format %Y-%m-%dT%H:%M:%SZ: 2025-12-06T00:00:00Z
AUD-09212,audits,out_of_range:compliance_score,150.1
AUD-09216,audits,mixed_date_format:inspection_date,used format %Y-%m-%dT%H:%M:%SZ: 2024-12-15T00:00:00Z
AUD-09227,audits,mixed_date_format:closed_date,used format %d/%m/%Y: 07/08/2025
AUD-09232,audits,mixed_date_format:closed_date,used format %m/%d/%Y: 12/19/2025
AUD-09233,audits,mixed_date_format:inspection_date,used format %d/%m/%Y: 17/04/2025
AUD-09234,audits,mixed_date_format:inspection_date,used format %Y-%m-%dT%H:%M:%SZ: 2024-12-22T00:00:00Z
AUD-09239,audits,mixed_date_format:inspection_date,used format %Y-%m-%dT%H:%M:%SZ: 2024-12-17T00:00:00Z
AUD-09245,audits,mixed_date_format:inspection_date,used format %d-%b-%Y: 01-Jul-2026
AUD-09246,audits,mixed_date_format:closed_date,used format %d-%b-%Y: 09-Sep-2025
AUD-09247,audits,mixed_date_format:inspection_date,used format %Y-%m-%dT%H:%M:%SZ: 2025-08-04T00:00:00Z
AUD-09249,audits,mixed_date_format:closed_date,used format %d-%b-%Y: 12-Jul-2025
AUD-09250,audits,mixed_date_format:inspection_date,used format %d-%b-%Y: 05-Apr-2024
AUD-09260,audits,mixed_date_format:inspection_date,used format %m/%d/%Y: 07/09/2025
AUD-09262,audits,mixed_date_format:closed_date,used format %d-%b-%Y: 12-Aug-2024
AUD-09265,audits,mixed_date_format:closed_date,used format %d/%m/%Y: 03/05/2026
AUD-09266,audits,mixed_date_format:inspection_date,used format %Y-%m-%dT%H:%M:%SZ: 2026-02-02T00:00:00Z
AUD-09271,audits,mixed_date_format:closed_date,used format %m/%d/%Y: 01/28/2025
AUD-09281,audits,mixed_date_format:inspection_date,used format %d/%m/%Y: 12/05/2026
AUD-09282,audits,mixed_date_format:inspection_date,used format %m/%d/%Y: 04/05/2024
AUD-09285,audits,out_of_range:compliance_score,104.1
AUD-09286,audits,mixed_date_format:inspection_date,used format %d/%m/%Y: 19/05/2024
AUD-09296,audits,future_date:inspection_date,2026-07-31
AUD-09297,audits,mixed_date_format:inspection_date,used format %m/%d/%Y: 10/09/2025
AUD-09301,audits,mixed_date_format:inspection_date,used format %m/%d/%Y: 11/21/2025
AUD-09313,audits,mixed_date_format:inspection_date,used format %m/%d/%Y: 07/02/2024
AUD-09314,audits,mixed_date_format:inspection_date,used format %d/%m/%Y: 28/05/2024
AUD-09317,audits,future_date:inspection_date,2026-09-20
AUD-09324,audits,mixed_date_format:inspection_date,used format %m/%d/%Y: 10/05/2025
AUD-09326,audits,mixed_date_format:inspection_date,used format %Y-%m-%dT%H:%M:%SZ: 2024-08-24T00:00:00Z
AUD-09333,audits,mixed_date_format:closed_date,used format %m/%d/%Y: 03/19/2026
AUD-09334,audits,mixed_date_format:inspection_date,used format %d/%m/%Y: 09/05/2026
AUD-09338,audits,mixed_date_format:closed_date,used format %d/%m/%Y: 09/03/2026
AUD-09340,audits,mixed_date_format:inspection_date,used format %d/%m/%Y: 15/11/2025
AUD-09347,audits,mixed_date_format:closed_date,used format %d/%m/%Y: 17/08/2024
AUD-09348,audits,mixed_date_format:closed_date,used format %m/%d/%Y: 02/02/2025
AUD-09349,audits,mixed_date_format:inspection_date,used format %m/%d/%Y: 03/05/2026
AUD-09351,audits,mixed_date_format:inspection_date,used format %d/%m/%Y: 03/11/2025
AUD-09356,audits,mixed_date_format:inspection_date,used format %d/%m/%Y: 16/08/2024
AUD-09366,audits,mixed_date_format:inspection_date,used format %Y-%m-%dT%H:%M:%SZ: 2024-06-10T00:00:00Z
AUD-09368,audits,mixed_date_format:inspection_date,used format %d-%b-%Y: 12-Mar-2025
AUD-09375,audits,out_of_range:compliance_score,-7.0
AUD-09387,audits,mixed_date_format:closed_date,used format %m/%d/%Y: 04/17/2025
AUD-09388,audits,future_date:inspection_date,2026-08-13
AUD-09389,audits,mixed_date_format:closed_date,used format %d-%b-%Y: 27-Sep-2024
AUD-09397,audits,mixed_date_format:inspection_date,used format %m/%d/%Y: 09/26/2025
AUD-09399,audits,mixed_date_format:inspection_date,used format %Y-%m-%dT%H:%M:%SZ: 2024-07-11T00:00:00Z
AUD-09401,audits,mixed_date_format:inspection_date,used format %Y-%m-%dT%H:%M:%SZ: 2024-03-05T00:00:00Z
AUD-09405,audits,mixed_date_format:inspection_date,used format %d-%b-%Y: 30-Apr-2025
AUD-09411,audits,mixed_date_format:closed_date,used format %Y-%m-%dT%H:%M:%SZ: 2025-01-12T00:00:00Z
AUD-09415,audits,mixed_date_format:inspection_date,used format %d-%b-%Y: 25-Apr-2026
AUD-09419,audits,mixed_date_format:inspection_date,used format %Y-%m-%dT%H:%M:%SZ: 2024-08-29T00:00:00Z
AUD-09421,audits,out_of_range:compliance_score,-3.4
AUD-09423,audits,mixed_date_format:closed_date,used format %Y-%m-%dT%H:%M:%SZ: 2024-06-29T00:00:00Z
AUD-09424,audits,mixed_date_format:inspection_date,used format %d-%b-%Y: 30-Aug-2024
AUD-09425,audits,mixed_date_format:inspection_date,used format %m/%d/%Y: 07/06/2024
AUD-09428,audits,mixed_date_format:inspection_date,used format %m/%d/%Y: 09/04/2024
AUD-09431,audits,mixed_date_format:inspection_date,used format %Y-%m-%dT%H:%M:%SZ: 2024-07-03T00:00:00Z
AUD-09434,audits,mixed_date_format:inspection_date,used format %m/%d/%Y: 04/01/2024
AUD-09434,audits,mixed_date_format:closed_date,used format %m/%d/%Y: 04/22/2024
AUD-09435,audits,mixed_date_format:inspection_date,used format %d-%b-%Y: 12-Jul-2026
AUD-09437,audits,mixed_date_format:closed_date,used format %m/%d/%Y: 04/29/2025
AUD-09446,audits,out_of_range:compliance_score,-3.1
AUD-09452,audits,mixed_date_format:inspection_date,used format %m/%d/%Y: 05/15/2025
AUD-09461,audits,mixed_date_format:closed_date,used format %d/%m/%Y: 11/06/2026
AUD-09468,audits,mixed_date_format:closed_date,used format %d/%m/%Y: 19/07/2024
AUD-09473,audits,mixed_date_format:inspection_date,used format %d-%b-%Y: 21-Jan-2026
AUD-09475,audits,mixed_date_format:inspection_date,used format %d-%b-%Y: 27-Feb-2024
AUD-09475,audits,mixed_date_format:closed_date,used format %Y-%m-%dT%H:%M:%SZ: 2024-03-15T00:00:00Z
AUD-09480,audits,mixed_date_format:inspection_date,used format %d/%m/%Y: 02/09/2024
AUD-09488,audits,closed_before_inspection,closed=2024-05-03 < inspection=2024-05-07
AUD-09489,audits,mixed_date_format:inspection_date,used format %d/%m/%Y: 29/04/2024
AUD-09493,audits,mixed_date_format:closed_date,used format %m/%d/%Y: 10/08/2024
AUD-09494,audits,future_date:inspection_date,2026-07-27
AUD-09497,audits,mixed_date_format:inspection_date,used format %d/%m/%Y: 27/04/2026
AUD-03419,audits,duplicate_id,
AUD-08318,audits,duplicate_id,
AUD-06882,audits,duplicate_id,
AUD-00744,audits,duplicate_id,
AUD-01600,audits,duplicate_id,
AUD-08222,audits,duplicate_id,
AUD-00217,audits,duplicate_id,
AUD-09346,audits,duplicate_id,
AUD-00993,audits,duplicate_id,
AUD-01488,audits,duplicate_id,
AUD-01833,audits,duplicate_id,
AUD-04389,audits,duplicate_id,
AUD-07965,audits,duplicate_id,
AUD-01628,audits,duplicate_id,
AUD-01641,audits,duplicate_id,
AUD-01829,audits,duplicate_id,
AUD-06558,audits,duplicate_id,
AUD-06431,audits,duplicate_id,
AUD-05334,audits,duplicate_id,
AUD-03509,audits,duplicate_id,
AUD-05629,audits,duplicate_id,
AUD-05797,audits,duplicate_id,
AUD-03298,audits,duplicate_id,
AUD-05754,audits,duplicate_id,
AUD-04160,audits,duplicate_id,
AUD-04998,audits,duplicate_id,
AUD-06940,audits,duplicate_id,
AUD-01874,audits,duplicate_id,
AUD-07437,audits,duplicate_id,
AUD-06873,audits,duplicate_id,
AUD-07148,audits,duplicate_id,
AUD-08397,audits,duplicate_id,
AUD-05316,audits,duplicate_id,
AUD-07413,audits,duplicate_id,
AUD-08209,audits,duplicate_id,
AUD-04657,audits,duplicate_id,
AUD-02615,audits,duplicate_id,
AUD-00073,audits,duplicate_id,
AUD-05710,audits,duplicate_id,
AUD-02784,audits,duplicate_id,
AUD-02791,audits,duplicate_id,
AUD-05408,audits,duplicate_id,
AUD-09179,audits,duplicate_id,
AUD-07681,audits,duplicate_id,
AUD-05658,audits,duplicate_id,
AUD-00359,audits,duplicate_id,
AUD-02332,audits,duplicate_id,
AUD-06596,audits,duplicate_id,
AUD-05215,audits,duplicate_id,
AUD-00438,audits,duplicate_id,
AUD-02613,audits,duplicate_id,
AUD-08965,audits,duplicate_id,
AUD-05293,audits,duplicate_id,
AUD-01925,audits,duplicate_id,
AUD-08266,audits,duplicate_id,
AUD-05521,audits,duplicate_id,
AUD-08776,audits,duplicate_id,
AUD-08009,audits,duplicate_id,
AUD-02302,audits,duplicate_id,
AUD-09330,audits,duplicate_id,
AUD-00252,audits,duplicate_id,
AUD-01821,audits,duplicate_id,
AUD-08055,audits,duplicate_id,
AUD-00872,audits,duplicate_id,
AUD-06879,audits,duplicate_id,
AUD-05859,audits,duplicate_id,
AUD-06459,audits,duplicate_id,
AUD-04024,audits,duplicate_id,
AUD-01624,audits,duplicate_id,
AUD-01173,audits,duplicate_id,
AUD-07783,audits,duplicate_id,
AUD-08987,audits,duplicate_id,
AUD-08245,audits,duplicate_id,
AUD-02046,audits,duplicate_id,
AUD-09144,audits,duplicate_id,
AUD-04678,audits,duplicate_id,
AUD-09168,audits,duplicate_id,
AUD-03933,audits,duplicate_id,
AUD-05249,audits,duplicate_id,
AUD-09336,audits,duplicate_id,
AUD-02498,audits,duplicate_id,
AUD-01813,audits,duplicate_id,
AUD-05312,audits,duplicate_id,
AUD-00104,audits,duplicate_id,
AUD-08681,audits,duplicate_id,
AUD-07154,audits,duplicate_id,
AUD-07256,audits,duplicate_id,
AUD-08768,audits,duplicate_id,
AUD-07194,audits,duplicate_id,
AUD-03029,audits,duplicate_id,
AUD-07666,audits,duplicate_id,
AUD-04968,audits,duplicate_id,
AUD-03471,audits,duplicate_id,
AUD-03327,audits,duplicate_id,
AUD-01537,audits,duplicate_id,
