incident_id,site,incident_date,incident_type,severity,compliance_score,description,root_cause,response_time_hours,status
INC-02341,SITE-003,06/07/2025,,Critical,49.7,Safe small treatment visit for real should according.,Sensor Malfunction,6.6,Under Investigation
INC-04312,SITE-004,06/28/2026,Spill,Medium,86.7,Generation wrong phone help positive only expect financial candidate.,Operator Error,9.3,Closed
INC-02812,SITE-003,2024-03-05T00:00:00Z,Equipment Failure,Critical,51.2,Rule exist forward three other ask wrong according rather trip.,Valve Failure,14.5,Under Investigation
INC-01366,SITE-004,2024-06-02,Equipment Failure,High,45.1,Against treat as positive technology suggest really mouth treatment pretty consumer.,Operator Error,20.7,Under Investigation
INC-04970,SITE-006,2026-01-17,Leak,High,57.0,Trade simple class research sense cover glass impact.,Sensor Malfunction,8.2,Open
INC-00859,SITE-004,2025-09-03,Near Miss,Medium,88.2,Main financial blood onto thus performance could.,Material Fatigue,14.0,Closed
INC-01735,SITE-006,2023-10-05,Near Miss,Low,85.8,Network because live a white anyone rise although special newspaper lay foot.,Third-party Damage,6.6,Under Investigation
INC-01322,SITE-002,2024-10-31T00:00:00Z,Near Miss, Critical,61.6,Record manage recent magazine plant professional finish game class rich room bring pressure modern community.,Valve Failure,11.6,Closed
INC-03931,SITE-003,2025-05-16,Spill,Critical,44.2,Support enter along professor technology ago five than exist.,Operator Error,10.1,Open
INC-02801,SITE-005,2024-06-03,Leak,Medium,74.9,Gun wait education specific or phone believe discover father history ok market beyond build.,Valve Failure,8.9,Open
INC-00036,SITE-003,2025-02-15,Spill, High,54.7,Computer beat woman real claim.,Material Fatigue,1.4,Under Investigation
INC-01141,SITE-006,2024-08-24,Leak,Critical,35.7,War man build remember up story response.,Sensor Malfunction,8.8,Open
INC-03459,SITE-006,2026-07-08T00:00:00Z,,Critical,27.7,Book pay discuss score commercial on discussion consumer.,Operator Error,6.7,Open
INC-04775,SITE-006,2025-06-18,near-miss,Low,82.8,Into decision film nearly.,Valve Failure,0.5,Under Investigation
INC-00993,SITE-003,2026-01-03,Spill,high,54.2,Than man still house police score determine.,Third-party Damage,9.7,Under Investigation
INC-05266,SITE-001,24/04/2026,Near Miss,Medium,74.0,Reveal like behind husband by heavy discuss future hospital agreement yard.,Sensor Malfunction,7.9,Under Investigation
INC-05711,SITE-002,16-Nov-2023,Leak,Medium,71.5,Suffer follow range people actually reflect court federal else if tough.,Operator Error,3.7,Closed
INC-03257,SITE-006,2025-03-21,Spill,High,67.2,Method meeting better meet or list ready prevent here.,Third-party Damage,12.3,Closed
INC-00888,SITE-005,2023-09-16,Fire,High,72.7,Because thank bag stay must cover really leader affect next no candidate security.,Valve Failure,15.1,Under Investigation
INC-04842,SITE-002,2025-02-13,Equipment Failure,Critical,56.9,Religious sound road whom physical large indicate receive.,Sensor Malfunction,7.7,Open
INC-04769,SITE-005,2025-06-29,Near Miss,High,63.7,Year stage simply put short beat could improve huge always social between home occur well dinner study relate.,Material Fatigue,21.6,Under Investigation
INC-05030,SITE-006,16-Feb-2025,,Medium,76.0,Officer end program read movie.,Operator Error,18.0,Open
INC-01343,SITE-004,2023-10-24,Equipment Failure,Critical,34.1,Character author total movement rich itself.,Material Fatigue,1.0,Closed
INC-02995,SITE-003,2025-06-07,Leak,Medium,80.3,Decide agreement when call north between board expert PM difficult opportunity worker order son.,Third-party Damage,2.6,Closed
INC-00181,SITE-005,2025-07-30,Equipment Failure,Medium,67.3,Development rest stay media figure same season personal live or hold.,Operator Error,10.7,Closed
INC-02084,SITE-004,30-Sep-2023,Spill,Medium,61.9,Seek president this something he take tonight seven reflect medical tonight consumer.,Third-party Damage,10.1,Closed
INC-03193,SITE-003,2024-11-16,Leak,HIGH,67.5,Mind shake college reality quickly rather institution reflect relate evidence allow.,Valve Failure,6.7,Under Investigation
INC-02516,SITE-005,2023-07-28,Near Miss,Low,94.1,Serious space necessary service buy short president decision against executive fine plan seek along paper book too off.,Valve Failure,4.2,Under Investigation
INC-03544,SITE-003,2024-04-16,Equipment Failure,High,35.2,Million right know police tonight boy.,Corrosion,4.3,Closed
INC-04257,SITE-005,2024-03-12,Near Miss,Medium,71.8,Industry in week piece when cell.,Material Fatigue,4.5,Closed
INC-00395,SITE-003,2024-01-30,NEAR MISS,High,50.1,My game degree church maybe agreement day.,Sensor Malfunction,14.3,Under Investigation
INC-05622,SITE-002,2025-06-18,Spill,Medium,75.6,White meet late always southern.,,13.0,Under Investigation
INC-04910,SITE-006,2023-12-29,,Critical,67.1,Rather production significant moment pull somebody political.,,4.9,Closed
INC-04830,SITE-003,2026-01-26,Leak,high,68.5,Miss democratic institution training recent finally career share identify social talk.,,3.5,Closed
INC-05497,SITE-005,2023-08-02,Fire,Medium,68.5,Mean where fact vote pull tax civil public.,Material Fatigue,13.5,Closed
INC-02337,SITE-003,2024-02-20,Equipment Failure,High,59.4,Meet yard perhaps character wish shoulder group job.,Material Fatigue,0.7,Under Investigation
INC-05208,SITE-003,2024-01-17,,Critical,16.6,Manage establish old long sound paper water.,,3.5,Under Investigation
INC-05192,SITE-006,17-Feb-2024,,High,72.3,Morning condition despite relationship free listen sometimes here.,Sensor Malfunction,11.0,Open
INC-04114,SITE-005,2024-10-24,Spill,Medium,85.2,Wide worry economic half go type of possible it important project.,Sensor Malfunction,12.4,Open
INC-05358,SITE-006,2025-04-14,Leak,Low,92.9,Reach travel run reality market science investment fact about pretty ball card which break.,Operator Error,9.3,Open
INC-00609,SITE-005,2025-01-17,Equipment Failure,Low,98.2,Course analysis box score reflect probably beyond opportunity whom myself available we.,Valve Failure,4.3,Under Investigation
INC-01057,SITE-003,2026-01-21,Spill,Medium,80.0,Change protect beautiful recent open free.,Third-party Damage,1.7,Closed
INC-03273,SITE-001,2026-01-24,Fire ,Low,88.0,Return up smile large threat adult natural newspaper local culture really art east choice movie return guy similar what.,Corrosion,4.7,Closed
INC-03543,SITE-004,2023-11-25,Fire,High,44.4,Term ten agreement price stuff herself out that bill close.,Operator Error,21.7,Closed
INC-05183,SITE-004,08-Nov-2023,Equipment Failure,High,52.2,Real discussion high sense always certain government kitchen budget soldier record natural play nor or.,Corrosion,16.0,Open
INC-05534,SITE-006,06/02/2024,Leak,High,54.1,Environmental operation end difficult today able despite democratic line family door myself natural.,Third-party Damage,10.9,Under Investigation
INC-03313,SITE-001,2024-05-05,Near  Miss,High,48.4,Matter grow break seat plan federal behind wide.,Sensor Malfunction,4.3,Closed
INC-04972,SITE-004,2024-10-03,Equipment Failure,Low,95.5,Head plant democratic bad while collection.,Material Fatigue,12.5,Closed
INC-03387,SITE-003,2026-06-15,Leak,Medium,90.0,His image range imagine full military page society old occur.,Valve Failure,4.4,Open
INC-00935,SITE-004,2024-10-27,Equipment Failure,Low,84.3,Control probably article full class through quality.,Third-party Damage,4.5,Under Investigation
INC-04742,SITE-004,2026-06-25,Equipment Failure,Low,86.1,Senior continue point somebody without hard sea city work.,Operator Error,3.7,Closed
INC-01704,SITE-006,08/05/2024,Near Miss,low,88.9,Floor miss success behind evidence wrong can drug let democratic couple rise military long.,Valve Failure,10.1,Under Investigation
INC-03944,SITE-002,2024-04-11,Leak,Medium,72.4,Low read stage base wait.,,5.6,Closed
INC-03528,SITE-002,2024-05-16,Equipment Failure,,92.1,Rest single call option they heart still she.,,0.6,Closed
INC-04106,SITE-006,19/12/2024,Fire,Critical,36.4,Discover whose professional research herself its answer everyone image your.,Operator Error,1.6,Open
INC-00410,SITE-003,2024-10-23,Spill,High,55.3,Least picture phone letter goal him race down.,,16.0,Closed
INC-02185,SITE-006,2025-07-29,Equipment Failure,Critical,42.7,Decade statement oil my east start value fast whom radio.,,3.1,Closed
INC-01495,SITE-004,01/05/2024,Spill,Low,81.0,Plant turn method mouth age agency last western east safe modern.,Sensor Malfunction,1.4,Under Investigation
INC-05284,SITE-006,2024-01-07,Leak,Critical,35.1,Blue future lawyer lose art fill guess.,Material Fatigue,5.1,Closed
INC-02462,SITE-006,2024-11-24,Near Miss,High,78.8,Expect place half whose center child special across story own two have admit store forward scientist.,,9.4,Under Investigation
INC-04915,SITE-006,2026-06-22T00:00:00Z,Leak,Low,82.0,Bank fast generation no respond among son Republican poor board yes news scientist.,Operator Error,11.8,Under Investigation
INC-01981,SITE-002,2025-12-26,Near Miss,LOW,90.1,Nature official stock black security lot expect us similar worker story purpose perform close lead big threat.,Operator Error,4.7,Open
INC-04020,SITE-006,17/10/2023,Near Miss,High,57.6,Growth deep break only than your not remain would author camera career.,Valve Failure,12.7,Closed
INC-04559,SITE-003,2026-07-21,Leak,Critical,30.7,Manage ten none radio source development interview.,Sensor Malfunction,6.8,Closed
INC-03736,SITE-001,05/07/2024,Near Miss,High,53.1,People city child structure machine else.,Sensor Malfunction,4.1,Open
INC-04583,SITE-001,2026-05-25,Equip. Failure,Low,77.9,Difference first bit face sing within city best environment clear skill.,Valve Failure,3.5,Closed
INC-04396,SITE-005,2026-06-28,Near Miss,Medium,72.7,Yourself south education style travel century computer social.,Valve Failure,4.6,Open
INC-04570,SITE-004,2025-02-18,Near Miss,Medium,84.0,Lawyer game wait effect any cost.,Sensor Malfunction,5.6,Closed
INC-04266,SITE-006,2024-01-02,Leak,Critical,40.2,Tell edge form budget economic site middle get interesting data.,Material Fatigue,16.8,Under Investigation
INC-05946,SITE-006,2024-03-16T00:00:00Z,Leak,Critical,29.6,Rather least rock attention week memory number.,Operator Error,4.9,Closed
INC-01225,SITE-006,2024-02-18,Leak,Critical,40.9,Project food opportunity power among if reason plan focus role.,Material Fatigue,7.2,Closed
INC-05134,SITE-005,2026-04-17,Equipment Failure,Medium,66.0,Store true budget best future effect situation business each.,Third-party Damage,3.0,Open
INC-03500,SITE-001,2025-08-05,Leak,Medium,72.6,American few across skin ago them everything teacher manager if affect foot.,,3.0,Open
INC-03711,SITE-005,2025-07-17,Equip. Failure,High,67.3,Road ask particular buy inside analysis past affect huge effort decade generation.,Valve Failure,14.7,Under Investigation
INC-00194,SITE-003,2026-07-24,Fire,Medium,70.6,Recently lay treat quite benefit senior state life possible their factor job law crime necessary.,,10.2,Under Investigation
INC-03796,SITE-006,12/14/2024,Equipment Failure,Critical,35.9,Kid relate big throughout event lawyer stock quality answer this.,Sensor Malfunction,6.4,Open
INC-04419,SITE-003,2026-06-08,Spill,Critical,40.8,Foot collection thank center environment step until movement body prepare.,Valve Failure,5.2,Closed
INC-01534,SITE-002,2025-05-22,Equipment Failure,Medium,82.9,Affect since purpose simply better draw use sing international particularly seem Congress perform growth.,Third-party Damage,7.8,Closed
INC-02103,SITE-002,2024-11-29,Near Miss,Critical,40.7,Improve black husband newspaper resource boy safe able.,Third-party Damage,12.4,Open
INC-01173,SITE-006,2025-11-09,Spill,High,75.9,Where of year on research song reach may southern thank attorney.,Sensor Malfunction,1.3,Open
INC-02128,SITE-003,08/18/2025,Leak,High,56.0,Their such such street develop reach even as people he central save treatment everyone.,Corrosion,8.6,Open
INC-02314,SITE-005,2024-05-08,Equipment Failure,Medium,77.6,Ready market turn sell meet assume vote idea back.,Valve Failure,5.5,Closed
INC-04440,SITE-001,2025-11-19,Near Miss,Medium,73.8,Fast phone like perform almost security certainly try same.,Operator Error,1.0,Under Investigation
INC-00281,SITE-003,2026-07-03T00:00:00Z,Leak,MEDIUM,68.7,Alone put worry point effect trial us occur walk similar score debate tend.,Sensor Malfunction,4.8,Open
INC-04582,SITE-006,2024-03-07,Near Miss,HIGH,75.7,Health year goal attention talk probably will customer green.,Material Fatigue,0.8,Under Investigation
INC-03534,SITE-006,2024-03-30,Leak,,41.3,Manager over clear financial special majority middle.,Material Fatigue,23.4,Open
INC-00599,SITE-001,2024-12-22,Spill,Low,78.9,Or result test strategy foreign cup trouble impact artist.,Third-party Damage,16.9,Under Investigation
INC-04171,SITE-006,2025-12-29,Equipment Failure,High,75.0,Too yes class capital measure we campaign position laugh offer a benefit resource none.,Material Fatigue,2.4,Open
INC-00375,SITE-001,2024-11-02,Equipment Failure,Low,78.0,Throughout table PM recognize individual head be own.,Valve Failure,8.0,Closed
INC-02668,SITE-001,17/10/2023,Spill,Low,86.8,Dog present should away trade adult community several end environment opportunity officer have there.,Material Fatigue,31.1,Under Investigation
INC-01764,SITE-002,2025-01-24,Equipment Failure,Critical,23.7,Line international early away fight heavy involve ago different challenge meeting Republican local be worker control.,Valve Failure,20.4,Under Investigation
INC-03366,SITE-003,2024-05-14,Fire,Low,86.7,Many happy charge respond huge.,Sensor Malfunction,2.2,Open
INC-03606,SITE-006,2023-08-01,Fire,High,70.4,Final kitchen happy teach program guy approach staff sing water card thank himself hard discover reality direction.,Valve Failure,12.5,Under Investigation
INC-04484,SITE-002,2024-12-15,,Low,93.4,Account others before world author eight road.,Third-party Damage,9.6,Under Investigation
INC-05935,SITE-001,2025-09-17,equipment failure,Medium,65.7,Front share interesting weight student cut have social.,Operator Error,6.5,Closed
INC-01672,SITE-002,12-Dec-2024,Near Miss,Critical,33.4,Appear bar we firm evening church huge amount national manage sure some court enter man behind tend.,Sensor Malfunction,7.9,Open
INC-04166,SITE-003,2026-01-01,Near Miss,Low,82.1,Similar direction employee down whose defense name work.,Operator Error,1.9,Open
INC-05840,SITE-003,2025-11-15,Near Miss,High,56.5,Personal discover ground wait help guy choice rise draw safe south later where behind.,Corrosion,3.1,Closed
INC-03768,SITE-003,2026-04-21,Equipment Failure,High,46.2,Pattern reduce when reality office authority travel prevent available guy north seek at tell investment nothing take check final.,Third-party Damage,9.6,Closed
INC-00643,SITE-004,2023-11-02,Fire ,Med,67.4,Himself take firm near participant.,Material Fatigue,4.9,Open
INC-05332,SITE-006,14/12/2024,Fire,low ,93.3,Anyone individual allow camera red wind remain occur white east represent vote than free after us teach reflect.,Valve Failure,12.0,Under Investigation
INC-03338,SITE-002,2025-07-06,Near Miss,Medium,78.0,Life model benefit ahead main late young recognize protect.,Corrosion,17.2,Closed
INC-00061,SITE-004,19-Mar-2024,Spill,Low,92.8,Adult already manager bar fly water different.,Operator Error,1.2,Open
INC-05576,SITE-001,12/09/2023,near miss,Medium,69.2,Growth result key.,Sensor Malfunction,7.9,Open
INC-01367,SITE-001,2025-07-31,Equipment Failure,High,55.0,Who world on matter service whatever play.,Corrosion,3.8,Open
INC-00049,SITE-004,2026-05-15,near-miss,Low,85.3,Employee back record company different phone.,Third-party Damage,2.5,Under Investigation
INC-05012,SITE-004,2024-04-15,Fire,Low,92.3,So either state agreement economy sea rule room board police rise develop difference shake box travel feeling.,Material Fatigue,4.1,Open
INC-01053,SITE-004,2024-07-24,Equip. Failure,Medium,93.2,Might various TV wide friend over inside rise recently fire fear news activity.,Operator Error,12.0,Open
INC-00766,SITE-006,2025-10-30,Equipment Failure,crit,57.1,Beyond either school history child body return five more arrive hand staff understand model effort campaign entire official site.,Sensor Malfunction,5.0,Open
INC-02418,SITE-003,2023-10-20,Spill,Medium,75.5,Everybody him like career year rest party mind actually something note require decade however.,,3.3,Closed
INC-03828,SITE-003,2024-10-21,Fire,,46.2,Exactly road beyond nothing term appear minute trade care.,Third-party Damage,5.8,Open
INC-04110,SITE-001,2024-09-25,Leak,,83.8,Generation produce style ok brother Republican specific young call.,Material Fatigue,6.0,Under Investigation
INC-01213,SITE-001,2023-08-21,Near Miss,Critical,28.6,Effort compare military nothing want mission morning ability.,Corrosion,5.3,Closed
INC-05971,SITE-005,2024-03-12T00:00:00Z,Fire,Medium,69.0,Letter throughout figure go sport everything purpose.,Operator Error,10.2,Under Investigation
INC-00659,SITE-002,2023-12-06,Leak,,91.1,Ability see any evidence pretty do many mention decide dark especially fund investment human lot clear my high industry.,Sensor Malfunction,11.4,Open
INC-04017,SITE-005,2024-07-11,NEAR MISS,HIGH,63.4,Director another program interest consumer measure.,Corrosion,4.2,Open
INC-01144,SITE-003,2024-03-28,Equipment Failure,High,64.7,Former play character choose commercial real build mother.,Operator Error,16.9,Open
INC-04553,SITE-005,2024-09-18,Fire,Low,92.8,Least fund where development about.,Operator Error,10.5,Under Investigation
INC-01691,SITE-002,2026-02-14,,Low,95.3,Bank our coach suddenly future modern collection.,Sensor Malfunction,1.5,Closed
INC-03001,SITE-006,06-Nov-2024,Equipment Failure,Critical,43.1,Class hard push increase physical child book either.,,4.8,Closed
INC-05793,SITE-005,2023-10-24,Near Miss,Critical,47.1,Teacher outside read pattern couple sometimes push tree above tough local turn alone until soon bring prevent son right.,Operator Error,12.5,Closed
INC-05628,SITE-006,2025-03-28,Leak,High,70.6,Benefit operation idea himself hand same behavior could computer never.,Operator Error,3.1,Closed
INC-01732,SITE-003,2024-08-01,Spill,High,83.5,Expect cause manager even modern evening.,Sensor Malfunction,2.2,Under Investigation
INC-05389,SITE-006,2025-11-01,leak ,High,55.5,Your although certain meet relationship exist design worry other too most with price.,Corrosion,1.0,Open
INC-05224,SITE-005,2025-05-09,Equipment Failure,Low,86.2,Beautiful story put rather can condition get medical stop street blue maintain total high power.,Corrosion,3.3,Open
INC-02461,SITE-003,2023-11-29,Near Miss,Critical,45.2,Recent employee according marriage president culture example.,Corrosion,3.8,Open
INC-01723,SITE-005,2026-06-02,Equipment Failure,,55.2,Education difference east enter from money eye north eye.,Operator Error,5.8,Open
INC-01349,SITE-006,2024-11-12,Leak,High,69.8,Choice great manage team because fine lead produce blue common soon.,Valve Failure,28.7,Closed
INC-00334,SITE-006,2025-07-17,Fire,Critical,40.1,Including imagine daughter every help plant star yeah half small power involve door.,Sensor Malfunction,4.7,Closed
INC-01245,SITE-004,2023-08-14T00:00:00Z,Equipment Failure,Low,80.2,Expert world magazine dark cut beautiful entire finish community anyone medical including more.,Operator Error,2.0,Closed
INC-02893,SITE-003,2025-05-19,Leak,Low,88.1,Bed Democrat build whether purpose page ahead view left one poor step development situation.,Corrosion,3.4,Closed
INC-00359,SITE-001,2024-12-14,Fire,Critical,45.4,Low go use goal store trip month accept listen.,Sensor Malfunction,0.5,Under Investigation
INC-03868,SITE-004,2024-10-29,Leak,Critical,27.5,Foreign yes service remain but important wind believe church fast year participant.,Valve Failure,14.3,Open
INC-02762,SITE-003,2024-10-28,Spill,Hi,68.3,Drop card meet pay remain performance visit magazine I girl imagine place when there.,,22.6,Under Investigation
INC-03480,SITE-001,2024-03-22,Fire ,Medium,69.4,Coach little stock shoulder prove star human there.,Corrosion,3.5,Open
INC-03518,SITE-003,2025-03-31,Spill,Lo,80.6,Hold vote about southern include stage much size morning itself future factor.,Third-party Damage,11.1,Closed
INC-04884,SITE-005,06/17/2025,Fire,Medium,82.5,During traditional avoid threat rich shake open sister quite hundred trial.,Operator Error,4.8,Open
INC-00746,SITE-002,2025-04-14,Leak, medium,85.1,Low care before heavy keep message feeling against.,Corrosion,12.1,Open
INC-04384,SITE-001,2026-03-25,,,86.7,Everybody majority husband above event somebody company on open true.,,15.1,Closed
INC-04465,SITE-006,02/25/2025,Spill,Critical,57.1,Suffer collection month occur election rate decade necessary.,Corrosion,6.1,Under Investigation
INC-05579,SITE-004,2024-04-19,Equipment Failure,Critical,65.9,Film style hot side son sometimes will herself include meet cover.,Third-party Damage,1.4,Closed
INC-03631,SITE-003,2025-09-30,Spill,Low,88.8,Game fact factor discussion matter reduce growth.,Operator Error,14.1,Under Investigation
INC-03973,SITE-001,2025-06-05,,Low,87.8,Teacher decide five any others serious wife water range whatever leader various shoulder.,Operator Error,3.4,Closed
INC-00749,SITE-004,2025-05-26,Equipment Failure,HIGH,75.2,Subject continue design song unit local friend truth either reduce paper number apply.,Sensor Malfunction,3.5,Open
INC-05542,SITE-001,2024-07-04,Fire,High,52.6,Sometimes my thus figure take suddenly energy buy wall here window model.,Corrosion,14.1,Closed
INC-03898,SITE-004,01/01/2025,Near Miss,,66.5,He right real clear book Democrat tough wish discussion agency.,Corrosion,11.2,Under Investigation
INC-02537,SITE-006,2026-06-14,Spill,High,59.8,Republican true until democratic within learn act weight door right police her.,,6.8,Closed
INC-01752,SITE-003,01-May-2026,Leak,Critical,25.6,Take until whole important certainly them fine interesting character hit street civil produce product order walk join Democrat party pattern ahead.,Operator Error,6.6,Closed
INC-05181,SITE-004,2025-04-18,Equipment Failure,Critical,36.8,Day walk past mission fund yet.,Valve Failure,2.2,Under Investigation
INC-04635,SITE-006,2025-02-07,Near Miss,High,59.8,Boy certainly change book civil find himself within area candidate conference within visit one during course.,,2.6,Under Investigation
INC-02573,SITE-004,2025-05-16,Near Miss,Low,85.3,Produce eat three customer member reality poor.,Corrosion,0.9,Open
INC-00593,SITE-001,2025-03-31,Fire,Low,91.5,Own wall national your history successful.,,5.4,Closed
INC-06000,SITE-004,21-Jul-2024,Near Miss,Low,90.3,Television become lawyer current small well focus option city article blue.,Operator Error,1.5,Closed
INC-04358,SITE-002,2026-04-29,Near Miss,Low,90.8,Ok bar support way mission thousand make series north look number soon.,Third-party Damage,2.5,Under Investigation
INC-00117,SITE-002,2024-04-14,Equipment Failure,Low,82.3,Education thank answer sell significant threat these staff.,Operator Error,5.9,Closed
INC-04869,SITE-006,2024-10-24,Spill, High,72.2,Build defense sort box perhaps something force.,,17.3,Under Investigation
INC-02225,SITE-006,2025-06-25,Spill,Medium,72.3,Industry article property girl edge order read south.,Corrosion,31.9,Closed
INC-01336,SITE-005,2026-03-17,Spill,Low,92.0,Off several which those coach senior other science only everything responsibility finally.,Corrosion,11.2,Open
INC-04117,SITE-003,2025-04-27,Near Miss,Critical,64.2,Option voice society view road hand free game probably Democrat study seek establish.,Valve Failure,10.4,Open
INC-01638,SITE-001,2025-12-29,Equipment Failure,Low,78.7,National side wind who human institution positive energy story factor.,Valve Failure,4.3,Closed
INC-04446,SITE-003,2024-04-01,Spill,High,56.8,Final sport national everything thousand none drug new.,Third-party Damage,9.3,Closed
INC-02634,SITE-006,2025-12-23,Spill,High,71.7,Analysis stand any far last assume himself operation.,,0.8,Under Investigation
INC-03414,SITE-006,03/02/2024,Near Miss,critical,32.0,Difficult material charge your begin agreement.,,16.1,Open
INC-01331,SITE-001,2024-10-23,Near Miss,High,48.4,Record benefit important soon.,Third-party Damage,2.5,Closed
INC-02376,SITE-004,2025-09-01,Fire,High,73.5,Size them deep store natural left actually five people.,Valve Failure,4.3,Open
INC-03630,SITE-002,2025-11-26,Near Miss,Medium,77.4,Half while rich pay test between sing past recent pay fight today.,Third-party Damage,2.2,Open
INC-00707,SITE-003,2023-08-28,Equipment Failure,High,63.7,Movie forward family hit of picture turn popular school serve plan.,Sensor Malfunction,12.4,Under Investigation
INC-01809,SITE-005,2025-07-30T00:00:00Z,Leak,Low,77.7,Surface though another give play subject adult deal tell.,Material Fatigue,3.9,Open
INC-04797,SITE-004,2025-10-30,Leak,low ,88.1,West city behind nor film here poor personal individual goal government.,Sensor Malfunction,2.8,Closed
INC-01923,SITE-006,2025-05-09,Leak,CRITICAL,70.9,Have necessary cell instead push likely car.,Third-party Damage,2.2,Open
INC-03272,SITE-001,2025-07-28,Equipment Failure,Medium,63.8,Add head key stock sense stage summer agent under later thousand be produce maybe project performance anything threat.,Sensor Malfunction,4.2,Closed
INC-03584,SITE-001,2024-06-02,Spill,Medium,77.8,Professor win like myself far story entire coach.,Sensor Malfunction,4.3,Open
INC-01910,SITE-006,2025-06-27,Near Miss,critical,59.2,Coach road production central southern population determine analysis fish response quickly off girl.,Sensor Malfunction,3.1,Under Investigation
INC-01228,SITE-004,02-Sep-2024,Near Miss,MEDIUM,66.7,Inside catch night break necessary join standard consumer style service mother garden.,Third-party Damage,6.8,Closed
INC-01172,SITE-006,01/08/2025,EQUIPMENT FAILURE,Critical,25.6,Smile recognize agency easy design you piece.,Material Fatigue,18.0,Open
INC-04971,SITE-002,2024-02-16,NEAR MISS,Crit,21.3,Deep why growth.,Corrosion,9.6,Open
INC-05926,SITE-002,2025-10-11,Equipment Failure,High,57.9,Black but bring coach receive next up grow might debate own more time produce listen police every board.,Valve Failure,2.6,Closed
INC-04956,SITE-006,2024-01-10,Leak,Critical,55.0,Everyone police tonight various hair chance truth significant rather agreement week president.,Valve Failure,5.3,Open
INC-00607,SITE-006,2025-04-29,Leak,low,80.1,Do find either soldier movie pressure billion.,,7.1,Open
INC-05265,SITE-006,2024-10-24,Equipment Failure,critical,47.8,Sister beyond nice major science hospital series may various least.,Operator Error,4.8,Open
INC-05362,SITE-002,2025-07-02T00:00:00Z,Fire,High,73.2,Effort until painting go stay ago green shoulder room really over news wife.,,11.3,Closed
INC-01274,SITE-003,2023-10-09,Leak,Critical,38.2,Director himself consumer common everything guy address expert son oil.,Sensor Malfunction,16.9,Closed
INC-05594,SITE-005,23/04/2025,Equipment Failure,Low,97.1,Them boy land cause learn network director.,,4.4,Under Investigation
INC-02501,SITE-002,2026-06-09,,Low,90.7,Culture determine perhaps value.,Sensor Malfunction,5.6,Closed
INC-00332,SITE-006,2023-09-02,Leak,Medium,71.3,High region dog office second more world free represent minute into firm rock yet.,Sensor Malfunction,10.8,Open
INC-03320,SITE-006,2023-12-14,Spill,Critical,58.3,Case often blood guess process whom.,Corrosion,7.1,Open
INC-05222,SITE-006,2024-10-19,Leak,Critical,46.2,Offer face much job in small eat decision blue quite old similar.,,3.6,Closed
INC-04945,SITE-002,2024-10-17,Near Miss,Critical,39.4,Allow kid people when call might animal.,,17.2,Closed
INC-00072,SITE-002,2025-10-11T00:00:00Z,Equipment Failure,Low,95.5,Myself series standard situation wish know six allow cause TV field stuff.,Sensor Malfunction,1.5,Under Investigation
INC-01509,SITE-004,2026-10-19,Fire,,79.7,Generation air large past sign seem bag trip dog news myself.,Material Fatigue,13.6,Closed
INC-00669,SITE-006,2024-02-03,Spill,Low,92.3,Low actually production management measure table.,,3.2,Closed
INC-00402,SITE-002,2025-07-14,Near Miss, medium,75.4,Approach let work head.,Corrosion,7.4,Closed
INC-01305,SITE-004,2026-02-07,Fire,Medium,77.6,Want window sometimes true war interview since possible.,Material Fatigue,10.4,Closed
INC-03331,SITE-001,2025-04-23,Near Miss,Critical,38.5,Chair hand sister modern guy.,Operator Error,12.9,Open
INC-00865,SITE-003,2023-07-27,Equipment  Failure,High,53.1,Admit evidence wrong public live likely main leader purpose relate nature guess.,Third-party Damage,9.4,Under Investigation
INC-05941,SITE-003,2026-05-20,Fire,crit,33.3,Condition use yeah hard task glass.,Valve Failure,4.4,Closed
INC-00498,SITE-006,31-May-2025,Near Miss,Medium,76.5,Like design cause speech any deal couple tend.,Operator Error,7.4,Under Investigation
INC-03409,SITE-006,2023-08-29,Leak,High,64.2,Glass dark store father herself bill right.,Third-party Damage,5.6,Closed
INC-05718,SITE-006,2024-05-10,Leak,High,71.5,Minute various meeting nature low whose interest thousand likely hit site while responsibility good enough season.,Third-party Damage,6.0,Under Investigation
INC-05286,SITE-004,2024-06-07,Spill,Medium,84.1,Physical much show action option thousand hope fill account.,Material Fatigue,5.2,Closed
INC-00028,SITE-002,2024-07-19,Equipment Failure,,95.8,Group including place play.,Material Fatigue,6.5,Under Investigation
INC-03081,SITE-001,22-Feb-2026,Leak,Low,86.8,Bill white minute myself all significant assume daughter after house.,Operator Error,22.6,Open
INC-05456,SITE-006,2023-12-20,Spill,Critical,44.2,Catch people affect full cold decade fly charge middle visit space finish senior personal garden would.,,19.4,Closed
INC-04981,SITE-006,2023-08-06,Fire,High,60.0,Hard series feeling pass heavy college someone in other activity between growth too.,Corrosion,1.4,Under Investigation
INC-03737,SITE-006,2026-09-10,,crit,67.6,Technology sort bank group speech sing three past increase president research what bar fact.,Material Fatigue,19.1,Open
INC-03854,SITE-006,18/07/2024,Spill,Low,90.3,International social create day produce goal.,Corrosion,1.9,Under Investigation
INC-02734,SITE-001,2023-08-17,Leak,Medium,73.3,Outside floor very trial especially put professional if face throw huge together hit.,Sensor Malfunction,2.2,Under Investigation
INC-01465,SITE-004,2025-05-29,Near Miss,Medium,70.2,Mother five skill season she history general stage point before his.,,9.0,Under Investigation
INC-02796,SITE-003,2023-07-31,Leak,Critical,49.6,Ball foreign structure fill baby collection wonder the stage use person.,,4.1,Closed
INC-00313,SITE-006,03/23/2025,Leak,,91.4,Yeah performance name cup enough trial live team international do from win.,Sensor Malfunction,11.2,Open
INC-01812,SITE-001,2023-09-30,Near Miss,High,-12.3,Box water until who record interest card course final.,Valve Failure,1.9,Under Investigation
INC-03506,SITE-005,2024-06-23,Equipment Failure,High,63.1,Close result four thing now top sure capital cost method heavy the win improve everybody interesting across.,Corrosion,13.7,Open
INC-01388,SITE-002,2026-04-08T00:00:00Z,Fire,Medium,64.7,Similar design door magazine fine.,Material Fatigue,1.0,Open
INC-00566,SITE-005,2024-12-31,Spill,Medium,78.6,Result ready face knowledge him along too.,,6.3,Closed
INC-04472,SITE-003,2024-06-08,Equipment Failure,Critical,45.2,Issue perform thus able election eat stand point many.,Corrosion,4.0,Under Investigation
INC-05028,SITE-006,2026-03-29,Spill,Critical,55.1,Country free image company sport science decision next maintain against continue.,Sensor Malfunction,4.6,Closed
INC-00150,SITE-003,2026-05-08,,High,70.8,Question with be majority buy offer week point without group.,Operator Error,4.6,Under Investigation
INC-04651,SITE-006,2024-09-28,Fire,Critical,41.4,Religious give add their among program friend series.,Sensor Malfunction,6.5,Under Investigation
INC-05295,SITE-002,2026-06-04,Leak,Low,86.1,Both dinner eye wish blood different force piece toward people.,Corrosion,1.4,Open
INC-03601,SITE-006,2026-02-27,Near Miss,Medium,62.6,Nation future space weight assume use military.,Corrosion,3.6,Open
INC-02327,SITE-006,2025-06-27,Leak,Critical,45.1,Art situation must mother computer similar school.,,4.7,Open
INC-05548,SITE-002,2025-08-11,Equipment Failure,Critical,43.1,Point type consumer office operation station difficult sound church so debate watch.,Operator Error,5.1,Closed
INC-01067,SITE-001,2023-07-29,Leak,Low,100.0,Figure international wrong than skin wind final develop network.,,11.4,Under Investigation
INC-04361,SITE-005,2025-05-31,Near Miss,High,56.3,Time hundred wonder question relationship imagine apply understand space part machine station probably to matter cup.,,7.9,Closed
INC-01309,SITE-004,2025-06-16,Near Miss,Critical,53.0,Stuff least discuss goal produce visit.,,7.1,Open
INC-05308,SITE-005,2025-04-15,Equipment Failure,High,53.6,Since phone deep decide common also student beyond.,Third-party Damage,11.3,Under Investigation
INC-03571,SITE-005,2024-09-01,Spill,low ,81.3,Smile available major along sea crime beyond anyone partner.,Operator Error,5.5,Open
INC-04402,SITE-003,2025-12-08,Near Miss,High,29.3,Newspaper why down all same along direction.,Valve Failure,1.8,Open
INC-00925,SITE-004,2024-09-28,Equipment Failure, medium,63.2,Democratic population government share place each international.,Material Fatigue,6.9,Closed
INC-03799,SITE-004,2025-06-30,Fire,Medium,150.0,Bag center economic house usually.,,9.6,Closed
INC-05021,SITE-002,2024-10-10,Leak,Medium,150.0,Effort important build trial less well her star according produce.,Corrosion,10.6,Open
INC-05042,SITE-006,2024-04-19,Near Miss,High,46.7,Plan often mission girl some important yes remain blue.,Corrosion,1.9,Closed
INC-03521,SITE-003,2023-09-17,Equipment Failure,High,104.0,Then accept difference degree prove happen present make hand.,Corrosion,4.8,Closed
INC-04585,SITE-006,2025-08-17,Leak,High,75.6,Not star policy be deep nothing stop us.,,5.2,Open
INC-05972,SITE-002,2025-07-18,Leak,Medium,55.6,Little senior range easy visit north know news citizen by lot window interesting rest.,Valve Failure,3.2,Under Investigation
INC-02925,SITE-005,2025-07-19,near-miss,Low,84.6,Relate network spring affect avoid war member us six.,Valve Failure,13.9,Under Investigation
INC-04917,SITE-006,2023-10-04,Near Miss,Low,100.0,Situation result assume but cut operation seek.,Corrosion,15.3,Open
INC-00716,SITE-001,2025-03-26,Near Miss,Critical,35.9,Series edge environment east around common play area.,Sensor Malfunction,11.0,Under Investigation
INC-05107,SITE-005,2024-10-29,equipment failure,High,59.4,Bar heavy history test should her ball experience each.,Corrosion,4.0,Closed
INC-02656,SITE-001,2026-05-22,Near Miss,low,87.2,Agency often low conference story place.,Operator Error,3.5,Open
INC-03222,SITE-005,2025-02-16,Spill,Med,85.8,Lawyer service worker prepare laugh during win pattern thing movement final.,Valve Failure,13.0,Closed
INC-01299,SITE-002,2026-01-19,Near Miss,Critical,42.7,Executive develop local leg suddenly page compare anything.,Operator Error,2.7,Open
INC-03748,SITE-003,09/02/2024,Leak, Critical,71.4,Help kid recently quality cold one look agree small.,Valve Failure,5.3,Open
INC-01861,SITE-002,2026-04-12,Spill,Low,89.0,Approach suffer wall kitchen think computer eight same rich interview.,Valve Failure,3.8,Closed
INC-04406,SITE-003,2024-08-16T00:00:00Z,Fire,High,54.0,Good budget manager alone whose southern require kitchen indeed water.,Sensor Malfunction,1.5,Open
INC-03744,SITE-003,2026-02-03,Spill,Critical,30.0,Value cultural action short local near popular rest recognize field brother southern four.,,7.8,Closed
INC-04436,SITE-002,2025-03-28,Equipment Failure,Medium,79.7,Yourself note American event able notice fight dinner somebody professor much present religious mean bill.,Corrosion,2.4,Under Investigation
INC-05170,SITE-003,2025-09-14,Leak,High,64.7,Next summer face rule property low help surface nearly enough.,Valve Failure,2.4,Closed
INC-00685,SITE-006,2023-11-24, Leak,Medium,73.4,Power manage strategy like movie.,Third-party Damage,9.0,Closed
INC-00860,SITE-003,2023-12-16,Leak,Medium,56.2,Knowledge smile management carry let live activity they this opportunity well.,Operator Error,10.6,Open
INC-00546,SITE-002,2025-05-28,Near Miss,Medium,67.9,Similar because worry consider American pretty television suffer like behind deep college finish well himself.,Third-party Damage,8.4,Open
INC-05527,SITE-005,2024-06-26,Near Miss,Medium,61.6,Happy girl suffer tough standard purpose stay center person visit discussion door religious.,Valve Failure,1.4,Open
INC-03180,SITE-003,2026-01-08,Fire,Low,91.0,Quickly should pass check Republican that stage win have rich yeah improve west size develop discuss you lot.,,17.1,Closed
INC-03325,SITE-006,2026-03-10,Near Miss,Critical,42.6,That better relate reduce in wall team land significant check general common vote federal threat.,Material Fatigue,11.3,Closed
INC-01699,SITE-006,2024-01-14,Near Miss,Critical,50.3,Low cold quite charge report.,Sensor Malfunction,10.0,Open
INC-02583,SITE-001,16/01/2024,Near Miss,Critical,35.4,Shake could amount about best through might bed.,Sensor Malfunction,9.3,Closed
INC-03412,SITE-003,2026-05-28,Equipment Failure,,115.7,Season job fish return media here cut even space rate nor choice easy.,Third-party Damage,14.1,Open
INC-04846,SITE-006,2023-10-14,Leak,High,62.3,Hear star ask when stop social police at list with table always.,Corrosion,4.4,Open
INC-04740,SITE-002,2026-03-31,Leak,,62.4,Civil meeting reduce seat election charge relationship cut onto water recently open actually knowledge and partner anything.,Valve Failure,1.9,Under Investigation
INC-03083,SITE-001,28/11/2023,Fire,Critical,39.8,Style degree Mrs month gun human fight you culture southern suffer cause mission.,Third-party Damage,13.3,Closed
INC-01579,SITE-002,2024-01-03,fire,Low,90.8,Any include art most budget glass do maybe.,Sensor Malfunction,6.1,Open
INC-03381,SITE-006,26-Mar-2024,Near Miss,,42.9,Without loss enjoy sister administration medical former fill source catch former can call such paper minute lay.,,5.6,Under Investigation
INC-00683,SITE-003,2024-05-21,Equipment Failure,High,57.0,Main because fish they not food.,Valve Failure,1.3,Open
INC-05101,SITE-001,2025-01-10,Spill,High,47.3,Policy wonder issue owner think economy pull no with.,Third-party Damage,5.2,Open
INC-05937,SITE-002,07/22/2025,Equipment Failure,High,56.8,Main brother TV wonder.,Operator Error,10.3,Closed
INC-04685,SITE-006,2026-02-19,Equipment Failure,High,68.8,Figure foot door music relationship yes goal tax by good even.,Valve Failure,8.7,Closed
INC-01385,SITE-001,2024-04-25,Near Miss,High,69.7,His behavior difficult step tell point call.,Third-party Damage,5.1,Closed
INC-05393,SITE-004,2023-08-20,Near Miss,Low,86.1,Eat clearly ahead while wrong moment.,,1.8,Open
INC-04950,SITE-005,2026-01-09,Leak,Low,82.5,Into two strategy hold argue news put lead let would my mean former choose story relationship pay able.,Operator Error,5.6,Under Investigation
INC-04862,SITE-001,2026-01-26,Leak,High,62.3,Message administration later treatment worker dinner computer capital hour suffer either someone team sing black.,Operator Error,5.2,Closed
INC-03002,SITE-006,2026-03-05,Equipment Failure,Critical,44.4,Little others especially act throughout western up them company learn detail travel would figure.,Material Fatigue,6.2,Open
INC-03357,SITE-006,2026-04-05,Fire,High,63.2,Recent official employee off thing deal well win law travel myself line sign.,Third-party Damage,6.6,Closed
INC-04243,SITE-003,2025-11-25,Spill,MEDIUM,79.9,Movie office what likely economic job government religious religious.,Material Fatigue,6.6,Under Investigation
INC-04330,SITE-005,2025-02-22,Spill,Medium,69.0,Kind mouth idea safe pretty long everybody difficult concern let evidence writer.,Sensor Malfunction,3.1,Open
INC-05608,SITE-004,2023-10-25,Near Miss,Critical,31.3,Eye reality raise training trouble class green too job technology record let worker.,Corrosion,1.7,Under Investigation
INC-03169,SITE-006,2026-04-02T00:00:00Z,Fire,High,55.2,Rather whole notice number religious social of.,Corrosion,3.2,Open
INC-00145,SITE-004,2024-11-08,Leak,High,46.9,Hand front under remain hundred discover choice meet song goal others determine network role.,Corrosion,7.5,Open
INC-05651,SITE-006,2024-12-25,Leak,Low,81.8,Sign successful phone wish growth bit available behind need part find sport possible radio development.,Third-party Damage,15.1,Open
INC-00687,SITE-004,2025-04-30,Equipment Failure,Low,80.0,Important on do standard dark response in learn hand lawyer media administration.,,5.9,Closed
INC-00351,SITE-001,2024-01-27,Fire,Critical,47.8,Industry can more computer car score benefit audience when speak.,Valve Failure,10.4,Under Investigation
INC-02553,SITE-005,07/11/2024,Fire,Medium,56.1,Writer do daughter near report pass.,,11.5,Closed
INC-00444,SITE-003,2023-10-15,Equipment Failure,High,59.0,Remain foreign anyone herself anyone wonder television.,,2.7,Closed
INC-03498,SITE-003,2024-12-18,Fire ,Medium,81.4,Continue newspaper night poor degree they partner rate meet data experience much.,Material Fatigue,4.4,Open
INC-04526,SITE-006,26/05/2024,,critical,48.6,Someone mind region budget control without size.,Valve Failure,13.0,Under Investigation
INC-03410,SITE-003,2023-08-15,Leak, medium,67.0,Support detail full various would final tend listen partner very forget.,Third-party Damage,4.9,Under Investigation
INC-05950,SITE-004,2026-02-23,Fire,Medium,70.7,Government actually kind chance care teach attorney car address husband.,Valve Failure,3.5,Open
INC-02934,SITE-006,2024-05-13,Spill,Critical,45.8,Black speech such probably.,Material Fatigue,4.3,Open
INC-03785,SITE-004,2023-12-06,Fire,High,45.8,Drive admit close admit expert morning specific shoulder piece national leave weight star fire.,Material Fatigue,6.6,Open
INC-02854,SITE-001,2024-05-28,Equipment Failure,Medium,83.3,Nearly her beat thousand magazine weight.,Corrosion,3.6,Closed
INC-01832,SITE-003,2026-02-10T00:00:00Z,Equipment Failure,Medium,85.2,Decision pull question yet.,,11.7,Closed
INC-01673,SITE-001,2025-06-14,Spill,Medium,92.5,Grow section spend among probably stop thought environmental see.,Sensor Malfunction,10.8,Closed
INC-05051,SITE-003,2025-03-12,Equipment Failure,High,65.6,Power picture investment building mother decide computer light despite message once either.,Valve Failure,18.3,Closed
INC-00728,SITE-005,2026-01-01,Leak,Low,85.1,Throughout improve walk pull avoid bill number statement some particularly four choose project because allow.,Valve Failure,5.3,Open
INC-05024,SITE-005,2025-11-23,Near Miss,Low,92.6,Board field audience hear soldier its course.,Corrosion,18.2,Under Investigation
INC-04294,SITE-002,2023-10-20,near-miss,High,57.6,Story plant leave smile.,Sensor Malfunction,9.4,Under Investigation
INC-04783,SITE-004,02-Sep-2025,,Medium,60.0,Want former city than way support collection community skin other relationship even when ready.,Material Fatigue,12.0,Under Investigation
INC-00849,SITE-003,16-Mar-2025,Spill,High,54.2,Process health fact trip memory side music star notice build school be most score real clearly able.,,24.6,Closed
INC-00457,SITE-006,2026-01-04,Leak,,47.1,Light whole tree ability according claim happy beautiful item often amount she politics plant dog.,Sensor Malfunction,4.3,Closed
INC-05070,SITE-006,2023-10-09,Leak,High,62.7,Environmental hour ahead pressure live professor enter hospital summer.,Corrosion,3.9,Open
INC-03353,SITE-002,2024-04-29,Equipment Failure,Lo,94.4,Fact movement control face much young.,,5.9,Open
INC-04404,SITE-001,2026-08-17,Leak,Low,86.8,Usually policy PM material partner forward item.,,6.8,Under Investigation
INC-05220,SITE-002,2026-01-26,Spill,Medium,71.2,Old great there institution hard oil that new relate result six.,Corrosion,4.5,Closed
INC-00507,SITE-004,2025-10-20,Leak,Medium,73.4,Late change here nothing drive inside audience environmental our war.,Operator Error,9.7,Under Investigation
INC-03341,SITE-003,2026-09-02,Fire,Critical,56.1,Policy section modern head month soldier these give.,Corrosion,2.8,Under Investigation
INC-04624,SITE-001,2026-01-17,Leak,Low,83.5,Small military far radio later how money.,Operator Error,8.4,Open
INC-00180,SITE-001,2025-07-02,Equipment Failure,High,49.3,Down project enjoy others simply guy push whom serious couple lay improve.,Sensor Malfunction,2.4,Closed
INC-04977,SITE-004,18/07/2024,Spill,Medium,89.0,Arm general amount word reduce.,Corrosion,1.6,Under Investigation
INC-02290,SITE-006,26-Jan-2024,Spill,Medium,71.3,Food message skill if field natural race behind partner indeed study difficult impact design.,Valve Failure,18.3,Under Investigation
INC-03197,SITE-006,2024-05-29,Leak, Low,87.9,Hotel this deal machine mention home effort from half pressure Republican candidate.,Third-party Damage,24.9,Under Investigation
INC-00479,SITE-003,2025-08-28,Leak,Medium,70.3,Shoulder scientist why stay will day race across yard fill style final media material.,Valve Failure,6.0,Open
INC-02244,SITE-003,2023-08-18,Fire,Medium,58.1,Plant pay summer outside unit myself report or as.,Operator Error,10.5,Under Investigation
INC-02659,SITE-003,2025-12-21,Leak,High,77.1,Stand bad raise financial century wrong send inside natural mean front.,Material Fatigue,1.0,Under Investigation
INC-00386,SITE-006,30/11/2024,Leak,Medium,69.7,Mention together because upon by response suddenly mention.,,17.3,Open
INC-05633,SITE-006,20/05/2025,Fire,HIGH,71.1,Enjoy very where top fact along.,,7.6,Under Investigation
INC-00928,SITE-005,2023-09-01,Equipment  Failure,High,66.9,Like enter very environmental future film realize we short machine bar.,Material Fatigue,16.7,Under Investigation
INC-01394,SITE-003,10/07/2024,Leak,Critical,27.0,Wonder the ready relate party seem knowledge first sea organization bank trade nice interesting nor staff offer course manager guy.,Third-party Damage,24.3,Open
INC-04710,SITE-003,2026-04-05,Equipment Failure,Medium,80.6,Reveal beautiful level let many consider property kind avoid.,Corrosion,1.4,Closed
INC-00552,SITE-004,17-Jul-2026,Equipment Failure, High,39.6,Commercial staff money say move dog everything.,Corrosion,3.2,Under Investigation
INC-02709,SITE-003,2025-11-09,Leak,Medium,73.2,Thousand knowledge make administration.,Corrosion,10.3,Open
INC-05120,SITE-005,2023-10-10T00:00:00Z,Equipment Failure,High,45.1,Market each under tough resource individual knowledge story clear federal garden yard it serious.,,2.0,Open
INC-00118,SITE-001,2024-08-03,Near Miss,,88.4,Material natural lose often them sister.,Material Fatigue,8.6,Closed
INC-05855,SITE-001,11/05/2026,Near Miss,High,59.1,Finally where trouble none its every address bank again dark Mr heavy.,Operator Error,9.4,Open
INC-03379,SITE-003,2025-09-25,Spill,High,64.4,Near grow baby nothing.,Valve Failure,10.9,Closed
INC-04190,SITE-001,2026-05-09,Equipment Failure,,86.0,Form treat five among firm assume should their end.,Sensor Malfunction,3.2,Closed
INC-01743,SITE-004,2026-08-08,Spill,Low,96.3,Letter hour rather possible campaign away industry push yeah he decade direction want arrive well number forget.,,0.6,Closed
INC-04495,SITE-001,2024-08-20,Near Miss,Medium,63.3,Collection usually field wonder child argue feel financial half own.,Sensor Malfunction,16.9,Under Investigation
INC-02243,SITE-002,2024-04-16,Near Miss,Medium,75.3,Likely impact president pick painting use action case process cup soldier.,Third-party Damage,6.3,Closed
INC-05905,SITE-002,2024-01-02,Spill,Medium,67.3,Pm within meet worker against garden him organization often feel response former offer past finally movie seat identify rock.,Third-party Damage,19.5,Under Investigation
INC-01359,SITE-006,11/23/2023,Fire,Critical,59.7,Only say both dinner camera.,Third-party Damage,2.0,Closed
INC-04002,SITE-002,09/04/2025,Leak,Medium,69.4,Serious less operation author four size.,,7.9,Open
INC-01894,SITE-003,2025-09-27,,High,61.5,Service teach scene which foot.,Valve Failure,8.0,Closed
INC-00112,SITE-006,2025-04-10,Spill,Low,88.2,Analysis firm current type experience nothing cultural.,Third-party Damage,11.2,Open
INC-01083,SITE-002,2023-11-25,Near Miss,Low,79.7,Option current even lot ahead year prove might church start act.,Material Fatigue,7.9,Open
INC-01391,SITE-002,2024-02-27,Leak,Medium,69.5,Network statement government public month degree sound read choice type image.,Third-party Damage,12.3,Under Investigation
INC-05250,SITE-001,2024-07-17,Near  Miss,Medium,83.7,Plant wife day phone.,Operator Error,7.0,Closed
INC-00335,SITE-005,18/09/2023,Near Miss,,61.8,Kid senior population those American worry behavior prepare.,Sensor Malfunction,6.6,Closed
INC-04872,SITE-006,2024-10-19,Leak,Low,89.2,A by deal school.,Sensor Malfunction,6.8,Under Investigation
INC-05278,SITE-005,2026-10-19,Leak, Critical,54.9,Land step loss human support court chance knowledge for.,Sensor Malfunction,5.6,Under Investigation
INC-00075,SITE-006,15-Aug-2024,Leak,Med,70.6,Time week life condition international operation arrive southern race hair chair suggest inside offer person may finally charge add.,Third-party Damage,2.5,Under Investigation
INC-04969,SITE-006,2024-09-28,Leak,low,83.4,Pretty appear impact candidate record sense quite career will doctor Democrat religious way do.,,2.4,Open
INC-04722,SITE-006,2026-06-14,Spill,HIGH,43.3,Business personal we pick team health nature concern act.,Sensor Malfunction,17.7,Closed
INC-00142,SITE-002,2026-06-05,Fire,Low,92.1,Let adult this church ground threat recently reason message suddenly worker it similar of.,,4.8,Open
INC-00773,SITE-003,2025-03-28,Equipment Failure,Medium,70.9,Easy history than yourself memory protect conference almost daughter miss letter quickly quality peace.,Operator Error,10.0,Closed
INC-05219,SITE-003,2026-02-11,Spill,Medium,71.2,Indicate camera analysis fear technology.,Third-party Damage,4.5,Closed
INC-01907,SITE-001,2025-08-12,Equipment Failure,Low,95.3,Minute study government attention owner message manage imagine.,Corrosion,5.9,Open
INC-05484,SITE-004,04/09/2025,Equipment  Failure,Medium,67.1,Forward consider allow cut after enjoy election.,Third-party Damage,6.4,Closed
INC-04882,SITE-004,2025-05-05,Fire,Medium,82.8,Wall generation area kitchen make when model.,Third-party Damage,12.8,Open
INC-04551,SITE-005,01-Sep-2024,Leak,Low,81.6,Do per day land support bar provide light ask could factor middle finally market ten policy.,Operator Error,1.2,Under Investigation
INC-04441,SITE-004,2023-08-20,Leak,Low,85.9,Past level while bed prevent ball pass participant director our respond plan letter suffer much authority name far.,Material Fatigue,16.2,Closed
INC-05784,SITE-004,2023-11-10,Fire,Critical,28.7,Civil foreign country thank old mind attention.,Valve Failure,11.8,Closed
INC-00981,SITE-006,2024-07-11,Equipment Failure,Medium,73.6,Hear history view forward follow top class speak approach.,Valve Failure,6.1,Under Investigation
INC-01570,SITE-001,2024-09-28,NEAR MISS,,70.8,Before turn indicate choose ball role what.,Valve Failure,8.7,Open
INC-05372,SITE-002,2024-12-31T00:00:00Z,Equipment Failure,Low,93.4,Camera like probably word.,Sensor Malfunction,15.1,Under Investigation
INC-05119,SITE-002,25/01/2026,Near Miss,Medium,75.8,Water argue pressure relate quality else change sit project establish husband.,Material Fatigue,3.7,Open
INC-03780,SITE-006,2023-10-20,Equipment Failure,Low,89.0,Gas including among camera spring understand dog top.,Third-party Damage,6.5,Open
INC-00228,SITE-005,2024-09-18,Near Miss,Low,92.8,Risk us who develop here already education whose number century analysis.,Operator Error,8.4,Closed
INC-01064,SITE-006,2024-08-25,Fire,Medium,91.3,Watch sister movement state participant market friend.,Sensor Malfunction,7.6,Under Investigation
INC-03715,SITE-001,2026-01-31,Leak,High,52.9,Opportunity information question hospital.,Corrosion,2.6,Open
INC-01073,SITE-004,2025-01-29,Fire,Medium,69.8,Clearly always compare father partner note act alone.,,15.3,Under Investigation
INC-02035,SITE-006,2024-07-09,Spill,High,38.9,Born no base who culture since natural feeling campaign suggest true.,Valve Failure,6.9,Open
INC-00400,SITE-003,2025-07-06,spill,High,63.2,Protect prepare avoid could small study where song upon them attention agency.,Operator Error,1.9,Under Investigation
INC-01292,SITE-005,2025-11-27,Near Miss,Low,88.8,Military state key social style behavior television its quality happen wait certain method since positive pull challenge including.,Third-party Damage,4.6,Closed
INC-00329,SITE-002,08/29/2025,Equipment Failure,Medium,74.9,General realize why have there avoid result production out.,Material Fatigue,2.4,Open
INC-02938,SITE-006,2025-07-30,,High,63.0,Summer bank among from onto happen response and.,Sensor Malfunction,1.4,Under Investigation
INC-04197,SITE-003,08/09/2024,Spill,Low,84.2,Nor responsibility important process alone too charge room ever despite attention way.,Operator Error,4.5,Under Investigation
INC-04720,SITE-006,2025-07-18,Oil Leak,,44.3,Market election candidate least spring skin.,Material Fatigue,7.6,Under Investigation
INC-05118,SITE-002,12/20/2023,Spill,High,67.9,Mention perhaps real either election evening cup question surface factor take industry power far order nearly at shake per.,Corrosion,9.7,Open
INC-01480,SITE-003,2023-10-08,Leak,High,65.9,Size join go fall science trade suggest movement.,Third-party Damage,3.3,Closed
INC-01421,SITE-005,2024-01-09,Leak,Low,94.0,Go blood watch kid theory every whatever remain.,Material Fatigue,6.3,Open
INC-04417,SITE-003,18/09/2024,Near Miss,Low,89.5,Involve arrive writer message consumer simple listen physical administration happy change.,Valve Failure,9.1,Under Investigation
INC-04469,SITE-001,2024-06-05,FIRE,Medium,81.1,Thank window Republican wife machine feeling media fund.,Valve Failure,2.6,Closed
INC-03926,SITE-002,2023-09-12,Leak,LOW,95.8,Resource role air today quality sing through those window none anyone arrive scene girl girl.,,6.4,Closed
INC-00107,SITE-001,2025-12-26T00:00:00Z,Spill,,56.8,Five half computer city challenge matter then some brother property wonder.,Third-party Damage,1.0,Open
INC-01620,SITE-003,2023-08-17,Equip. Failure,High,56.4,Smile positive play past seek official put effort newspaper money cost.,,11.1,Open
INC-04462,SITE-002,2025-01-28,Spill,High,60.9,Science agency soon suffer short main her agreement.,Corrosion,4.8,Open
INC-04255,SITE-005,2023-11-09,Equipment Failure,Low,90.2,Every able wind imagine interview together avoid push join.,Corrosion,1.2,Under Investigation
INC-01234,SITE-002,2024-08-31,Equipment Failure,Medium,71.2,Accept contain notice investment respond.,Sensor Malfunction,21.5,Closed
INC-01122,SITE-004,10/27/2023,Near Miss,Low,84.3,Often leave next hard can decade either.,,10.6,Open
INC-04819,SITE-003,2025-06-23,Near Miss,Critical,20.3,Tax only store participant blue for whom.,Material Fatigue,14.2,Under Investigation
INC-03074,SITE-002,2024-02-21,equipment failure,Low,81.1,Indeed financial offer participant popular oil how sit them I large cause purpose lead fish.,Corrosion,4.7,Under Investigation
INC-01180,SITE-003,2024-07-29,Fire,Medium,74.2,Range them idea know participant.,Corrosion,7.4,Closed
INC-01251,SITE-005,02/21/2024,Leak,Medium,71.7,General note case keep in interesting summer.,Sensor Malfunction,5.0,Open
INC-05140,SITE-003,2025-12-20,Leak,Medium,64.1,Voice young threat need never design father decision sing just.,Corrosion,12.8,Closed
INC-01603,SITE-002,2025-04-09,Spill,Medium,71.5,Idea my staff question successful bit wonder usually goal official today never machine anything news if practice today building arrive.,Sensor Malfunction,2.4,Closed
INC-03112,SITE-002,2024-01-04,Equipment Failure,Low,95.6,As money interest admit interview fine bank opportunity thus responsibility college able campaign.,,6.0,Closed
INC-01489,SITE-005,2026-03-07,Equipment Failure,Low,87.2,Community far tax ability themselves control two rich consider.,Material Fatigue,4.3,Open
INC-00718,SITE-005,06/12/2024,Near Miss,Medium,68.5,Institution yeah lose community season PM nearly chance.,,3.7,Open
INC-00131,SITE-001,2025-08-21,Near Miss,Low,93.2,Change floor all would dream character paper learn still thousand feel avoid man beautiful seven not important.,Corrosion,7.4,Closed
INC-00443,SITE-005,2023-10-26,Fire,Medium,80.3,Morning sense per position attack parent speak increase.,,12.5,Under Investigation
INC-05376,SITE-004,2023-07-31,Fire,Low,87.5,Turn thousand game indeed so.,,1.7,Open
INC-05897,SITE-001,2025-03-24,Equipment  Failure,Medium,67.5,Director his serve glass individual shoulder there both power into food.,Operator Error,4.7,Closed
INC-03779,SITE-002,2024-08-05,Equipment Failure,Low,89.3,Maybe between image despite nation dinner attorney history decide know true should arm budget four part push.,,11.6,Under Investigation
INC-00352,SITE-004,2026-10-05,Fire,Low,98.2,Assume visit democratic century arm make.,Valve Failure,7.3,Open
INC-01321,SITE-006,2026-09-23,Leak,high,54.8,Less whole manager guy which chance result eye artist of above language activity whatever edge if any society interview matter.,Sensor Malfunction,5.0,Under Investigation
INC-02530,SITE-002,2023-08-23,Fire,Low,82.8,Score put third reveal pretty.,Valve Failure,13.7,Closed
INC-05853,SITE-006,2023-09-12,Leak,Critical,43.4,Despite improve father public perhaps generation join chair majority someone.,Valve Failure,4.4,Under Investigation
INC-05747,SITE-003,2024-01-30,Leak,High,59.2,Science sing maybe natural remain add financial teach.,Corrosion,9.9,Under Investigation
INC-00530,SITE-002,2024-08-12,near-miss,High,47.8,Could reflect always including tell life few community page adult music notice key.,Valve Failure,3.2,Closed
INC-04175,SITE-005,2026-05-26,Spill,Critical,70.8,Training them those stand answer available represent do she field run must court.,,6.9,Open
INC-04929,SITE-004,2026-05-10,Near Miss,Low,87.7,Dark case letter allow great.,Material Fatigue,1.5,Open
INC-04723,SITE-004,26-Feb-2026,Near Miss,High,83.3,Us toward too them economic human seek store game.,Third-party Damage,4.8,Open
INC-03703,SITE-002,2024-10-01,Fire,,78.2,Door surface young soon write cost let book church space.,Valve Failure,2.4,Closed
INC-01253,SITE-003,2026-02-26,Spill,,82.4,Ability Mr success bag happy outside.,Valve Failure,2.4,Closed
INC-00670,SITE-005,2026-09-28,Equip. Failure,high,62.4,Natural structure suffer blue final camera much bad machine full help brother.,Sensor Malfunction,1.2,Closed
INC-05306,SITE-006,2024-05-04,Fire,High,80.9,Avoid rate step effort amount positive shake water measure.,Material Fatigue,2.4,Open
INC-01418,SITE-001,2026-03-11,Leak,Low,85.2,Sell always enter tonight network information threat until company their health.,Material Fatigue,14.7,Closed
INC-03580,SITE-004,2026-05-12,Spill,Medium,72.8,Force only find hour care open effort affect him.,Third-party Damage,6.2,Closed
INC-01556,SITE-001,2024-07-24,Leak,High,55.9,Step both father condition answer center government article will detail system drug.,Material Fatigue,0.2,Closed
INC-03970,SITE-006,2023-10-12,Fire,Critical,57.9,Worry different threat because their policy.,Corrosion,2.8,Closed
INC-02652,SITE-002,07/15/2026,Leak,Low,89.4,Why past break despite become become develop Congress black he area do economy.,Material Fatigue,2.9,Open
INC-01332,SITE-004,2025-07-11,Spill,Medium,62.8,Evening serve like determine grow animal crime finally science risk.,Operator Error,20.4,Closed
INC-03572,SITE-006,2024-10-09,Equipment Failure,Low,93.2,Dog out she court test force field girl generation big old.,Sensor Malfunction,3.0,Open
INC-02388,SITE-006,03-Oct-2024,Spill,Medium,85.0,Somebody off along others each fly anyone employee his.,Sensor Malfunction,20.4,Closed
INC-03710,SITE-003,2025-03-30,Spill,Low,75.8,Common prevent include approach tree I.,,7.2,Open
INC-01805,SITE-004,2025-11-22,Near Miss,Low,87.9,Here clearly tonight standard forget rest book plant throughout popular.,Material Fatigue,0.4,Closed
INC-00361,SITE-006,2025-10-11,Near Miss,Medium,79.9,You off situation sort cause tough pay sense decision base method.,Third-party Damage,1.1,Open
INC-04721,SITE-005,18/08/2024,EQUIPMENT FAILURE,Critical,35.2,Mission individual onto before television card catch until kid.,,2.0,Under Investigation
INC-03398,SITE-003,2024-07-16,Leak,High,74.1,Leader feel possible benefit become often suddenly.,Corrosion,7.2,Under Investigation
INC-04265,SITE-004,2023-08-16,Fire,Low,90.3,Whether until in only avoid body top wife full defense customer skill fast.,Valve Failure,6.4,Closed
INC-01456,SITE-001,2023-07-26,Spill,Medium,70.1,Also market time other use above woman end both including increase message pick pretty father coach nothing common.,Third-party Damage,3.3,Open
INC-03490,SITE-001,2025-09-20,Equipment Failure,Low,83.2,During staff spend people so itself position within over computer environmental.,Operator Error,6.3,Closed
INC-02728,SITE-004,2026-05-29,Leak,Med,65.3,Region star be issue process attention or media risk material another national similar travel.,Operator Error,16.4,Under Investigation
INC-02180,SITE-003,2025-08-15,Fire,Medium,67.5,Study raise information thought animal own reach south among stay adult talk foreign even institution.,Third-party Damage,9.9,Under Investigation
INC-03602,SITE-003,04/07/2026,Near Miss,High,59.8,Perform Republican training game wish in no collection former often front peace.,Third-party Damage,12.1,Closed
INC-05934,SITE-003,2024-09-23,Leak,High,57.3,Mrs knowledge say life work two establish.,Corrosion,10.9,Under Investigation
INC-00014,SITE-001,2025-05-31,Leak,High,104.0,May lose responsibility director brother loss modern need join former.,Operator Error,15.7,Under Investigation
INC-02598,SITE-004,2025-01-26,Leak,low ,94.2,Picture paper Mr analysis glass only car know.,,5.0,Open
INC-04518,SITE-002,30/05/2025,fire,Low,-5.0,Police law alone policy find prepare kitchen number remember minute traditional lay meeting memory it responsibility democratic hour voice.,Corrosion,0.9,Open
INC-04705,SITE-004,14-Apr-2026,Spill,Low,87.7,Surface it expect act agree coach tonight.,Third-party Damage,12.8,Under Investigation
INC-04381,SITE-001,2026-02-15,Leak,High,75.7,Well experience pull card baby out.,Material Fatigue,10.0,Open
INC-00417,SITE-002,2023-08-30,Spill,Medium,92.3,Treatment help half heart land smile detail science clear.,Material Fatigue,5.8,Under Investigation
INC-02610,SITE-005,2025-05-19,Near Miss,High,40.9,Law community enough chair meeting blue model those current mission hair sea break authority we.,Sensor Malfunction,6.7,Closed
INC-02018,SITE-006,04/10/2024,FIRE,Medium,74.6,Just easy college organization drive provide involve service.,Corrosion,2.1,Open
INC-00247,SITE-002,2025-02-15,Near Miss,Medium,77.6,Man writer rate add believe today study.,Valve Failure,3.8,Open
INC-03529,SITE-003,2024-04-03,Fire ,High,59.0,Mouth story school box region sometimes simple.,Sensor Malfunction,2.7,Under Investigation
INC-03570,SITE-002,21-May-2024,Near Miss,,74.0,Seat field campaign fund agent situation beyond take.,Third-party Damage,2.2,Under Investigation
INC-01264,SITE-002,29/03/2026,Equipment Failure,Medium,66.9,Of character a hand main kind however customer table bill these seat buy.,Valve Failure,11.5,Closed
INC-01403,SITE-004,2025-08-09,Equipment Failure,Critical,28.9,Service trouble community build trip true fast later fund and behind never machine before find answer fund officer.,Operator Error,11.9,Under Investigation
INC-01966,SITE-003,2025-07-12,Near Miss,Medium,62.1,His hand dark western relationship.,Valve Failure,2.6,Under Investigation
INC-02326,SITE-002,2024-04-05,Spill ,Low,84.9,Before just hundred much student improve good.,Operator Error,11.2,Closed
INC-05884,SITE-001,2025-06-18,EQUIPMENT FAILURE,Medium,67.5,Audience age fund save imagine clear.,Corrosion,20.7,Closed
INC-03684,SITE-002,02/28/2026,Leak,Medium,77.0,Wonder kitchen property article process walk television budget live themselves positive suffer.,Third-party Damage,5.7,Open
INC-04568,SITE-005,2025-12-11,Near Miss,Low,99.5,Discover beat street teach young gas happen support.,Operator Error,2.6,Open
INC-02165,SITE-001,2024-02-07,Near Miss,Low,92.3,Would attorney know reality.,Third-party Damage,13.8,Closed
INC-03275,SITE-004,12/02/2023,Spill,Low,88.1,Around natural sit toward condition long shoulder wide foreign open ok among read do student law base agent trouble.,Valve Failure,28.1,Closed
INC-02923,SITE-004,2025-12-13,Near Miss,Low,83.4,Anyone too degree several bit page whom position.,Sensor Malfunction,14.6,Open
INC-05786,SITE-005,2026-04-30,Equipment Failure,,55.1,Result least action affect show leave.,Corrosion,4.6,Closed
INC-00850,SITE-003,2025-06-15,Near Miss,High,60.2,Keep interest color card majority hit paper real test vote peace play response we standard manage.,Sensor Malfunction,6.0,Open
INC-03514,SITE-006,2023-09-11,Equipment Failure,Low,86.4,Above of white fact put peace much your light plant focus page coach story perform require within.,Third-party Damage,8.2,Closed
INC-02684,SITE-006,2026-04-10,Leak,Medium,78.1,Individual two could hair usually child.,Sensor Malfunction,2.6,Open
INC-03980,SITE-004,2024-05-07,LEAK,Medium,78.9,Capital TV prove respond program field place television study international key be deep activity form teacher how give.,Sensor Malfunction,7.1,Open
INC-04065,SITE-005,2025-08-31,Spill,,83.8,Girl thus station opportunity need parent again amount call blue anything station require radio establish keep Republican major event.,Material Fatigue,7.6,Closed
INC-01502,SITE-004,04/08/2025,Near Miss,Medium,66.8,Mouth bad recognize west those trouble realize wish cup half son stage bank morning lay break.,Operator Error,5.7,Closed
INC-03809,SITE-002,2024-12-17,Equipment Failure,Low,89.6,Woman break statement give if today must arrive these idea involve mouth happy.,Material Fatigue,10.7,Open
INC-00900,SITE-002,2025-07-08,Near Miss,Medium,68.8,Science charge know mouth but recently light.,Sensor Malfunction,22.8,Under Investigation
INC-05996,SITE-002,2025-08-06,Equipment Failure,Medium,82.7,President use at produce would risk hotel over reflect.,Material Fatigue,1.3,Under Investigation
INC-03675,SITE-006,2025-11-25,Leak,Critical,45.3,Enough push student it evening present discuss issue.,,6.4,Under Investigation
INC-04818,SITE-003,2024-10-14T00:00:00Z,Leak,Critical,47.2,Then before here per attention seem stand interview talk hair draw.,Valve Failure,4.5,Under Investigation
INC-01313,SITE-006,01/31/2024, Leak,CRITICAL,40.7,Share training reach moment get agent save require middle.,Sensor Malfunction,14.8,Open
INC-02615,SITE-003,2025-06-03,Near Miss,Medium,71.8,Tell surface read affect month news some early.,Material Fatigue,6.0,Open
INC-05632,SITE-006,2025-02-28,Leak,High,63.7,Particular stop need experience model north wife put foreign.,Sensor Malfunction,2.5,Under Investigation
INC-01315,SITE-004,01/10/2024,spill,Medium,75.5,Stock debate tonight above shoulder information provide agreement the here seven number hundred arrive term Congress commercial.,Sensor Malfunction,10.1,Closed
INC-02265,SITE-001,2026-06-15,Equipment Failure,Low,90.0,Six every want listen history.,Third-party Damage,7.6,Closed
INC-01939,SITE-001,2025-01-24,Spill,Med,69.9,Summer finish treat size we really theory lay threat social material example box which.,Third-party Damage,1.9,Under Investigation
INC-04325,SITE-003,2025-10-21,Spill,High,54.2,Ability arrive among laugh actually current day big Democrat short building catch.,Sensor Malfunction,5.9,Open
INC-04393,SITE-003,10/29/2023,Equipment Failure,Critical,36.6,Support ever church including it relate smile current fast kid control treat.,,8.2,Closed
INC-05690,SITE-001,2025-07-18,Fire,Critical,54.8,Home generation husband party truth west let save decision.,Valve Failure,14.1,Closed
INC-03714,SITE-002,01/13/2024,,Medium,79.3,Bag reflect party sing use what nature allow police change cause exactly believe blood.,Third-party Damage,5.1,Closed
INC-04599,SITE-005,2024-02-22,equipment failure,Critical,40.3,Hour late couple drug we doctor this office sometimes consider.,Operator Error,2.7,Open
INC-04732,SITE-006,2024-05-29,Leak,Hi,56.7,Yourself concern manage him from media receive consider three player laugh.,Operator Error,8.2,Open
INC-01387,SITE-005,2023-08-12,Spill,Medium,68.9,Step table whatever pattern argue worry make drug value.,Material Fatigue,13.3,Open
INC-02001,SITE-001,2024-07-31,Fire,Medium,56.9,Suffer play different wear southern public large.,Valve Failure,10.6,Under Investigation
INC-02179,SITE-002,2026-06-28,Equipment Failure,Medium,79.0,Father seat generation among upon artist my boy manager.,,0.9,Under Investigation
INC-04605,SITE-006,2025-10-06,Near Miss,High,44.2,Down could break affect lot religious outside.,,5.2,Closed
INC-02105,SITE-006,2026-01-18,Leak,High,52.3,Firm ask sure run something development.,Sensor Malfunction,4.0,Open
INC-04286,SITE-004,2023-12-08,Fire,Low,94.5,Increase fine herself base well ball again.,Corrosion,8.0,Closed
INC-03800,SITE-003,2026-07-07,Leak,Critical,50.0,Foreign man accept even nation public area professional happy end establish similar where although listen.,,4.3,Open
INC-01692,SITE-005,2025-04-08,,Medium,83.0,Each onto threat parent into late push hit.,Material Fatigue,12.2,Closed
INC-02853,SITE-006,2026-04-10,Near Miss,High,80.1,Customer coach simple miss occur blood Mr game woman bag project assume century building writer operation when.,Material Fatigue,8.6,Open
INC-04360,SITE-006,12/10/2024,Near Miss,High,60.2,Particularly beat church property smile.,Sensor Malfunction,5.2,Open
INC-03100,SITE-003,2026-03-30,near miss,Critical,33.5,Media if fall chance mouth establish receive question word month animal gun listen lay.,Operator Error,3.6,Closed
INC-03541,SITE-006,2025-11-20,Spill,High,43.4,Seven debate how seven year daughter want choice tax compare certain low teach ten main another at stand great increase.,Valve Failure,6.0,Open
INC-05251,SITE-004,2024-04-24,Spill,Medium,76.8,Yes place industry provide successful change argue ahead plan truth difficult resource quality half.,Third-party Damage,14.9,Open
INC-02284,SITE-002,2025-01-02,Leak,High,62.4,Avoid easy nature because wall.,Sensor Malfunction,8.3,Open
INC-05862,SITE-005,2023-12-20,Spill,Low,88.2,Do sit nation forget cut no behind responsibility.,Valve Failure,3.9,Under Investigation
INC-04762,SITE-003,2025-10-14,Spill,Medium,78.1,Recent by shoulder house where book.,Third-party Damage,6.7,Under Investigation
INC-01693,SITE-003,2026-01-04,Near Miss,Low,86.1,Tree claim college themselves reality risk save describe particular head film reach show.,Third-party Damage,18.0,Closed
INC-04623,SITE-003,2023-07-25,Leak,Critical,58.9,Though during politics coach result then game give floor now recent stay street sell idea.,,7.8,Under Investigation
INC-02302,SITE-003,2024-06-04,Equipment Failure,Low,88.5,Lawyer although fire people treatment process.,Corrosion,0.1,Open
INC-03749,SITE-006,2025-07-19,Spill,High,57.7,Teach discover peace surface modern low her north mention land.,Third-party Damage,4.0,Closed
INC-02186,SITE-006,2025-10-28,Leak,Medium,85.7,Box yeah smile inside almost those each.,Valve Failure,3.8,Open
INC-05399,SITE-005,2025-02-09T00:00:00Z,Spill,,55.3,Leave prevent newspaper practice medical oil each back join friend could participant.,Material Fatigue,8.2,Closed
INC-05301,SITE-005,08/25/2023,Leak,Medium,72.4,Born address stuff maintain all.,,23.3,Closed
INC-02464,SITE-006,2025-10-28,Spill,Critical,58.0,Nothing serve gun art into player activity ready hit day what sing drive election.,Material Fatigue,3.6,Closed
INC-04890,SITE-006,2023-12-28,Leak,Critical,51.2,Majority night former generation quite happy small company garden development chance life begin statement.,Operator Error,8.1,Open
INC-03478,SITE-002,2024-12-05,Near Miss,Low,79.8,Itself professional college national focus.,Operator Error,4.0,Under Investigation
INC-03394,SITE-006,2025-08-01T00:00:00Z,Leak,Medium,72.5,Couple forget stage until bed nearly sing region trip.,Corrosion,2.6,Closed
INC-04913,SITE-006,2025-03-25,Leak,Critical,43.4,Dinner guy certain effort hand total bed among especially financial sign mouth federal back anything page kid.,Operator Error,8.7,Under Investigation
INC-04952,SITE-004,2026-05-22,near miss,Low,94.4,Program scene fire but because performance every mouth heavy explain office matter itself.,Corrosion,26.1,Closed
INC-00280,SITE-001,2025-09-16,Near Miss,Medium,75.2,West both job above rest between PM material.,Sensor Malfunction,4.0,Open
INC-05241,SITE-001,04/27/2024,Near Miss,Low,86.3,Happy leader conference success popular really still possible public trial until yourself.,Third-party Damage,28.0,Open
INC-00224,SITE-003,2025-03-25,Leak,High,59.5,Truth dark sell though attention low ball simply.,Operator Error,3.5,Open
INC-04901,SITE-006,2026-06-08,Near Miss,High,65.9,Including talk want under itself enough well doctor.,Sensor Malfunction,7.1,Under Investigation
INC-03989,SITE-002,2024-04-16,Equipment Failure,Medium,76.3,News prove fine catch job someone occur single radio little town of exactly economic firm instead key order political.,Third-party Damage,8.9,Closed
INC-03761,SITE-002,2025-04-07,Fire,Low,82.8,Industry song foreign.,Operator Error,14.5,Closed
INC-03094,SITE-003,2026-04-15,Leak,MEDIUM,79.7,Score big imagine prepare condition sometimes really answer.,Third-party Damage,23.2,Under Investigation
INC-02293,SITE-006,2025-07-03,Leak,HIGH,74.7,Soldier college office happy produce recent list.,Valve Failure,3.0,Open
INC-02903,SITE-003,2024-11-30,Leak,High,41.0,Term minute include like too age somebody follow garden why free seek.,Corrosion,5.9,Closed
INC-00832,SITE-006,2025-12-13,Near Miss,Critical,45.8,Billion indeed war have upon available dog something reflect marriage.,Valve Failure,2.4,Closed
INC-02943,SITE-004,2025-01-05,Fire,Medium,77.8,Marriage top teach far building what surface right hear car.,Third-party Damage,4.3,Under Investigation
INC-01134,SITE-004,2024-03-08,Near Miss,Low,76.0,Drop sound officer while continue light notice task.,Material Fatigue,8.6,Open
INC-04076,SITE-003,2024-05-14,Near Miss,Critical,43.0,West computer different to every or sign a amount eight trial fight interest two ago.,Third-party Damage,1.9,Closed
INC-01811,SITE-001,2025-10-25,near-miss,Low,83.0,Study bit leader myself administration around maybe their foreign watch son trial teacher.,Material Fatigue,17.2,Closed
INC-03425,SITE-005,2026-09-22,Near Miss,Medium,75.6,Can story outside piece church bank during drive.,Valve Failure,1.9,Open
INC-02246,SITE-001,2025-05-14,Near Miss,Low,85.3,But daughter them leg natural local leader rather simply red.,Corrosion,1.6,Closed
INC-04264,SITE-006,2026-09-07,Equipment Failure,High,69.1,Everyone sing weight hair fill front doctor draw event like husband.,Operator Error,8.2,Under Investigation
INC-01084,SITE-006,2024-02-20,Near Miss,High,57.4,Alone blue ground half effort.,Corrosion,4.6,Closed
INC-03716,SITE-003,03-Feb-2026,Leak,High,50.8,Medical former call start sea health edge nation issue religious place wonder.,Material Fatigue,17.4,Closed
INC-01749,SITE-002,2024-06-10,Leak,Medium,68.4,Subject chair already particular machine military design kind however well.,Valve Failure,2.0,Open
INC-04504,SITE-006,2024-02-17,Near Miss,High,83.6,Professor thus add traditional pay.,Material Fatigue,2.7,Closed
INC-02323,SITE-003,2025-07-24,Near Miss,Critical,43.3,Particular material maintain hit century bank group short check.,Material Fatigue,2.8,Under Investigation
INC-05631,SITE-005,12/01/2025,Equipment Failure,Medium,66.0,Light skin those perform day democratic suddenly hair crime other offer thank base plant.,,1.0,Open
INC-01826,SITE-004,2026-04-28,Equipment Failure,Medium,69.3,Listen experience say most amount attorney conference cultural.,Sensor Malfunction,5.9,Closed
INC-02371,SITE-003,2026-01-02,Near Miss,High,56.0,Professor real road son those member century behind.,Valve Failure,6.6,Under Investigation
INC-03718,SITE-003,2025-03-18,Leak,Medium,78.9,Share lose institution down color own.,Material Fatigue,7.4,Under Investigation
INC-02958,SITE-002,2025-09-15,Fire,Critical,40.3,Husband positive watch end.,Material Fatigue,6.3,Open
INC-03444,SITE-001,2025-04-11,Near  Miss,Medium,-12.3,Tonight still material customer stuff you indeed.,Valve Failure,4.4,Under Investigation
INC-02766,SITE-006,2023-12-29,Leak,Medium,70.0,End court detail that nation should rock heart wrong you.,Operator Error,7.8,Open
INC-04329,SITE-001,11-Aug-2025,Leak,Low,83.5,Star clear sit idea tax research.,,4.8,Open
INC-01364,SITE-005,2025-05-29,Equip. Failure,High,63.5,Knowledge style television southern until area lawyer foot table seat sport raise far news.,Operator Error,0.6,Open
INC-00116,SITE-001,2025-10-05,Equipment Failure,Low,90.3,Trouble cut too two woman discussion.,Valve Failure,3.2,Closed
INC-04071,SITE-002,2026-04-22,Spill,Low,93.8,Interesting meet show way face material security special middle hand cover guy.,,7.2,Open
INC-03431,SITE-006,2024-11-21T00:00:00Z,Fire,,70.2,Ago affect address ask sound sister scientist most local.,Sensor Malfunction,4.4,Under Investigation
INC-05573,SITE-002,2025-05-22,Near Miss,Medium,68.9,Strong stand health pass son difficult respond often thing.,Operator Error,4.6,Open
INC-00462,SITE-006,2025-09-27,Leak,Critical,35.2,On scene land age level adult summer source old before player.,Valve Failure,13.4,Closed
INC-04759,SITE-003,2025-10-13T00:00:00Z,fire,Low,91.3,Study today happy bring effort easy natural daughter field now religious its cover new sense technology few at point plant.,Valve Failure,7.0,Closed
INC-03076,SITE-002,2025-03-15,Leak,Medium,87.0,Determine wonder bad region available cultural learn my fish idea PM.,,1.9,Open
INC-01928,SITE-005,2024-02-23,Near Miss,Medium,73.9,Management should cell listen second leave itself.,Corrosion,6.1,Under Investigation
INC-03960,SITE-006,2025-11-26,,Low,83.5,Apply small else impact high anyone view agreement interesting least well social thought general particular.,Corrosion,4.9,Under Investigation
INC-03125,SITE-004,2023-10-28,Near Miss,High,53.7,Grow action audience along nature near born increase Mrs TV catch very.,Material Fatigue,9.1,Open
INC-05062,SITE-006,02/04/2024,Leak,Low,93.0,Itself material treatment yes weight risk remember break specific hotel father very near purpose husband.,Sensor Malfunction,3.0,Open
INC-01720,SITE-006,09/05/2024,Equipment Failure,Medium,73.2,Different camera senior order choice team.,Material Fatigue,6.0,Closed
INC-05277,SITE-002,2025-12-09,Spill,Low,95.8,Million style suddenly computer against eat federal finally.,Material Fatigue,13.9,Under Investigation
INC-00039,SITE-005,2025-11-04,Equipment Failure,Low,96.2,Who pretty important store whole cell decade summer every expert base compare huge difference election expect.,Valve Failure,13.9,Open
INC-01262,SITE-001,2025-05-07,Near Miss,Low,77.1,Help method toward live Mrs take can purpose choose cell central discussion by put approach hit friend nice.,,5.5,Under Investigation
INC-03837,SITE-002,2025-12-31,Near Miss,Medium,78.5,Leg effect level particular attorney make international if science dark.,Valve Failure,15.7,Open
INC-04962,SITE-006,2025-05-08,Near Miss,High,59.9,Task hotel bed change prevent campaign brother half idea our these or person tonight.,,9.7,Under Investigation
INC-03947,SITE-003,2024-05-06,Leak,Medium,76.5,Cost stand election prepare nor think language follow.,Operator Error,5.1,Closed
INC-03268,SITE-002,21-Dec-2023,Near Miss,Medium,-0.5,Civil each child anyone material relate seek identify decide price career somebody work goal bill wide and I good.,Third-party Damage,11.9,Closed
INC-03988,SITE-003,2024-11-06,,High,66.4,Often about else network teach feeling allow give action situation.,Corrosion,1.7,Open
INC-02682,SITE-002,2026-06-08,Near Miss,High,51.2,Sense door ground leave fine expert form.,Material Fatigue,7.8,Open
INC-03405,SITE-001,2024-03-25,Equipment Failure,Low,84.4,Store impact organization tonight cause condition source million TV fund minute paper admit still husband must.,Sensor Malfunction,19.6,Open
INC-05549,SITE-001,2024-08-25,Leak,Low,80.0,Despite story fine cause travel difference force loss order meet.,Corrosion,6.7,Open
INC-03039,SITE-006,2024-09-14,Leak,Critical,29.0,Attention surface spring data still technology manager age huge.,Operator Error,14.7,Closed
INC-01113,SITE-001,2024-08-12,Spill,Medium,63.1,Performance customer citizen purpose minute cell week owner school.,Valve Failure,9.0,Open
INC-03681,SITE-006,2025-07-30,Equipment Failure,High,77.3,Behavior market point glass pay enough.,Sensor Malfunction,9.8,Under Investigation
INC-01380,SITE-003,2025-06-21T00:00:00Z,Spill,Medium,69.9,Rise day final your heavy pick apply expect less person quickly girl.,Sensor Malfunction,3.5,Open
INC-02798,SITE-006,2025-08-28,Spill,High,72.5,Agree religious possible increase star resource fight kitchen show reveal see light man parent during evidence let.,Corrosion,6.7,Under Investigation
INC-05839,SITE-005,2024-11-27,near-miss,Low,81.4,They market answer official throughout process again strong sense relate able.,Operator Error,12.5,Under Investigation
INC-01378,SITE-001,2025-07-04,Leak,Medium ,73.4,Peace officer agency imagine about rise law chair create gas raise statement child light enjoy.,Third-party Damage,16.6,Closed
INC-05303,SITE-002,2024-06-03,Fire,Medium,80.1,Try attention light student become us player south anyone.,Corrosion,1.8,Open
INC-02514,SITE-003,2025-03-18,Leak, Critical,52.0,Gun suggest but stand.,Valve Failure,14.0,Closed
INC-04365,SITE-003,07-Feb-2024,Spill,Lo,92.7,Raise since include do cup commercial finish usually probably behind floor especially point front.,Sensor Malfunction,14.8,Under Investigation
INC-04253,SITE-006,2024-01-26,Near Miss,,27.5,Crime support recent use include beat professor but career where.,Sensor Malfunction,20.2,Under Investigation
INC-03047,SITE-006,2025-09-22,Equipment Failure,High,49.3,Tell song coach organization character fight.,Valve Failure,1.2,Under Investigation
INC-03346,SITE-002,2024-05-10,Spill,Medium,80.7,Mention officer he help fine ball day view try all toward Congress.,Material Fatigue,9.1,Under Investigation
INC-03795,SITE-005,2023-09-16,Leak,Low,81.8,Career goal option practice share culture whom.,Operator Error,11.5,Open
INC-04750,SITE-004,2026-04-04,Fire,low,92.3,Watch explain read evidence for three hard process approach without provide.,Sensor Malfunction,3.2,Closed
INC-03308,SITE-004,2025-10-15,Fire,High,67.4,Talk bring attorney seven against hold body.,,1.7,Under Investigation
INC-02601,SITE-003,16-Oct-2024,,High,52.6,Reflect ready guess although dark fast campaign available international movie south difference for fight.,Operator Error,0.4,Closed
INC-04982,SITE-001,2025-07-17,Near Miss,Critical,44.8,Middle politics similar perhaps same various official.,Corrosion,12.5,Open
INC-01217,SITE-004,2025-01-12,Near Miss,Low,85.8,Tell common within audience window teacher third carry realize house during ten through even continue trade hundred possible song owner.,Third-party Damage,1.5,Under Investigation
INC-05099,SITE-001,2025-02-25,,High,66.7,Bag method phone debate more fund really lay quickly likely point class market say fly.,,3.5,Closed
INC-01206,SITE-006,2025-12-27,,LOW,115.7,Unit strategy food customer way big physical consumer shoulder new join fill.,Valve Failure,6.9,Open
INC-03122,SITE-002,07/15/2024,Leak,Low,92.6,Place glass government series price.,Operator Error,5.3,Open
INC-03328,SITE-004,2024-08-09,Spill,High,68.1,Sort eat weight born mind next.,Sensor Malfunction,5.5,Closed
INC-01522,SITE-001,11/24/2025,spill,Medium,66.3,Energy budget part threat quality reveal apply drop common order service option company always.,Valve Failure,15.4,Closed
INC-04475,SITE-001,2024-01-09,Fire,Medium,73.6,Hand right professor throughout.,Operator Error,16.2,Open
INC-00427,SITE-006,2024-09-19,,,78.2,Five ago night move.,Sensor Malfunction,13.2,Open
INC-05385,SITE-003,2025-01-31,Leak,High,115.7,Focus back message positive southern government eat physical staff.,,6.2,Open
INC-05190,SITE-006,2026-05-03,leak,Critical,35.5,Case base should behind just center center fine mind.,Third-party Damage,7.7,Under Investigation
INC-00939,SITE-003,2026-06-03,Spill,low ,95.9,South key child beyond thank list exactly mouth education business.,Valve Failure,5.5,Closed
INC-02240,SITE-003,2025-01-13,Leak,High,50.0,Left away chance significant media agreement suddenly list rise receive nation field middle difference safe.,Sensor Malfunction,13.9,Open
INC-00232,SITE-003,2025-05-26,Leak,Critical,51.2,With trip animal for when fine clear for speak past respond see base hospital.,Corrosion,5.3,Open
INC-02114,SITE-005,2025-11-02,Leak,,47.4,Ok investment same seek impact now at box station every shake.,Corrosion,6.8,Closed
INC-03071,SITE-001,2024-05-17,Near Miss,Medium,75.3,Follow image might weight.,Third-party Damage,3.6,Under Investigation
INC-03144,SITE-004,31-Aug-2024,Equipment Failure,Critical,45.1,Bar development focus only safe side director program bad.,Sensor Malfunction,10.3,Under Investigation
INC-05918,SITE-006,2025-11-16,Leak,High,63.5,Reach few central week such decision hold action either.,Valve Failure,9.4,Under Investigation
INC-03296,SITE-006,09/04/2024,Leak,Low,97.8,Federal sometimes fill prepare know movie already detail college ever hospital.,,1.9,Open
INC-00904,SITE-002,2025-12-21,Near Miss,Low,89.5,Deep available huge.,Valve Failure,9.7,Open
INC-05968,SITE-003,2024-08-19,Leak,Low,86.4,Also push accept benefit smile skin city teach establish kitchen government draw fire can character.,Sensor Malfunction,2.2,Under Investigation
INC-01906,SITE-003,2025-01-30,Leak,Low,83.9,Give radio lose minute expert upon carry could best point century much form.,Operator Error,17.0,Open
INC-05116,SITE-005,2024-11-25,Leak,Medium,95.9,Life drive side simply machine me apply buy development tough head purpose listen hear blue build at list practice its TV.,Corrosion,1.9,Under Investigation
INC-00708,SITE-005,08-Jan-2024,Near Miss,Low,90.0,Person various of behavior west before partner station.,Third-party Damage,10.5,Under Investigation
INC-03649,SITE-006,22/07/2024,Fire,Critical,53.8,Culture recently ten tree water share heavy manager.,Third-party Damage,5.0,Closed
INC-04826,SITE-002,2024-05-09,Spill,Low,79.7,Turn away area compare institution yes fill collection road address since.,Operator Error,6.0,Open
INC-05760,SITE-004,2023-07-23,Spill,Medium,70.3,Modern unit water less book system section sea.,Third-party Damage,2.5,Closed
INC-04209,SITE-006,2024-02-26,Spill,Medium,69.6,Million suddenly man want time us not quality throw car prepare after.,Operator Error,3.9,Under Investigation
INC-04606,SITE-003,2024-03-22,Spill,Critical,50.9,Rich history population consumer something real benefit southern still white professor.,,7.9,Open
INC-05726,SITE-005,2024-09-03,Near Miss,Medium,86.3,Unit prevent garden life usually hospital government field church.,Third-party Damage,28.6,Under Investigation
INC-03872,SITE-004,2025-08-15, fire,High,51.8,Suffer behavior seek message similar note.,Valve Failure,14.7,Open
INC-04879,SITE-002,2025-01-14,Near Miss,Medium,67.3,Value any total party soldier kitchen ok memory Congress safe herself money will design.,,10.7,Closed
INC-00308,SITE-004,2024-11-30,Leak,Low,97.2,Manage teacher the huge player.,Valve Failure,6.5,Open
INC-02692,SITE-003,07/12/2023,Equipment Failure,High,45.6,Use Congress maintain school discover hospital much.,Corrosion,1.8,Open
INC-02673,SITE-001,2024-11-02,Spill,Medium,60.6,Stand better draw carry decide.,Corrosion,6.7,Closed
INC-01763,SITE-002,23-Nov-2023,Equipment Failure,Low,89.9,Painting eight pull leader at represent performance black similar mind apply.,Sensor Malfunction,13.8,Open
INC-03569,SITE-004,2025-01-15,Near Miss,crit,42.4,President year fine decade amount win amount player top notice grow name understand your station seem pattern situation thank.,Corrosion,4.9,Under Investigation
INC-05326,SITE-002,2025-03-16,Spill ,Low,77.4,Everybody security out step chance cultural customer.,,9.6,Under Investigation
INC-04311,SITE-003,2024-01-04,Spill,Critical,59.4,Also this billion into fast today again scientist.,,4.1,Closed
INC-00614,SITE-003,10/09/2025,Leak,Medium,68.9,Level measure heart assume president will and degree increase half college.,Material Fatigue,0.6,Open
INC-04679,SITE-006,2024-10-22,Leak,High,52.0,Opportunity dog year production full quite various care use experience.,Third-party Damage,7.0,Open
INC-04979,SITE-006,2025-04-23,Near Miss,Critical,50.9,Mr practice international whole social art at whatever share.,Operator Error,18.7,Closed
INC-04674,SITE-003,2026-06-20,Spill,High,74.4,Letter send task interest similar reason necessary minute.,Corrosion,3.1,Open
INC-03624,SITE-006,27/10/2025,Fire,High,59.1,Pm end often network ask particularly pay character.,Corrosion,2.9,Under Investigation
INC-03134,SITE-005,2023-10-05,Equipment Failure,,88.2,Yeah you bank deep way live television defense any board medical recently.,Material Fatigue,3.8,Under Investigation
INC-03324,SITE-001,06-Nov-2023,Minor Spill,High,65.1,Agree international two speech food she seat production free help.,Valve Failure,3.2,Open
INC-05292,SITE-002,28/01/2025,Near Miss,High,57.2,Or reflect poor wife yet everybody past present far fast.,,15.0,Closed
INC-04999,SITE-005,2025-06-09,Near Miss,,57.7,Maybe leave box everything send chair.,Corrosion,4.8,Under Investigation
INC-05826,SITE-002,2023-09-11,Fire,Medium,81.5,Manage war series last.,Valve Failure,8.3,Closed
INC-04284,SITE-004,2025-04-13T00:00:00Z,Leak,Low,95.5,Song hotel experience let tend south hit.,Operator Error,12.4,Closed
INC-00073,SITE-002,2023-08-26,Fire,Medium,63.5,Require effect big general article whom.,Third-party Damage,5.5,Closed
INC-05708,SITE-001,2023-10-11,Fire,Medium,67.6,Cut fear explain face first argue specific price assume strategy thousand east hear fine goal.,Valve Failure,0.3,Open
INC-02391,SITE-002,2024-11-16,Fire,High,70.6,Too play music challenge consumer age statement.,Third-party Damage,3.0,Open
INC-01020,SITE-006,2025-09-03,Leak,High,59.5,Small every quite be full short TV something mother.,Material Fatigue,17.1,Under Investigation
INC-01063,SITE-004,2023-09-19,Near Miss,Medium,67.0,Practice station bank hour whether.,Corrosion,8.9,Closed
INC-03814,SITE-001,2025-05-01,Equipment Failure,Low,82.9,Account laugh certainly training little see real cup southern place catch couple rule figure media even.,Valve Failure,0.8,Open
INC-03448,SITE-006,2024-07-31,Spill,Critical,60.7,Act believe gun top board middle him unit them one.,Third-party Damage,5.7,Under Investigation
INC-00459,SITE-006,2024-02-04,Leak,Hi,51.6,Certain job though charge realize build allow modern mean degree similar whom safe partner create hand science big here.,Material Fatigue,7.9,Open
INC-00390,SITE-005,2023-10-17,Leak,High,68.1,Serve bank appear despite after seek which newspaper view attention.,,12.5,Closed
INC-03142,SITE-002,2024-07-12,Fire,Low,84.6,Factor TV medical cell safe wind player civil entire improve financial able.,Material Fatigue,3.5,Closed
INC-05176,SITE-005,2025-03-10,Leak,High,50.4,Throughout police heart around hour event car foreign oil simply southern policy TV ask.,Valve Failure,4.6,Closed
INC-03778,SITE-001,2026-04-07,Equipment Failure,Medium,86.8,Husband reality throughout third name usually there.,Third-party Damage,5.1,Open
INC-01239,SITE-006,2026-02-18,Leak,HIGH,73.5,Might contain more himself expert know apply.,Third-party Damage,5.1,Closed
INC-02193,SITE-001,2024-10-19T00:00:00Z,Leak,Low,96.4,Significant stop activity feeling begin along very.,,5.2,Open
INC-00320,SITE-003,2024-09-19,Leak,Critical,54.1,Six popular against whether board hospital source she government put view peace decision follow.,Operator Error,3.5,Open
INC-01924,SITE-006,2025-10-01,Equipment Failure,,32.3,Read wife move card stand fast walk that keep campaign this capital indicate air full quality station.,Corrosion,8.3,Under Investigation
INC-05742,SITE-003,2025-04-13,Leak,High,68.4,Available suggest compare arm kid.,Third-party Damage,14.4,Closed
INC-04308,SITE-003,2025-03-08,Oil Leak,Medium,81.9,Every live traditional may peace force hospital PM like interesting sound myself.,Operator Error,2.6,Open
INC-03905,SITE-003,2023-08-22,near-miss,,81.0,Food board guess court least business fast player week woman community.,Material Fatigue,3.9,Closed
INC-03132,SITE-006,12/16/2025,Equipment Failure,,49.7,Pressure nation first his less.,,4.2,Open
INC-02600,SITE-001,2024-12-02,Equipment Failure,High,61.4,Campaign reach cup discover share election rise executive oil explain.,Third-party Damage,17.9,Closed
INC-05916,SITE-006,09/24/2025,Equipment Failure,Critical,53.6,Woman chair ok last participant.,Valve Failure,9.4,Closed
INC-05195,SITE-001,08/12/2024,Near Miss,Medium,77.7,Piece draw sing with end your down environment he south authority quite.,Sensor Malfunction,6.3,Under Investigation
INC-01017,SITE-002,2025-10-09,Near Miss,Low,87.8,Computer manager eight option amount matter.,Material Fatigue,9.7,Closed
INC-00969,SITE-001,2026-04-12,Equipment Failure,Medium,71.1,Song various air production role.,Sensor Malfunction,4.3,Closed
INC-00808,SITE-005,2024-04-25,Fire,High,49.4,Tax health she animal thus American rate year local western.,,12.6,Under Investigation
INC-00646,SITE-001,2026-04-25,Equipment Failure,Medium,74.6,Pass these center study relate cultural lose test current support add.,Corrosion,4.4,Open
INC-02270,SITE-001,2024-04-19,Fire,High,54.5,Happen like performance under kind view impact major.,Third-party Damage,1.6,Under Investigation
INC-01471,SITE-005,2024-09-07,Spill,Medium,77.0,Ok red under bad site pick whose owner than.,Valve Failure,5.9,Under Investigation
INC-03229,SITE-002,2024-10-29,SPILL,Medium,53.5,Event total customer head analysis catch others.,Valve Failure,1.1,Open
INC-00091,SITE-005,13-Feb-2026,Equipment Failure,Low,74.5,Up their focus myself us partner conference raise data.,Material Fatigue,14.2,Closed
INC-04543,SITE-006,2025-03-10,Fire,High,44.8,Policy Democrat mouth food national try economy west everyone number determine never practice.,Valve Failure,2.2,Open
INC-00684,SITE-003,2026-01-23,Fire,Medium,84.5,Base plan article item provide heavy the create south.,Operator Error,13.0,Closed
INC-02936,SITE-006,2025-08-28,Equipment Failure,medium,67.3,Knowledge school shoulder author public build kind movie attack present.,Operator Error,7.7,Under Investigation
INC-02979,SITE-001,2025-11-19,Equipment Failure,Low,82.4,A whether woman third along within federal rich floor manage person building population hit baby.,,7.0,Under Investigation
INC-03181,SITE-006,2024-12-13,Equipment Failure,Medium,62.7,Inside risk for road community others along air discuss foot laugh list candidate place.,Corrosion,2.0,Closed
INC-03502,SITE-003,2025-08-04,Minor Spill,Critical,21.8,Quality start between indeed win do south community measure since.,Operator Error,10.5,Closed
INC-02378,SITE-001,11-Apr-2026,Near Miss,Medium,76.5,Perhaps indicate treat sound call necessary worker term result strategy.,,13.1,Under Investigation
INC-01453,SITE-002,2024-05-30,Spill,Low,96.6,Senior organization anything investment wind leader house.,Material Fatigue,5.6,Under Investigation
INC-00147,SITE-006,2024-05-12,Leak,,42.4,Team significant next billion into prove plan middle thousand issue exist message.,Material Fatigue,0.9,Closed
INC-01852,SITE-001,2025-03-24,Leak,Low,81.7,Tonight whole approach experience positive black standard agreement grow.,Sensor Malfunction,6.1,Under Investigation
INC-05146,SITE-004,25-Nov-2024,Leak,High,58.1,Heart street hotel least wonder across note race expect attorney few kind about ever.,Material Fatigue,0.3,Open
INC-01179,SITE-001,28-Aug-2023,Equipment Failure,,81.2,Story prepare decision poor hair arrive throughout test meeting along soldier in reason.,,4.6,Open
INC-05103,SITE-005,2025-09-15T00:00:00Z,Spill,Medium,68.7,Attention later firm listen until interesting bar.,Third-party Damage,4.1,Closed
INC-03701,SITE-004,2026-05-02,Equipment Failure,LOW,87.7,Heavy difference former special fact school meet.,Material Fatigue,21.3,Open
INC-02466,SITE-005,2025-02-04,Near Miss,Medium,85.0,Development with exist like design artist answer stage catch.,Operator Error,18.5,Closed
INC-05430,SITE-005,2024-12-05,Fire, medium,73.9,Within candidate onto fight think federal.,Corrosion,5.0,Under Investigation
INC-04527,SITE-002,2026-04-18,Leak,low,88.5,Local citizen my political tough heart turn since note candidate modern behind.,Sensor Malfunction,8.1,Closed
INC-01995,SITE-004,2026-06-10,Fire,,49.3,Answer their wish box score happy leg your fish senior great.,Material Fatigue,9.6,Open
INC-04186,SITE-001,05/07/2025,Equipment Failure,Low,82.4,Case vote read view trip property write friend watch spend radio sort resource night set trial heart camera.,Valve Failure,6.6,Open
INC-04318,SITE-003,25-Jan-2026,Leak,,44.2,Bar mention to use wear everyone should sport effort whose mother paper maybe.,Sensor Malfunction,0.9,Open
INC-02965,SITE-004,2024-08-13,EQUIPMENT FAILURE,Low,91.9,Size necessary Mrs beyond senior federal team tell group professor year three Republican even ability majority open wind term involve.,,6.2,Closed
INC-02661,SITE-003,2025-01-20,Spill,Critical,36.7,Push because admit feel against quality statement difference each history hope step ahead act those her anyone.,Operator Error,6.7,Open
INC-05776,SITE-002,2025-07-11,Leak,Medium,80.1,Model affect trade benefit program write a step mission performance serve color agent.,Corrosion,9.6,Under Investigation
INC-04887,SITE-006,2026-04-25,Near Miss,,71.5,Environmental wall fill partner simply choice effort summer property miss dinner part vote drive policy.,Sensor Malfunction,2.0,Closed
INC-00937,SITE-001,07/02/2026,leak ,medium,67.6,Him week watch computer pattern discussion drug herself color.,Valve Failure,7.9,Under Investigation
INC-00952,SITE-003,2025-03-08,Fire,Low,91.8,Forward attention own.,Valve Failure,9.7,Open
INC-01584,SITE-006,2024-08-18,,High,63.5,Toward born southern huge go feeling write.,,13.2,Closed
INC-01240,SITE-006,2025-08-01,Leak,Critical,57.0,Exactly room I industry structure couple poor maybe none need among several increase group think.,,6.4,Closed
INC-03249,SITE-005,2025-07-23,Spill,Low,75.4,Free serious tell increase argue finish could citizen poor alone able action.,Third-party Damage,4.2,Under Investigation
INC-02255,SITE-004,2024-09-22,Spill,Medium,67.0,Newspaper true imagine to benefit by political discuss place agent sound stop audience.,Operator Error,9.2,Open
INC-00032,SITE-006,2025-01-26,Leak,High,70.4,Around security woman article fight around respond usually these either middle allow former inside you bit moment nothing.,Third-party Damage,0.4,Closed
INC-05419,SITE-001,2025-04-01,Near Miss,High,54.2,Then economic deep also physical force authority.,Material Fatigue,12.5,Open
INC-01261,SITE-001,2025-03-11,Equipment Failure,High,62.4,Such person law try much boy reason later different.,Sensor Malfunction,17.4,Open
INC-04382,SITE-005,01/16/2025,Equipment Failure,Lo,84.3,Data change role scene test somebody page day both drive factor according shake officer.,Third-party Damage,7.1,Closed
INC-00988,SITE-001,2024-01-30,Fire,Medium,82.1,Make if another rate strategy tell say company find particularly suddenly contain friend game.,,19.4,Closed
INC-00276,SITE-005,2023-10-10T00:00:00Z,Fire,High,46.7,Billion and measure Mr new phone strategy remember the appear.,Third-party Damage,14.7,Open
INC-01829,SITE-006,2026-09-30,Leak,Critical,26.5,Offer method term scene plant shoulder.,Valve Failure,1.8,Under Investigation
INC-00056,SITE-006,2024-10-23,Leak,High,63.2,Drive best one debate laugh teacher religious cover.,Third-party Damage,6.3,Open
INC-05645,SITE-006,2024-06-05,Spill,High,67.9,Sell especially matter place data accept.,Valve Failure,2.3,Closed
INC-03616,SITE-001,2023-11-13,Near Miss,Medium,69.8,Manager material address care rate player game then assume phone guess protect painting.,Corrosion,15.3,Closed
INC-03447,SITE-002,2023-08-25,Equipment  Failure,Hi,53.6,Newspaper plan sometimes world middle baby final true provide month garden build month cut skin prove.,Corrosion,0.2,Closed
INC-00024,SITE-006,08-Dec-2023,Leak,Medium,81.7,Worker year ago factor hour write provide church system concern behavior reflect present high effort in decide.,Material Fatigue,3.0,Closed
INC-01042,SITE-003,2025-04-02,Leak,Low,75.0,Vote create road kind ten person worry air property country television clearly arrive.,Third-party Damage,25.7,Closed
INC-04353,SITE-006,2026-03-14,Leak,Critical,46.8,Toward call election scene they article play nor Democrat computer yes message possible know too.,Third-party Damage,3.0,Closed
INC-01607,SITE-003,2024-10-18,Near Miss,Critical,55.2,Try hit ever business item control very.,Sensor Malfunction,15.6,Open
INC-05336,SITE-005,2024-04-18,Near Miss,Medium,69.8,Show outside factor at sound though strong half court soldier time main.,Valve Failure,1.9,Open
INC-02484,SITE-003,2025-07-20,Spill,Critical,49.5,Defense player value it message fast decision.,Corrosion,7.9,Open
INC-02736,SITE-006,2023-11-18,Near Miss,High,69.9,Pass party TV identify board student around.,Operator Error,2.4,Under Investigation
INC-00416,SITE-003,2025-02-14,Leak,Critical,44.8,International million late big onto put marriage on.,Material Fatigue,3.9,Open
INC-03520,SITE-001,2023-10-31T00:00:00Z,,High,59.6,Mother teacher cold teach responsibility less right couple lot third.,Material Fatigue,21.9,Closed
INC-05081,SITE-005,2025-12-06,Equipment Failure,Low,88.6,North best turn evidence light include charge according along billion.,Material Fatigue,3.3,Under Investigation
INC-01202,SITE-003,2025-08-30,Spill,Critical,46.6,Performance stay simple sort level big consumer force door song.,Material Fatigue,11.5,Closed
INC-00561,SITE-003,2025-03-22,Equipment Failure, Critical,47.3,Mother easy sing support allow market whole across.,Operator Error,15.3,Under Investigation
INC-04015,SITE-006,2025-06-11,Leak,Medium,72.5,Woman listen often behavior store figure the onto.,Valve Failure,7.7,Under Investigation
INC-00405,SITE-001,2024-12-06,Fire,Low,79.8,Realize into human wear drop use sister then.,Sensor Malfunction,9.6,Closed
INC-03641,SITE-006,13-Jan-2025,Leak,High,65.8,More different support teacher data father pattern section.,Third-party Damage,2.9,Under Investigation
INC-01545,SITE-004,2026-02-17T00:00:00Z,Fire,low,85.4,Toward cost realize white training land shake tell go federal reason forward.,Valve Failure,8.6,Under Investigation
INC-01199,SITE-004,2024-07-14,Leak,High,62.1,Vote dark rest hospital environmental especially such want including maintain think pressure.,Operator Error,9.2,Closed
INC-04614,SITE-002,2023-11-19,Near Miss,Medium,70.2,Nor star middle may economic before right stay see region force dark.,Sensor Malfunction,7.4,Open
INC-00883,SITE-005,2024-05-18,Near Miss,Lo,95.5,Personal article most serve far.,,9.8,Under Investigation
INC-03146,SITE-004,2025-03-11,Equipment Failure,Medium,65.7,Us hair worker think different whom never young seem.,Operator Error,6.5,Closed
INC-02972,SITE-004,12/01/2024,Leak,,45.3,Claim even employee may with clearly.,,14.7,Open
INC-02837,SITE-001,2023-12-25T00:00:00Z,Equipment Failure,Medium,65.5,Professional radio woman treatment customer economy modern sell crime doctor.,Third-party Damage,14.5,Open
INC-03538,SITE-003,2024-03-22,Fire,,89.9,Matter though professional threat PM more science best game purpose before but.,Valve Failure,7.2,Closed
INC-02189,SITE-002,2025-02-14,NEAR MISS, medium,68.6,Learn interesting type sister forget those treatment then compare air today middle game growth partner.,Third-party Damage,3.4,Under Investigation
INC-02370,SITE-003,2023-10-16,Equipment Failure,High,71.7,Data catch six born rock market executive identify design.,Material Fatigue,3.2,Open
INC-05262,SITE-006,2024-05-25,Near Miss,Medium,74.0,Us prove nice reveal the note pay three message.,Material Fatigue,9.3,Under Investigation
INC-03840,SITE-002,2025-10-15,Fire,Low,100.0,Ok fact manager American thing knowledge surface family soon effort.,Corrosion,2.2,Closed
INC-05974,SITE-006,2025-04-24,Leak,critical,23.3,Organization owner truth character recent our black major other two tree place vote choice.,Operator Error,3.4,Closed
INC-01751,SITE-003,2025-07-15,Equipment Failure, Low,80.6,Community nature lead bed identify around somebody full.,Third-party Damage,7.1,Closed
INC-02407,SITE-003,2024-08-15,Near Miss,Critical,42.2,Fire city sing Democrat scene wide myself.,Sensor Malfunction,12.3,Closed
INC-01540,SITE-002,02-Sep-2025,Fire,High,65.1,Congress two per she decision anyone.,Material Fatigue,17.7,Closed
INC-02725,SITE-003,2024-07-23,Leak,Critical,21.6,Project get politics.,Corrosion,5.9,Under Investigation
INC-05639,SITE-004,2026-02-09,Spill,High,76.0,Guess individual study process at central look.,Sensor Malfunction,7.5,Open
INC-00846,SITE-006,2024-10-10,Spill,High,64.6,Us indeed clear stop even audience risk time there involve.,Operator Error,1.1,Open
INC-01599,SITE-004,2024-04-30,Near Miss,Critical,-0.5,Must director according own require team.,Material Fatigue,3.8,Open
INC-01654,SITE-006,2025-08-03,Leak,High,56.3,Dinner outside run media station one mind even reason pay truth piece third.,Corrosion,19.8,Under Investigation
INC-03651,SITE-001,2026-03-12,Leak,,55.0,Practice cup him discussion Republican.,,7.8,Open
INC-05541,SITE-001,2026-08-20,,Low,86.5,Company research cause through than and best.,Corrosion,2.5,Closed
INC-01917,SITE-006,09/04/2024,Spill,Medium,77.0,Live because project language skin return her international possible least teach wish.,Material Fatigue,4.3,Open
INC-01908,SITE-002,2023-09-26,Near Miss,Critical,27.3,Ago sense same why stand one fish son.,Operator Error,0.8,Under Investigation
INC-05434,SITE-002,2024-03-13,Spill,High,45.4,Item appear time myself.,Valve Failure,4.1,Closed
INC-00262,SITE-004,2023-08-19,Equipment Failure,Low,91.5,Brother each team already me arrive front marriage.,Valve Failure,26.4,Under Investigation
INC-04177,SITE-003,2026-02-15,Near Miss,Low,87.2,World reduce right half return city number relationship test character benefit need hot.,,14.1,Open
INC-05345,SITE-006,2024-04-10,Fire,Critical,35.1,Along father game save result nearly require north institution involve anyone manager little professor media allow main hospital.,Valve Failure,19.1,Open
INC-01874,SITE-002,30/12/2024,Near Miss,Med,79.9,Toward people doctor story difference thank song public arrive.,Material Fatigue,5.1,Closed
INC-03204,SITE-003,2025-03-20,Spill,Medium,70.3,Thus standard analysis democratic thing compare financial history hand his truth outside.,Sensor Malfunction,1.7,Closed
INC-05694,SITE-005,11-Nov-2025,Equipment Failure,Low,83.5,Onto professor board some media anyone religious.,Third-party Damage,3.6,Under Investigation
INC-04258,SITE-004,2025-08-15,Near  Miss,Low,86.5,Across child fly high news series contain tend.,Third-party Damage,8.6,Closed
INC-01007,SITE-003,2023-11-14,Near Miss, medium,77.6,Person opportunity available really trade service meeting.,Operator Error,1.4,Under Investigation
INC-00770,SITE-002,2025-11-21,Fire,Low,95.1,Wall beautiful relationship per center.,Corrosion,8.4,Closed
INC-04870,SITE-001,2023-07-26,Spill,,68.1,Short under recognize show friend free any kid have.,Valve Failure,23.8,Open
INC-03827,SITE-001,2024-06-16,Equipment Failure,,62.2,Interest couple miss choice sure election.,Material Fatigue,5.1,Open
INC-00008,SITE-006,19-Apr-2024,Equipment Failure,Critical,31.2,Mouth participant move sign usually.,,1.0,Under Investigation
INC-03866,SITE-005,2026-06-13,Equipment Failure,Low,90.4,Improve try answer they three reveal community eat ok degree address today nor put single along.,Operator Error,2.2,Under Investigation
INC-01491,SITE-001,2024-06-21,Equipment Failure,Medium,69.2,Always thought peace book available.,,0.4,Open
INC-03704,SITE-005,2025-08-30,Near Miss,Medium,82.9,Pick star better over smile seem summer seek information anyone speech adult friend thus be these.,Sensor Malfunction,1.7,Under Investigation
INC-05778,SITE-006,2025-11-27,Fire,High,73.8,Picture inside interest risk memory reduce point past involve house.,Material Fatigue,16.7,Open
INC-04946,SITE-003,2025-03-21,Fire,High,75.4,Cost security name wait happy read.,Valve Failure,9.6,Closed
INC-02664,SITE-003,2026-06-20,Equipment Failure, medium,80.3,Sea garden successful audience car agreement listen effort face see watch question.,Material Fatigue,13.3,Open
INC-03838,SITE-003,2025-04-25T00:00:00Z,Oil Leak,Critical,47.3,While serve yet person agree training effect cell plant room.,Operator Error,3.7,Closed
INC-02718,SITE-002,2026-05-22,Equipment Failure,Medium,83.1,Young foot history special of house course while customer attention.,Corrosion,4.1,Open
INC-02670,SITE-002,2025-08-21,Spill,,63.1,Recently morning agent forward follow late face.,Third-party Damage,2.1,Open
INC-01885,SITE-006,2023-10-31,Leak,Critical,31.9,Personal magazine stage billion guy activity physical future adult newspaper lead with now.,Operator Error,5.1,Under Investigation
INC-03781,SITE-003,30-Jul-2023,Near Miss,Critical,29.1,Rest trial almost religious member.,Third-party Damage,8.6,Open
INC-01148,SITE-006,2026-02-27,Near Miss,High,58.6,Executive fund we pick new return view.,Third-party Damage,2.5,Closed
INC-00698,SITE-003,2025-10-14,Near Miss,Medium,72.3,Type kitchen employee realize few sometimes.,Material Fatigue,5.6,Open
INC-05416,SITE-002,2026-02-07,Spill,Critical,34.9,Act suffer bar very south business dog candidate land tax score result expert want turn still rock culture land.,Sensor Malfunction,1.7,Open
INC-02830,SITE-006,2025-05-03,Leak,Critical,30.4,Animal state especially employee north plan.,,13.5,Closed
INC-00127,SITE-004,25/09/2023,Fire,medium,80.4,Son money easy growth I save claim address western.,Corrosion,9.1,Closed
INC-03201,SITE-003,2025-01-15,spill,Medium,70.4,Left surface several whatever local total.,,7.1,Open
INC-03182,SITE-004,2024-07-31,Leak,Medium,74.6,South environmental truth box whole behind yourself everyone among great try affect.,Sensor Malfunction,1.5,Closed
INC-02075,SITE-002,26/02/2026,Spill,Medium,69.0,Why see five former become why kind themselves.,Valve Failure,9.1,Closed
INC-00516,SITE-003,2025-02-18,Leak,Medium,75.5,Age goal require hand so human send fact.,Material Fatigue,6.0,Closed
INC-04051,SITE-004,2026-04-13,,High,41.3,Reach sense knowledge affect should bad building herself message agency throughout member fill meeting door candidate.,Operator Error,13.5,Under Investigation
INC-05917,SITE-005,2024-01-11,Near Miss,Low,89.5,Cultural dream while never again leg without.,Material Fatigue,4.8,Under Investigation
INC-01640,SITE-002,2026-06-26,Fire,Medium,85.3,Nor their her billion believe partner loss.,Third-party Damage,7.5,Closed
INC-00197,SITE-006,2025-01-09,Near Miss,High,55.1,Garden choice performance out son process.,Valve Failure,7.4,Open
INC-02324,SITE-006,21/02/2026,leak ,High,50.5,Base let exist change give half laugh final week whatever no trouble become future various consumer strong.,,3.2,Open
INC-05479,SITE-006,19/11/2025,Spill,Medium,86.6,Woman smile personal surface peace grow chance professional standard effect.,Sensor Malfunction,3.5,Closed
INC-00132,SITE-001,2023-08-28,,Low,85.9,Artist beat others if upon town recent number day director care newspaper town.,Sensor Malfunction,10.9,Under Investigation
INC-00729,SITE-005,2026-06-08,Fire,Medium,83.7,Simply test page network note thing entire stage concern clear conference those involve rise improve must our.,Sensor Malfunction,8.3,Under Investigation
INC-04953,SITE-001,2025-08-19T00:00:00Z,Equipment Failure,Low,92.4,Can policy type guess rich.,Third-party Damage,14.7,Open
INC-05408,SITE-005,12/30/2023,Spill,Medium,74.9,Group trial although high news company single.,Operator Error,6.7,Open
INC-05735,SITE-002,2024-01-06,Near Miss, High,61.7,Voice clearly song inside.,Operator Error,9.2,Closed
INC-03453,SITE-005,11/04/2025,Equipment Failure,Med,70.7,Task before clearly only.,Third-party Damage,8.7,Closed
INC-01525,SITE-002,2023-08-06,Fire,,89.3,Develop when picture rock cost kitchen certain house type hour tree government across of anyone teach.,Third-party Damage,4.7,Under Investigation
INC-05945,SITE-001,2025-11-20,Spill,High,65.5,Child ball note one professional know car each identify cold sign simple million only with card world.,Sensor Malfunction,3.6,Under Investigation
INC-00641,SITE-003,2024-10-16,Spill,Critical,25.4,Wind ball city others argue stay interest audience school what blood water.,Corrosion,12.8,Open
INC-05875,SITE-004,2024-10-15,Equipment Failure,MEDIUM,77.6,Measure interview enjoy card suddenly wrong baby claim while no operation.,Third-party Damage,8.1,Under Investigation
INC-02445,SITE-006,2026-03-20,Spill,Low,92.1,Particular whatever trip age let interview foreign low ground deal international.,Operator Error,10.2,Open
INC-00567,SITE-003,2026-02-11,Spill,Medium,80.8,Benefit only hold actually everything throw claim process center entire state easy carry few.,Valve Failure,7.5,Closed
INC-02342,SITE-004,2025-01-19,Fire ,Medium,73.4,Take modern pull another if matter statement yard cut.,Corrosion,6.9,Open
INC-01475,SITE-004,2025-07-21,Near Miss,Medium,87.1,Down product get member everything just institution quality contain.,Operator Error,4.7,Open
INC-01610,SITE-002,2025-11-23,Spill,Medium,63.3,Scientist want player company trade foreign front reality city audience difference much rich least explain even science.,Valve Failure,17.3,Open
INC-03436,SITE-001,2025-08-06,Spill,LOW,83.2,Peace meeting report government toward.,,4.8,Closed
INC-01095,SITE-004,2024-07-03,Near Miss,,71.4,Of issue should raise east.,Material Fatigue,1.6,Closed
INC-01847,SITE-005,2024-05-13,Spill,Critical,48.4,Yes term him care nature then organization think value themselves business never.,Material Fatigue,1.7,Under Investigation
INC-05962,SITE-001,2025-03-19,Equipment Failure,Medium,63.5,Law successful government decade use point walk.,,2.6,Open
INC-01652,SITE-002,2026-07-23,LEAK,Low,88.6,Simple including similar person final operation manage.,,21.8,Closed
INC-05852,SITE-004,09-Sep-2025,,Critical,-0.5,Low medical face relate police already beautiful purpose world less seek somebody always.,Corrosion,6.6,Under Investigation
INC-03553,SITE-004,2025-01-09,Spill,Medium,77.7,Follow thought report toward pass person land claim write might south.,,17.5,Under Investigation
INC-00559,SITE-003,2024-05-25,,High,62.2,Agent response series newspaper scene amount herself decision resource each military who participant.,Material Fatigue,7.4,Closed
INC-01804,SITE-006,2025-05-27,Leak,,42.1,Town here deal admit worker exactly table walk grow her.,Material Fatigue,8.8,Open
INC-00198,SITE-005,2024-12-03,Fire,Low,80.7,War big exist above store finish just decade what picture.,Valve Failure,9.0,Closed
INC-03347,SITE-006,2024-01-10,Leak,High,67.4,Office night onto recognize reality wife case let try language article happen adult set people office.,Valve Failure,15.7,Open
INC-05270,SITE-004,2023-12-31,Equipment Failure,Low,85.1,Enjoy national after majority suddenly peace case whether fight feeling.,Sensor Malfunction,0.9,Closed
INC-02191,SITE-004,2023-11-18,Spill, High,52.9,Pressure fall production rest until including upon.,Material Fatigue,2.5,Closed
INC-04132,SITE-005,2025-11-27,Equipment Failure,Hi,84.6,Court eight dark fear notice drug research health meeting research after guess pick western own crime worry policy law.,Material Fatigue,12.4,Open
INC-03787,SITE-005,13/06/2025,Spill,Low,84.9,Still radio indicate glass mission summer great get loss difficult.,Operator Error,4.0,Under Investigation
INC-01773,SITE-003,2024-07-04,Leak,CRITICAL,56.3,Left to range charge place decade character north low.,Material Fatigue,3.6,Open
INC-01468,SITE-005,2026-04-28,Near Miss,High,65.0,Development yourself personal thought.,Corrosion,6.4,Under Investigation
INC-02281,SITE-002,2023-10-05,Near Miss,,82.8,Event gas wish whom season western both other memory debate possible majority plant debate approach care.,Sensor Malfunction,5.6,Under Investigation
INC-05663,SITE-005,2026-07-05,Near Miss,Low,100.0,News interesting try pull easy really key technology relationship.,,3.7,Open
INC-01565,SITE-005,2023-09-05,Near  Miss,High,62.4,Standard add could skin structure night character.,Sensor Malfunction,3.1,Under Investigation
INC-03694,SITE-001,2024-10-25,Near  Miss,Critical,58.2,Within travel smile may laugh often participant can capital treatment ok glass lose arm however collection future those.,Corrosion,6.1,Under Investigation
INC-02349,SITE-001,2025-11-21,Fire,Low,88.0,Employee inside around respond tell senior prevent often break head account.,Operator Error,3.6,Open
INC-01010,SITE-001,2026-02-28,Equipment  Failure,Medium,73.2,So reason time be relate bar community thousand whole school outside eye such.,Valve Failure,4.4,Closed
INC-02012,SITE-002,2024-02-24,Spill,Low,78.3,Mrs nice live article apply gun common good.,Sensor Malfunction,8.9,Open
INC-04820,SITE-001,2023-08-23,,Medium,72.2,Attack blue senior break accept much glass stock say authority.,,11.3,Closed
INC-05992,SITE-003,07/10/2025,Leak,High,58.2,Chair despite general but thought.,Corrosion,5.8,Open
INC-05995,SITE-003,2024-05-06,Fire,High,43.0,Cell deep cultural break appear thus we program attorney.,Operator Error,4.3,Closed
INC-03567,SITE-002,2026-06-21,Equipment Failure,Low,88.1,Necessary study the itself half along sell operation friend apply worker present lot near time black.,,2.6,Open
INC-04192,SITE-001,2023-11-05T00:00:00Z,Equipment Failure,Medium,67.2,Any capital sort smile feel provide college be yourself fund fall.,,11.1,Open
INC-01947,SITE-002,2025-09-05,Leak,High,64.0,Kind court his fight.,Valve Failure,4.4,Under Investigation
INC-05796,SITE-004,2024-12-10,Equipment Failure,Low,95.0,Scene American care property everything size woman discuss system situation source traditional.,Valve Failure,7.5,Under Investigation
INC-02933,SITE-002,2025-08-22,Equipment Failure,Medium,71.7,Eat number process decide ask camera fly memory message especially again need not back glass local seek sport.,Operator Error,6.7,Closed
INC-01499,SITE-005,2024-12-26T00:00:00Z,Near Miss,Medium,76.7,Agreement truth cut painting.,Corrosion,4.9,Under Investigation
INC-05316,SITE-004,2024-01-03,Near Miss,Low,104.0,Visit story college amount meet take common benefit role.,,9.8,Open
INC-03728,SITE-003,27-Nov-2024,Spill,Critical,21.3,He along write recently job knowledge culture century specific.,Operator Error,11.4,Under Investigation
INC-03811,SITE-004,2023-07-27,Leak,Critical,38.7,Artist despite chair skill food voice which.,Material Fatigue,7.8,Closed
INC-04724,SITE-004,2024-03-03,Near Miss,High,60.8,Wall question teach reflect dog behind listen where.,Corrosion,5.7,Under Investigation
INC-01176,SITE-005,05/16/2026,SPILL,Medium,83.3,Even father process century time meeting thus before.,Operator Error,6.6,Open
INC-03092,SITE-005,2026-06-14,Near Miss,High,52.5,Arrive rest exist country nice we beautiful program ago available source show somebody may clear kid.,Operator Error,6.0,Closed
INC-00340,SITE-004,01/31/2024,Near Miss,Low,81.8,True relate employee.,Operator Error,5.4,Open
INC-04667,SITE-004,2025-12-04, spill ,Medium,79.1,The state course buy that employee walk language court man.,Corrosion,6.5,Under Investigation
INC-03422,SITE-003,2025-10-30,Equipment Failure,High,67.2,Yet teach experience third service stock.,Corrosion,6.5,Closed
INC-03815,SITE-005,2024-03-01,Near Miss,Critical,61.2,Real reason forward month ever movie six realize eight also black which sound notice.,Valve Failure,6.4,Closed
INC-02971,SITE-005,2024-10-31,Equipment Failure,Low,88.7,Put heavy avoid myself huge last rock past specific whatever lead seek good political deal area race away recently positive.,Sensor Malfunction,6.6,Closed
INC-02619,SITE-002,2025-08-14,Near  Miss,Low,90.7,Letter clearly week safe reflect expert.,,5.7,Closed
INC-00677,SITE-001,2024-06-01,Spill,Low,84.5,Allow speech agreement someone agreement build.,Material Fatigue,17.4,Open
INC-01831,SITE-001,2024-07-05,Equipment Failure,Medium,69.7,Democrat wonder and project skill bed.,Sensor Malfunction,23.8,Under Investigation
INC-04233,SITE-006,2026-03-25,Near Miss,Medium,70.4,Pm director compare include seem star her sister today consider defense expert challenge nothing cultural.,Material Fatigue,12.7,Open
INC-05185,SITE-003,04/22/2024,,Medium,79.7,Own positive push region line record.,,19.4,Open
INC-03421,SITE-005,2025-06-28,Near Miss,,62.2,Risk against movie he laugh season trial data realize.,Third-party Damage,24.0,Under Investigation
INC-05092,SITE-006,2024-08-28,Spill,Medium,63.1,Hot movie at Democrat lead public by school apply official how his adult experience race choose.,Operator Error,9.1,Open
INC-03133,SITE-001,2025-12-25,Near Miss,Low,100.0,Account much quality price rather all wish suddenly peace science debate simple.,Corrosion,3.8,Closed
INC-02723,SITE-003,2023-09-06,Leak,Low,100.0,Stay throughout rock off however short voice leave onto now purpose watch foreign general.,,7.2,Open
INC-00983,SITE-003,2024-06-02,Equipment Failure,Critical,56.6,Direction study generation dark company more structure really laugh last.,Valve Failure,6.7,Closed
INC-03958,SITE-001,2024-02-23,Equipment Failure,High,44.7,System hard political agree practice near would poor establish only.,Corrosion,4.0,Open
INC-04602,SITE-005,2026-03-10,Leak,High,59.9,Before themselves item exist second opportunity ok.,Sensor Malfunction,4.6,Closed
INC-04102,SITE-003,31-Mar-2025,Leak,High,62.0,Material charge wear few election response social well from blood.,Corrosion,0.3,Under Investigation
INC-00960,SITE-002,2026-06-15,Spill,,60.1,Wind card page store between blue rate law court reflect cell easy how reason forward.,Sensor Malfunction,2.0,Open
INC-04961,SITE-006,2024-09-26,Leak,Critical,56.9,More management study theory along.,Sensor Malfunction,2.1,Closed
INC-01750,SITE-002,2026-04-06,Near Miss,Medium,-5.0,Again understand quality card employee budget those north keep interest anything travel.,Third-party Damage,4.5,Under Investigation
INC-02447,SITE-004,2025-09-26,Equipment Failure,Medium,74.3,Research figure near chair production real.,Valve Failure,5.4,Open
INC-03950,SITE-003,2024-08-17T00:00:00Z,Leak,Critical,36.5,Training peace meeting age both couple member impact happy data south western.,Sensor Malfunction,4.6,Under Investigation
INC-02057,SITE-003,14/08/2025,Equipment Failure,Critical,33.0,Organization early add nice little sport.,,1.1,Under Investigation
INC-05383,SITE-001,02/25/2025,Fire,Low,94.9,Table prevent why cultural.,Corrosion,9.6,Under Investigation
INC-00134,SITE-003,2026-02-09,Fire,Low,70.4,Southern campaign degree authority miss.,,4.8,Under Investigation
INC-01662,SITE-006,12-May-2026,leak,High,37.7,Section American rest process what crime partner million structure.,Sensor Malfunction,2.2,Under Investigation
INC-05410,SITE-003,2025-08-15,Near Miss,High,52.4,Movement difficult off power occur he court understand later remember produce force management.,Third-party Damage,5.3,Open
INC-01658,SITE-002,2025-03-31,Spill,Medium,82.8,Much report any ground report individual big thing language else early dog live of old simple itself manage.,Third-party Damage,10.4,Open
INC-04858,SITE-003,2023-12-10,Fire,Critical,35.8,Cause thought beyond.,Operator Error,11.4,Under Investigation
INC-04800,SITE-005,2026-01-14,Equipment Failure,,66.3,Figure activity method probably full where spring line hand raise charge office upon expect sister nearly.,,3.8,Under Investigation
INC-01577,SITE-005,2024-11-14,near-miss,Medium,78.6,Eat much human better suffer than indicate result race between gun cost wide.,Valve Failure,8.0,Open
INC-00916,SITE-001,2026-06-23,Fire,Low,83.2,Role bar board off remember close walk such gas.,Valve Failure,2.1,Open
INC-04310,SITE-001,2025-12-19,Near Miss,low ,86.6,Expert save behavior parent smile situation herself.,,2.7,Under Investigation
INC-05530,SITE-003,2025-12-27,Spill,Critical,44.3,Fire history mention carry boy under.,Corrosion,12.0,Open
INC-01381,SITE-001,2025-10-27,Leak,Critical,62.7,Material they assume son remain today benefit idea establish think issue player beyond food learn act night which.,Sensor Malfunction,4.2,Open
INC-00168,SITE-003,2023-10-10T00:00:00Z,Spill,Critical,33.4,Term through throw your by be toward join then out scientist skill.,Third-party Damage,2.4,Open
INC-01181,SITE-006,2025-09-08,Fire,Critical,29.8,Media a garden thank difficult great eat forget phone.,Corrosion,4.6,Closed
INC-02867,SITE-005,2024-06-26,Near Miss,,82.3,Final wall media gas story expert social set require.,Operator Error,17.6,Under Investigation
INC-05871,SITE-005,2026-03-14,Spill,HIGH,64.2,Finish yet try southern stay no western morning energy population.,Operator Error,5.2,Under Investigation
INC-05768,SITE-004,2025-09-15,Leak,Low,83.0,Apply recognize place relationship result possible few including last.,Third-party Damage,4.5,Under Investigation
INC-01136,SITE-004,11/13/2025,Near Miss,Medium,78.6,Music too occur season stand want figure leave school life important put close.,Operator Error,8.9,Closed
INC-02022,SITE-002,2024-06-20,Near Miss,,74.0,Form can west by station.,,14.3,Under Investigation
INC-05643,SITE-004,2024-04-13,Equipment Failure,Medium,72.1,May mission them total medical accept debate mother some detail idea early should interest imagine over get national.,Material Fatigue,11.8,Closed
INC-00725,SITE-006,2025-03-19,Spill,High,58.7,Most lay recently approach without worker movement full foot.,Third-party Damage,15.3,Open
INC-02944,SITE-002,2024-12-11,Fire,High,66.4,Place tonight law assume establish team join eye prepare.,Sensor Malfunction,15.9,Open
INC-05128,SITE-006,2025-07-06,Leak,Critical,34.3,Decide experience others civil move task message his finally party morning minute letter whatever evening.,Material Fatigue,8.6,Open
INC-00628,SITE-003,2025-12-21,Fire,Critical,32.4,Popular next man somebody rock might I.,Valve Failure,12.6,Under Investigation
INC-02947,SITE-005,2025-02-01,Spill,Critical,41.1,Ground in give should place paper war.,Corrosion,0.4,Open
INC-03253,SITE-004,2025-10-06,Leak, High,59.0,Behavior admit condition company between choice new exist fund car level manage.,Operator Error,9.7,Closed
INC-02919,SITE-005,2025-12-26, fire,High,63.1,Receive season measure Congress analysis factor garden data billion local above strategy.,Operator Error,17.2,Open
INC-03810,SITE-001,10-Oct-2025,Equipment Failure,Low,88.7,Agency like marriage pick big building east pick attack staff according whole.,,8.8,Open
INC-04885,SITE-003,2026-04-09T00:00:00Z,Leak,Medium,74.8,Computer buy trade buy tax rather hold kid focus benefit process.,,0.7,Under Investigation
INC-04863,SITE-003,2025-12-08,Leak,High,46.0,Firm author fly many ground.,Corrosion,14.3,Open
INC-05577,SITE-005,2023-12-20,Spill ,Low,93.8,Result system early parent democratic pattern number although down deal former.,Third-party Damage,2.2,Under Investigation
INC-05985,SITE-006,29/10/2023,Near Miss,High,60.5,Thousand against agency use successful whose Democrat dream side head customer.,Sensor Malfunction,2.3,Closed
INC-04844,SITE-003,2025-01-21,Spill,Critical,31.1,One road recent region tend newspaper operation.,Material Fatigue,9.5,Closed
INC-04241,SITE-005,2024-12-05,Near Miss,Critical,45.4,Sit information opportunity article discuss affect woman training add discussion resource part win.,Sensor Malfunction,13.1,Under Investigation
INC-04054,SITE-006,2025-05-18,Leak,Medium ,66.6,Attorney pretty sometimes establish appear add care mouth whatever finally recognize phone majority stage.,,8.7,Under Investigation
INC-05956,SITE-002,2026-02-06,EQUIPMENT FAILURE,,91.7,Imagine approach choose development must film amount range mission especially situation.,Corrosion,5.2,Under Investigation
INC-00445,SITE-001,2025-04-07,Fire,Low,78.7,Purpose action play change wrong across artist draw.,Corrosion,8.3,Closed
INC-01795,SITE-004,2023-12-12,Near Miss,Critical,47.3,Unit eat test people administration along city road.,Valve Failure,5.6,Open
INC-05472,SITE-005,2025-03-29T00:00:00Z,Leak,Medium,68.0,No office argue meeting moment role including role kid subject own allow throw.,Valve Failure,4.5,Under Investigation
INC-05290,SITE-005,2025-04-16,Near Miss,,86.3,There with character common scene environmental nice well decade pretty art build brother.,Operator Error,9.3,Open
INC-04778,SITE-005,2025-12-24,Equipment Failure,Low,85.5,Decade summer current really alone positive per matter.,Operator Error,2.9,Closed
INC-00634,SITE-004,2026-01-02,Equipment Failure,Medium,77.3,Word former stuff book brother list less more husband increase quality catch.,Third-party Damage,1.1,Under Investigation
INC-02645,SITE-002,2026-02-27,Leak,Low,88.2,Should hundred across peace themselves make.,,8.1,Closed
INC-00563,SITE-006,2025-12-11,Equipment Failure,High,61.4,Human three traditional others exist poor model clearly state protect as item six such force become determine enough.,Operator Error,4.8,Open
INC-01879,SITE-001,2025-07-24,Near Miss,High,59.8,Eye choice pick staff party worker decide amount use sell.,Operator Error,5.2,Open
INC-00930,SITE-005,2025-08-01,Equipment Failure,Low,80.8,End want laugh score decision check sound Congress none police than culture.,Corrosion,11.1,Open
INC-03342,SITE-004,2026-02-06,Fire,Critical,41.8,Understand suggest history certain cut among son form never risk.,Valve Failure,8.4,Closed
INC-05179,SITE-003,2024-08-18,Leak,Medium,-12.3,Citizen whether gas determine finish.,Valve Failure,4.2,Under Investigation
INC-03401,SITE-001,2025-03-25,Equipment Failure,High,56.9,Surface student rule majority lay really stuff nature charge concern century yourself environmental.,Operator Error,14.1,Open
INC-05803,SITE-004,2024-09-28,Equipment Failure,Medium,78.4,Drug woman modern loss receive baby security enter story.,,12.2,Closed
INC-00038,SITE-004,2025-12-21,Spill,Low,81.0,War financial design share born old pressure answer race eye.,Material Fatigue,6.4,Open
INC-00234,SITE-006,2026-03-24,Equipment Failure,High,39.6,Several throughout history hair education specific Republican leader million spring difference summer leader low type.,Third-party Damage,13.5,Open
INC-05514,SITE-006,2024-12-03,Leak,High,83.7,Account way miss before may care through production many big culture statement.,Corrosion,5.1,Open
INC-02703,SITE-003,2024-04-23,Spill,High,62.4,Quality several popular back continue world campaign exactly professor too.,Corrosion,5.8,Closed
INC-02427,SITE-006,2023-11-25,Near Miss,Critical,40.5,Hold choice think another.,,12.7,Under Investigation
INC-01516,SITE-006,2023-09-14,Equipment Failure,Hi,47.7,Fund it history history family common food attack anyone experience candidate author spend newspaper economy guy model bring.,Material Fatigue,3.5,Open
INC-04172,SITE-001,2025-05-16,Equipment Failure,medium,69.8,His me at whole night she.,Sensor Malfunction,21.9,Open
INC-01147,SITE-004,2024-03-29,Near Miss,Low,87.8,Near thought so raise later happen near by cause woman shoulder response man pattern leader.,Material Fatigue,5.0,Under Investigation
INC-03050,SITE-002,2024-10-12,Fire,low,87.8,Say mouth land scene three bill skill job measure win rest radio plan pressure.,Third-party Damage,2.1,Under Investigation
INC-00884,SITE-001,2025-10-05,,low ,92.4,Hospital keep two watch develop benefit wall reach professor bill way open see contain community eat lead.,Third-party Damage,4.5,Open
INC-02049,SITE-006,2023-08-11,Near Miss,Critical,47.6,Film stock miss second thought at represent include lot.,Valve Failure,13.6,Under Investigation
INC-02754,SITE-001,2025-05-22,Spill,Low,94.5,Recently public half trade data field work local including practice cultural member project attorney these try tax class east.,Sensor Malfunction,1.1,Closed
INC-03099,SITE-006,2025-06-04,Spill,Low,88.8,Special hundred threat return son stand plan same series oil black lead senior leave cause.,Material Fatigue,5.9,Open
INC-00101,SITE-002,2025-05-18,Near Miss, High,74.8,Already meeting nothing maybe including.,Third-party Damage,7.4,Open
INC-01426,SITE-003,2024-12-01,Near Miss,Critical,24.8,Director bag party next technology left various education conference.,Third-party Damage,4.6,Open
INC-03016,SITE-005,2024-06-15,Near Miss,Medium,67.9,Team hope international avoid now find he stage feel case because clear attention about.,,7.1,Open
INC-02785,SITE-006,02-Dec-2024,Leak,High,58.8,Thus stage rise trouble democratic.,Third-party Damage,13.6,Closed
INC-02643,SITE-006,03-Jan-2026,spill,High,52.4,Especially southern executive whole create.,,8.3,Closed
INC-04556,SITE-006,2025-12-09,Spill,High,49.4,Night well mean claim value concern marriage court value assume occur action during feel decide throughout fund resource media.,Operator Error,3.9,Open
INC-01145,SITE-003,2026-09-22,Spill,crit,54.6,Cause church authority doctor by involve cultural realize success model amount early.,Corrosion,17.1,Open
INC-00715,SITE-005,2023-08-11,Leak,Low,96.4,Natural again whatever hundred water talk card already.,Material Fatigue,1.9,Open
INC-05167,SITE-002,2025-02-08,Near Miss,Critical,38.8,Perhaps born within without good every away.,Material Fatigue,1.5,Closed
INC-00108,SITE-006,2026-01-28,Equipment Failure,Low,88.0,Day special by have finally my hold list leave.,,0.9,Closed
INC-04871,SITE-006,2023-09-17,near miss,Crit,47.8,Evidence see policy budget skin traditional already us cover weight here voice.,Sensor Malfunction,15.5,Open
INC-05758,SITE-003,2024-07-14,Near Miss,Critical,50.1,Out really matter issue television letter.,Third-party Damage,10.0,Open
INC-00597,SITE-005,2024-05-20,Leak,Medium,75.5,Once organization military young important role notice method factor.,Valve Failure,3.9,Closed
INC-03228,SITE-003,2024-11-13,Near Miss,Medium,79.1,Level take report she help young major policy have.,Corrosion,8.8,Under Investigation
INC-03403,SITE-004,21/07/2024,Near Miss,High,53.7,Itself necessary no throw move truth economic answer couple easy.,Material Fatigue,5.9,Open
INC-03154,SITE-006,2025-07-19,Spill,Low,99.3,Live man space fight identify wait much new factor.,Valve Failure,5.6,Open
INC-03835,SITE-006,2023-09-03,Spill,Critical,39.0,Behind benefit new morning year might note administration ask environmental dream state agree.,Sensor Malfunction,11.7,Open
INC-05132,SITE-004,2024-10-06,Fire,Low,83.7,Traditional once ground next computer central challenge easy.,Material Fatigue,3.0,Under Investigation
INC-02184,SITE-003,2025-01-24,Leak,Critical,47.8,Final continue mother next these suffer guess my land likely line.,Sensor Malfunction,6.8,Closed
INC-05589,SITE-003,2025-11-25,Leak,High,58.8,Cover number small beat lay sense like whose.,Corrosion,4.8,Closed
INC-01297,SITE-003,2023-09-16T00:00:00Z, spill ,High,51.3,Himself think off away wide store single show rather partner hair reveal bring marriage out.,Third-party Damage,7.8,Under Investigation
INC-00429,SITE-005,2025-10-06,Fire,Medium,71.2,Go shoulder room benefit player life off such product.,Valve Failure,3.1,Closed
INC-01382,SITE-004,2025-05-20,Spill,High,53.9,Consider fight style five south reason position marriage race.,Corrosion,8.4,Open
INC-05830,SITE-002,2025-01-29,Leak,Low,97.5,Trial site land choice eat mean million trade TV live commercial baby wrong agree where myself alone.,Valve Failure,21.0,Open
INC-04225,SITE-006,2026-02-15,Equipment Failure,Medium,63.8,These us whole concern form center crime material red.,Operator Error,6.3,Open
INC-05211,SITE-002,2024-05-28,Fire,high,60.7,Budget if yes order write score lawyer could none move arm chair quickly real role.,Sensor Malfunction,17.8,Under Investigation
INC-04056,SITE-003,2025-01-25,leak ,High,56.6,Sport standard dog than poor step down house house.,Operator Error,1.4,Closed
INC-02102,SITE-003,2023-10-02,Spill,Critical,42.6,Raise treatment head guess during who they and traditional cover network level story into.,,3.4,Closed
INC-03561,SITE-006,2025-07-08,Leak,High,52.6,Democrat high hard man reality issue book pressure space.,Sensor Malfunction,14.3,Open
INC-03488,SITE-003,2024-10-25,Leak,High,71.8,Huge stock information seat she social guy executive bed local.,Operator Error,11.8,Closed
INC-01409,SITE-002,2026-04-14,Near Miss,High,104.0,End scientist job court cultural.,Valve Failure,16.4,Under Investigation
INC-01389,SITE-001,2024-06-19,Equipment Failure,Low,82.4,Someone partner magazine reduce seven amount doctor set probably deep discover moment painting budget itself media radio bar result about.,Corrosion,4.8,Closed
INC-03655,SITE-003,2025-05-03,Leak,High,39.2,Itself church attention human book program without exist time put summer arrive.,Corrosion,17.6,Closed
INC-03393,SITE-001,2025-07-07,equipment failure,Medium,73.6,Become charge all company claim evidence traditional civil miss too serious.,,1.9,Closed
INC-01945,SITE-005,2025-11-29,Near Miss,Critical,42.6,Me almost here build simple story.,Sensor Malfunction,4.8,Open
INC-04195,SITE-006,12/21/2023,Fire,Medium,83.3,Remain per meeting day few raise page spring camera attack thousand only quality building.,Material Fatigue,11.7,Closed
INC-00290,SITE-006,2025-12-15,Fire,Medium,66.8,Case sign of quite might plan provide want bill goal trade effect level share similar never citizen.,Third-party Damage,10.1,Closed
INC-00502,SITE-002,03/05/2025,Near Miss,Low,81.1,Fund until situation adult kid pressure turn standard job should environmental.,Valve Failure,6.3,Open
INC-05245,SITE-002,2025-01-08,Equipment Failure,Critical,52.7,Prove member long author admit their wish set among perhaps push keep along.,Operator Error,3.6,Under Investigation
INC-03363,SITE-006,11/08/2025,Leak,High,62.1,Likely deep talk our south certainly local subject.,Third-party Damage,10.4,Open
INC-04327,SITE-003,2026-05-04,,High,62.4,Think where authority stuff fire gun.,Valve Failure,6.9,Open
INC-02344,SITE-006,30-Mar-2024,Oil Leak,Medium,-12.3,Probably born create eight how size full.,,4.1,Open
INC-03717,SITE-003,2026-04-01T00:00:00Z,Leak,High,77.9,Price standard less weight receive candidate both realize talk Congress study these care voice central.,Valve Failure,13.6,Under Investigation
INC-04357,SITE-001,2023-12-12,Equipment Failure,Low,96.2,Exist position through senior view open fight American fund half newspaper but.,Material Fatigue,4.3,Open
INC-02722,SITE-002,2024-05-16,Equipment Failure,LOW,85.1,Staff produce alone until smile certain even city ok couple even left can nice still show through.,Sensor Malfunction,10.6,Under Investigation
INC-05920,SITE-003,2026-02-20,Leak,Critical,38.8,Run short million while forward wonder director address early ahead create window third act ago.,,2.6,Open
INC-02586,SITE-006,2026-03-24,Leak,Low,85.0,Know difference necessary run how detail.,Sensor Malfunction,9.6,Open
INC-02571,SITE-001,2024-04-08,Fire,Low,90.4,Face for agree always number under nor former article enjoy win especially able child manager blue strategy heavy down.,Sensor Malfunction,1.8,Closed
INC-03781,SITE-003,30-Jul-2023,Near Miss,Critical,29.1,Rest trial almost religious member.,Third-party Damage,8.6,Open
INC-05318,SITE-003,2024-08-31,Equipment Failure,Medium,104.0,Either order physical director full.,,7.7,Open
INC-05151,SITE-006,2023-09-07,leak ,High,63.7,Mention those wind statement information herself pick huge third edge activity.,Material Fatigue,3.6,Closed
INC-01451,SITE-006,2025-08-24,Leak,low,88.3,Investment boy building financial enough major amount official artist collection.,Corrosion,6.8,Closed
INC-02795,SITE-003,2026-02-09,Equipment Failure,Critical,62.4,Thought major wish player meet.,,1.6,Under Investigation
INC-00409,SITE-002,2026-03-20,Leak,Medium,77.3,Visit necessary evidence ok remember page agency.,Sensor Malfunction,16.4,Under Investigation
INC-01284,SITE-005,2024-07-24,Equipment Failure,Low,83.4,Structure send kid significant information almost quite series your agree door look fact.,Corrosion,10.7,Under Investigation
INC-02278,SITE-006,2026-05-04,Equipment  Failure,High,50.9,None environmental around add goal about still himself two.,,26.0,Closed
INC-01494,SITE-006,2025-10-18,Leak,Low,86.3,Here ball campaign ever and anyone until you will remain add lead out.,Corrosion,4.7,Open
INC-01538,SITE-001,2025-07-30,Near Miss,High,78.3,Bit upon news politics green big their prove discussion candidate risk film.,Third-party Damage,9.6,Closed
INC-04261,SITE-006,2024-03-27,Spill,Critical,32.0,Without cultural staff lot official trouble agency.,Valve Failure,2.9,Closed
INC-03729,SITE-002,2026-08-05,Equipment Failure,Low,81.4,Spend class country Mr cover imagine arm compare nearly hear support those.,Material Fatigue,20.7,Closed
INC-03246,SITE-002,2024-06-18,Near Miss,High,44.5,Heart avoid fish choose couple according prevent their imagine suggest near.,Valve Failure,1.5,Open
INC-03933,SITE-003,2025-05-16,Leak,Medium,85.7,Rest onto old management.,,6.5,Under Investigation
INC-00380,SITE-003,2023-12-14,Spill,high,39.2,Hundred most computer ask herself TV.,Third-party Damage,6.6,Under Investigation
INC-04242,SITE-003,2026-06-19,Leak,Medium,81.2,Until purpose American close wonder would choose true may might trip speak trip environmental.,Corrosion,1.0,Closed
INC-05373,SITE-006,08/31/2024,Spill,HIGH,57.9,Trial each someone avoid Mrs role let arrive fish win sing artist true begin.,Valve Failure,11.5,Under Investigation
INC-03059,SITE-006,2025-06-01,Spill,Critical,35.0,Pass include first address test explain room education matter.,Corrosion,3.1,Under Investigation
INC-00166,SITE-002,26-May-2026,Near Miss,Medium,79.4,Walk public walk or account defense individual low building unit TV later business send she girl movement thousand interest.,Sensor Malfunction,1.6,Under Investigation
INC-00082,SITE-002,2025-01-23T00:00:00Z,Near Miss,Critical,52.4,Idea opportunity million bar yes audience star probably across.,Material Fatigue,3.8,Open
INC-05644,SITE-002,2024-11-18,Near Miss,Critical,57.0,Success drug whole culture although exactly reflect plant treat movie article.,Operator Error,10.6,Open
INC-01901,SITE-001,2024-12-08,Spill,Low,93.3,Arm bring seek plant mission computer black economic dog tree sign lay push.,Sensor Malfunction,3.5,Closed
INC-03290,SITE-004,2025-04-14,Fire,Medium,64.4,Table group task source provide last our administration note usually.,Corrosion,2.0,Open
INC-01054,SITE-005,2025-01-15,Equip. Failure,Low,87.8,Party loss coach TV executive but unit determine single use.,Material Fatigue,10.5,Closed
INC-05702,SITE-005,2025-07-29,Leak,High,69.6,Pick realize three no goal as player fear.,Material Fatigue,5.5,Closed
INC-03167,SITE-004,2025-03-11,Near Miss,low,91.6,Task seat near the wonder fly society tough.,Corrosion,1.1,Open
INC-04755,SITE-004,2024-07-01,Spill,,86.3,Hard yes my quickly newspaper participant against believe always.,Valve Failure,4.7,Under Investigation
INC-04093,SITE-004,2024-07-19,Near Miss,Medium,65.1,Less play rise world rest plan from rest growth.,Corrosion,7.0,Open
INC-00236,SITE-004,2025-08-12,Fire, High,63.4,Network news Mr buy level story garden.,Material Fatigue,6.1,Closed
INC-05790,SITE-004,2025-12-28,Spill,High,66.9,Significant food report near computer none.,,7.1,Open
INC-03266,SITE-005,2023-11-26,Near Miss,Medium,75.1,Figure walk describe other drop us eat take within trial west.,,3.1,Under Investigation
INC-04387,SITE-004,2024-05-22, fire,High,61.2,Break ground particular reach newspaper president for itself mother three.,Valve Failure,2.4,Closed
INC-00311,SITE-002,2024-11-23,Near Miss,Low,83.4,But Mr camera leader age have green want matter guy coach send pretty none.,Material Fatigue,10.3,Closed
INC-04371,SITE-004,2025-06-17,Spill,Low,93.4,Game test draw air key nor cultural radio movie you middle somebody deep sense treatment let wrong way.,Corrosion,4.1,Closed
INC-01938,SITE-004,2024-11-11,equipment failure,Critical,49.2,Expect throughout five send next although reduce agree front sort subject serve fight.,Corrosion,0.6,Open
INC-02790,SITE-005,2026-02-16,Equipment Failure,Medium,72.4,On six research short.,Third-party Damage,12.4,Open
INC-01870,SITE-004,2024-07-05,Near Miss,Low,85.8,Community these treat bed research party bank.,Sensor Malfunction,13.0,Closed
INC-03661,SITE-006,2025-11-30T00:00:00Z,Minor Spill,Critical,30.1,Ball look position style next option available figure in spend.,Sensor Malfunction,12.9,Open
INC-05139,SITE-004,06/25/2025,Near Miss,Medium,74.2,Instead put present clearly same list common give.,Valve Failure,13.0,Open
INC-00977,SITE-004,2024-05-16,Fire,Low,89.7,On edge bring music mission my ground some where attack.,Third-party Damage,10.2,Under Investigation
INC-03622,SITE-003,19/06/2025,Fire,High,58.3,Of north defense talk his onto.,Sensor Malfunction,1.5,Under Investigation
INC-02886,SITE-006,2026-02-15T00:00:00Z,Leak,High,68.7,Institution science later indeed here concern us company might.,Sensor Malfunction,8.4,Open
INC-02866,SITE-006,2025-05-02,Leak,Critical,37.3,Put into position spend without trip pay knowledge free more down morning realize movement science middle finish tend.,,5.2,Closed
INC-05317,SITE-002,2026-06-09,Fire,High,42.5,History imagine enough wish your pattern scene central truth entire herself statement.,Sensor Malfunction,30.5,Closed
INC-01920,SITE-003,2025-06-03,Leak,,-12.3,Everything worry catch pretty soldier.,,0.7,Under Investigation
INC-05005,SITE-001,2023-09-12,Near Miss,Medium,65.5,Manager personal tough billion really bad animal company.,Operator Error,3.7,Open
INC-03564,SITE-001,2025-04-10,Equipment Failure,High,64.3,Quality professor once various somebody recently.,Operator Error,11.4,Open
INC-01462,SITE-004,2024-04-17,Leak,low,89.9,For window per oil card law evidence important meet morning three central.,Sensor Malfunction,15.0,Closed
INC-00013,SITE-002,09/16/2024,Fire,,62.3,Agent hard card skin however year court bed power hold father and floor sister.,Corrosion,5.6,Open
INC-05518,SITE-002,2023-10-29,Spill,Low,100.0,Game pay rule when rest history travel leave safe former dog total measure attack.,Valve Failure,16.5,Under Investigation
INC-00190,SITE-002,16/06/2026,Near Miss,low,84.7,Rich deep although debate morning star plant.,Valve Failure,2.2,Open
INC-03863,SITE-001,24/05/2025,Spill,Low,82.7,Job man sing beyond whom rich picture second argue trial.,,17.9,Under Investigation
INC-03611,SITE-001,2023-09-14,Near Miss,Low,93.7,Research smile image cut site with company yes direction interest hair professor inside general Mr.,Valve Failure,10.1,Open
INC-04548,SITE-006,2026-02-25,Leak,High,73.1,Value deal win international choose.,Sensor Malfunction,10.1,Open
INC-04324,SITE-004,2024-05-10,Spill,Low,88.0,Under certainly up then catch million above chair bank radio goal class.,Sensor Malfunction,9.8,Under Investigation
INC-04362,SITE-005,2023-11-12,Spill, medium,69.9,Direction without security close expect everything significant quality benefit develop old consider whether partner.,Third-party Damage,2.6,Open
INC-04342,SITE-003,2024-08-14,Equipment Failure,Hi,66.8,Magazine among front tend look pay class activity.,Third-party Damage,7.8,Under Investigation
INC-04629,SITE-002,2026-03-04,Fire,Low,79.5,Family financial computer shake model full experience story west part cultural ok because rule including too.,Operator Error,14.7,Under Investigation
INC-02203,SITE-005,2023-11-01,Equip. Failure,Low,78.8,Couple list teacher never ago between appear no.,Operator Error,6.7,Closed
INC-02715,SITE-001,2024-08-28,Near Miss,Low,87.5,Growth event positive west war movie leave.,Third-party Damage,4.8,Under Investigation
INC-05615,SITE-004,2026-03-23,Equipment Failure,High,54.9,Father myself impact walk learn discuss this explain process two increase collection include.,,3.4,Open
INC-05457,SITE-002,2025-02-25,Near Miss,,31.5,Add agree could now power let anything discover authority just reach company cost.,Valve Failure,10.4,Open
INC-02624,SITE-006,2025-10-01,Fire,High,53.6,Interest teach growth hundred couple chair decide store.,Third-party Damage,13.1,Open
INC-05272,SITE-004,09/03/2024,Fire,Crit,59.3,Home provide build current bank teach forward course western under people add win it financial member civil play.,Third-party Damage,8.8,Closed
INC-03446,SITE-004,2025-06-04,Equipment Failure,low,83.1,Cost black future before happen look off high particularly front I.,Corrosion,6.5,Closed
INC-02828,SITE-004,2025-08-23,Near Miss,High,59.6,Person range deal alone kid kind base believe hotel material agreement.,Corrosion,12.0,Closed
INC-01766,SITE-005,2024-10-24,Near Miss,Low,91.4,Rate be product person lot note already shake fast learn national paper your.,Material Fatigue,24.3,Closed
INC-04845,SITE-002,2026-07-20,Spill,Hi,62.8,Strategy note quite military what major three financial himself matter.,Sensor Malfunction,5.4,Under Investigation
INC-04431,SITE-003,2024-02-03,Near Miss,high,69.1,Card light sing a stop white sport piece adult mention style PM need.,,1.8,Closed
INC-04390,SITE-002,05/03/2025,Fire,Low,82.0,Peace account address contain region major listen there study page.,Sensor Malfunction,3.8,Under Investigation
INC-02336,SITE-002,2023-09-23,Fire,High,43.9,Old particular let amount modern water year white hour stock sit matter address put.,Operator Error,8.4,Closed
INC-00407,SITE-006,2025-11-27,Leak,Low,99.5,Themselves window different less us you change cup particular four sing ball worker pretty feel.,Valve Failure,31.2,Closed
INC-01146,SITE-001,2024-08-06,Equipment Failure,Low,83.2,Enjoy money up business type beautiful pay step reason.,Third-party Damage,5.7,Open
INC-05669,SITE-004,2023-12-26,Equipment Failure,Medium,77.0,Myself author box rule teach choose machine stop.,Operator Error,21.0,Open
INC-01864,SITE-002,10-Mar-2025, fire,Medium,73.8,Series major skill believe those garden travel shoulder deal someone media hard particular two thousand many.,Corrosion,5.7,Open
INC-01860,SITE-001,2025-02-13T00:00:00Z,Near Miss,Medium,89.5,Matter clearly front fine brother one class protect table certain difference understand in story.,,6.8,Open
INC-04108,SITE-006,2023-10-09,Equipment Failure,High,56.1,Build able technology choose color whether our change course.,,1.5,Under Investigation
INC-01717,SITE-006,2023-11-15,Equipment Failure,High,73.4,Source visit miss environment middle might member create community interesting marriage want garden pull purpose field.,Valve Failure,2.6,Under Investigation
INC-03583,SITE-002,29/09/2023,Near Miss,Medium,88.5,Success picture stuff less me.,Operator Error,11.5,Under Investigation
INC-02161,SITE-006,2023-11-26,Spill,,84.5,Never while girl play capital summer like.,Valve Failure,0.7,Open
INC-01168,SITE-006,2026-03-29,Leak,High,60.7,Peace level traditional score person station.,Valve Failure,14.2,Open
INC-00990,SITE-003,2026-01-24,Leak,High,66.7,Picture stop experience again.,Operator Error,6.8,Open
INC-05350,SITE-004,2026-05-24,Spill,Critical,32.0,Deal science mind dream they short recently bank operation pick so.,Third-party Damage,13.3,Closed
INC-03243,SITE-002,2023-07-30,Equipment  Failure,,71.9,As identify without professor organization something agree middle large seat authority without strong herself painting never smile.,Third-party Damage,3.9,Under Investigation
INC-05738,SITE-001,2025-01-27,Near Miss,,89.1,By paper worker respond start then thousand help hour news security parent.,Operator Error,6.6,Open
INC-03485,SITE-005,2024-05-25,Equipment Failure,High,51.8,Economy ground president top.,Corrosion,10.2,Closed
INC-02083,SITE-003,2024-06-01,Near Miss,Medium ,82.4,Control understand serve be remember professional mother order raise item.,Third-party Damage,16.8,Open
INC-02544,SITE-006,2025-04-13,Near Miss,High,46.1,Ready threat man administration into wall hotel happy rule section face evening happy push perhaps discover yard.,Valve Failure,7.4,Open
INC-03678,SITE-006,2025-11-02,SPILL,Low,93.6,Above respond range meeting clear happy put draw method once follow spend.,Material Fatigue,7.6,Open
INC-05349,SITE-001,2025-07-20,,Low,88.8,Similar modern role accept paper present respond although machine song.,Material Fatigue,1.9,Closed
INC-02317,SITE-003,2023-09-22,Leak,High,60.8,Natural friend newspaper catch medical modern weight fall cell instead evening social.,Operator Error,10.4,Under Investigation
INC-00784,SITE-003,2025-01-22,Spill,High,68.2,Age into drop enter scientist support money heart wait leave feeling tax score decide see.,,2.3,Closed
INC-00373,SITE-006,2024-10-12,Leak,Low,86.9,Day kid order only ask.,Material Fatigue,11.9,Closed
INC-02761,SITE-001,06-Jul-2025,Equipment Failure,Medium,72.3,Religious save understand set listen budget program red carry Republican high room buy rate world nothing oil.,Third-party Damage,8.0,Closed
INC-00717,SITE-003,2023-12-21T00:00:00Z,Near Miss,High,45.2,Exist himself provide home explain should might health vote.,Corrosion,12.9,Under Investigation
INC-01841,SITE-003,2024-07-01,spill,High,65.4,Dinner describe material society approach away ten approach author put call their a city thousand leader.,Corrosion,6.0,Open
INC-00656,SITE-004,2025-06-15,Leak,Low,82.9,Weight whom eat fund behavior pick cause heavy even good police character short those create resource.,,3.4,Closed
INC-00577,SITE-003,2024-07-28,Spill,Critical,33.3,Science visit hold rate give have.,Material Fatigue,11.6,Closed
INC-02627,SITE-006,2023-11-27,Leak,,52.4,Own allow statement movie capital value information former yes letter wife as must detail create unit.,Material Fatigue,4.6,Open
INC-05060,SITE-005,2026-03-09,Near Miss,MEDIUM,94.2,Reach who stop agency attorney discuss heart toward effect.,Third-party Damage,2.8,Open
INC-01953,SITE-004,2024-11-02,,High,48.0,Want time provide necessary machine military.,Sensor Malfunction,10.3,Closed
INC-02574,SITE-004,2025-10-28,Equipment Failure,Critical,28.4,Receive cost writer step natural hard industry under discover standard little.,,3.8,Open
INC-01283,SITE-006,2025-03-18,Leak,critical,66.0,With get low perhaps own several throughout month through.,Sensor Malfunction,4.4,Open
INC-01888,SITE-004,2024-11-01,Leak,Low,150.0,Half mean bring outside stuff live operation threat.,Corrosion,11.8,Under Investigation
INC-00752,SITE-006,2026-04-01,Near Miss, High,36.8,Claim large rock officer writer behavior some under science career.,Material Fatigue,6.1,Closed
INC-02550,SITE-004,2024-06-11,Spill,Low,85.5,Final will participant member degree care Democrat sing add remain staff region cell white.,Valve Failure,7.4,Open
INC-00799,SITE-006,2026-08-29,Near Miss,Medium,75.7,Truth serious thank despite.,Valve Failure,8.3,Open
INC-03445,SITE-001,2023-07-28,Equipment Failure,MEDIUM,79.5,Me white moment decide worker prepare decision account support suffer.,Sensor Malfunction,5.2,Closed
INC-04560,SITE-006,10/28/2024,Near Miss,Critical,32.5,Good skill son off somebody imagine member movie chance under true book month health.,Material Fatigue,18.1,Open
INC-04851,SITE-006,2026-04-04,Spill,Medium,74.4,Address dream itself beat store produce.,Third-party Damage,9.0,Open
INC-02443,SITE-006,2025-02-19,Spill,Low,87.2,Which inside note house very case long federal outside paper although onto.,Third-party Damage,6.0,Open
INC-01781,SITE-004,2023-12-08,Near Miss,Low,91.9,Final glass marriage whether short begin past.,Operator Error,6.0,Closed
INC-04046,SITE-003,2025-12-11,Spill,Low,90.0,Word fast believe however according Mrs plan.,Material Fatigue,2.6,Under Investigation
INC-04549,SITE-005,2025-06-14,Leak,Medium,77.7,Mission beat mother Republican best be pattern long foot town.,,4.3,Under Investigation
INC-02122,SITE-006,2024-10-13,Spill,High,57.2,Radio speech lot meet free.,Corrosion,12.1,Under Investigation
INC-00109,SITE-006,2026-03-08,Equipment Failure,High,57.7,Admit social meeting four clear bad laugh address law important like him finish network range owner.,Valve Failure,10.8,Open
INC-05215,SITE-005,2024-03-05,,Critical,34.0,Cold rock specific majority several approach figure win after toward blood read miss million meet now.,Material Fatigue,17.7,Closed
INC-02288,SITE-003,2026-05-02,Spill,Medium,85.2,Factor enough president include however different remember call smile what response choice can.,Corrosion,12.9,Under Investigation
INC-05009,SITE-005,2023-08-21,Near Miss,Low,93.2,Each night paper either let line within place.,,4.8,Under Investigation
INC-01062,SITE-004,2025-06-01,Equipment Failure,Low,87.4,Usually family include thousand blood leg evidence one attack car TV cultural half base bill.,Sensor Malfunction,4.9,Under Investigation
INC-00615,SITE-002,2024-07-22,Near Miss,Medium,65.9,Reflect appear later same medical.,Material Fatigue,7.0,Open
INC-00474,SITE-002,2026-03-06,Equipment Failure,HIGH,59.3,Gun everything here instead song leg though.,Corrosion,9.6,Open
INC-01965,SITE-002,2024-10-30,Near Miss,Critical,71.6,Seat fine issue vote conference record question administration interesting training tough its.,,8.5,Under Investigation
INC-05715,SITE-006,2026-01-18,Leak,low,87.0,Inside mind appear provide prove their result write cause nearly popular back.,Operator Error,8.2,Under Investigation
INC-05781,SITE-001,16-Sep-2024,Near Miss,MEDIUM,67.2,Tonight several adult common they issue course either defense knowledge surface.,Corrosion,4.6,Open
INC-00294,SITE-004,2026-06-18,Spill ,High,55.0,Example phone son foreign husband those seat letter report size so.,Operator Error,8.0,Closed
INC-00959,SITE-006,2025-09-29,Fire,Critical,52.6,Discuss thus law and agency learn truth mouth democratic.,Sensor Malfunction,19.8,Closed
INC-00996,SITE-006,2026-05-21,Leak,,66.6,To sell defense fund society kid ground yes exist live development represent accept black.,Third-party Damage,8.6,Under Investigation
INC-04714,SITE-003,19-Sep-2025,Near Miss,,54.1,Last safe catch card daughter ok rate.,,4.3,Open
INC-00852,SITE-004,2026-01-09,Near Miss,,53.6,Probably wear money forget leg difference local thus.,Valve Failure,6.8,Open
INC-05672,SITE-003,22-Jun-2025,Equipment Failure,Critical,41.8,Section oil report happy discover they military than pattern.,Material Fatigue,21.8,Closed
INC-02713,SITE-003,2026-10-20,Leak,Medium,87.3,Rise wife property chance policy young once tax low talk see perhaps white board program sister people last.,Material Fatigue,4.6,Under Investigation
INC-01142,SITE-003,2026-04-28,Spill,,66.2,Check house continue treat interest small five sometimes on probably.,Valve Failure,0.7,Closed
INC-04520,SITE-003,2025-03-12,Leak,Critical,33.3,Challenge popular important next when true run.,Sensor Malfunction,5.2,Under Investigation
INC-00856,SITE-006,2026-06-25,Leak,Medium,79.0,Professional teach short agent him provide have former should eye.,Valve Failure,6.1,Open
INC-02257,SITE-005,19-Aug-2023,Near Miss,Low,94.0,Base everybody heavy mother place computer know field finally fight open development argue.,Valve Failure,2.7,Open
INC-01698,SITE-001,19/07/2026,Equipment Failure,Critical,41.9,Probably discuss sea notice measure church let less.,Operator Error,13.4,Open
INC-04868,SITE-003,10-Jul-2026,,High,115.7,Tell sing see recent five service get deal development meet speech as bank establish away bank second even stage.,,10.5,Under Investigation
INC-04072,SITE-006,2024-05-27T00:00:00Z,Equipment Failure,MEDIUM,75.8,Year billion protect action mind kitchen opportunity drive stop those pretty stay water seven reflect it carry home his large.,Operator Error,17.1,Under Investigation
INC-00957,SITE-002,2024-12-26,Equipment Failure,Low,86.2,Brother travel vote accept possible several design speak where at industry front yet.,Valve Failure,5.2,Closed
INC-00143,SITE-002,2026-01-03,Leak,High,38.6,Outside new message grow carry reduce relate.,Material Fatigue,10.5,Under Investigation
INC-00760,SITE-004,2025-06-25,Equipment Failure,critical,43.0,Give note drop information make morning establish hold expect body add school.,Sensor Malfunction,4.8,Open
INC-04366,SITE-005,2024-02-10,Leak,High,39.5,Plan change world at discussion determine mother fear boy ask change join.,,1.1,Open
INC-01987,SITE-003,2025-09-12,Equipment Failure,Critical,46.3,Sense mention reflect region you catch choice.,Material Fatigue,5.0,Closed
INC-03419,SITE-003,12/31/2023,Equipment Failure,Critical,66.8,Someone how again public bad center fine trade.,Corrosion,4.3,Closed
INC-00328,SITE-003,2025-09-04,Leak,Low,89.1,Care model our everyone former crime together could tree.,Material Fatigue,4.5,Open
INC-03244,SITE-003,2023-10-13,Leak, High,76.9,Shake first less over letter present region but question per could late throughout region feel month time.,Sensor Malfunction,8.1,Under Investigation
INC-02068,SITE-005,25-Feb-2026,Spill,High,67.8,Professor figure quite begin artist total structure star get base sing data quality.,Valve Failure,6.4,Closed
INC-01235,SITE-003,02-Jun-2026,,Medium,78.2,Amount movement morning admit life live most.,Operator Error,8.8,Open
INC-03010,SITE-004,2025-01-09,Equipment Failure,Medium,72.5,Drop these television something cut save agreement expert.,Material Fatigue,18.2,Under Investigation
INC-04586,SITE-004,2024-04-20,Equipment Failure,High,53.5,Turn most entire she artist relate thank economic brother part.,Sensor Malfunction,1.5,Open
INC-00065,SITE-006,2024-10-19,Spill,Critical,45.9,Turn country develop political attack six third management man.,Material Fatigue,1.9,Open
INC-02394,SITE-003,2025-12-09,Leak,Medium,71.6,Reduce finally baby send notice enough order himself admit hair job create.,Third-party Damage,5.1,Closed
INC-03234,SITE-005,2024-03-19T00:00:00Z,Near Miss,Medium,69.7,About student white success.,Corrosion,11.0,Open
INC-04554,SITE-001,2024-03-31,Spill,Medium,79.1,Game fight particular range quality attorney.,Sensor Malfunction,3.3,Closed
INC-01857,SITE-004,2025-07-06,Near Miss,Low,99.0,Yard watch article end society enough foreign read court follow hotel thousand stage.,,8.2,Under Investigation
INC-03105,SITE-001,2024-07-26,Near Miss,Critical,52.0,Yard even learn talk if clear vote vote claim be government ask cost election our he hear free scene.,Operator Error,6.1,Open
INC-01032,SITE-001,2026-03-08,Equipment Failure,Medium,66.1,Program world tree live life scene.,Sensor Malfunction,10.0,Open
INC-04290,SITE-003,2023-11-14,Leak,Low,99.2,Guy south least just raise national community.,Material Fatigue,6.3,Closed
INC-03023,SITE-006,2024-06-07,,High,77.0,Sister member know security phone action ask.,,10.4,Under Investigation
INC-03731,SITE-003,2024-04-19,Near Miss,Medium,81.4,Spend well any drive join.,Third-party Damage,3.8,Closed
INC-00066,SITE-003,2024-12-23,Leak,High,71.6,Road road same hotel foreign Mrs its budget keep trade social dog.,Sensor Malfunction,8.5,Under Investigation
INC-04523,SITE-001,28-Aug-2023,Leak,Low,84.1,Sense ok factor leader notice catch benefit country perform network bad adult best decade finally.,Third-party Damage,3.4,Open
INC-03594,SITE-005,2025-09-19,Equipment Failure,Low,88.6,Write also manage hope.,Material Fatigue,9.4,Open
INC-03732,SITE-006,2024-07-16,Equip. Failure,Lo,89.1,Occur nor as mind impact idea talk.,Operator Error,10.5,Open
INC-00076,SITE-002,2025-06-14,Leak,Medium,62.9,Amount human you gas bag risk while fast art offer.,Valve Failure,5.2,Under Investigation
INC-03887,SITE-001,2024-07-24,Leak,Medium,61.6,See effort finish which state fire bar easy stage while fear defense trade.,Corrosion,10.1,Closed
INC-03670,SITE-003,12/04/2025,Leak,Critical,46.1,Might example activity whether our financial clear.,,23.4,Under Investigation
INC-00515,SITE-003,2025-03-21,Leak,Critical,41.6,Pretty us now finally debate then conference case.,,1.7,Open
INC-00912,SITE-006,2025-04-10,Oil Leak,Low,84.8,Institution for feeling term reason put produce.,Sensor Malfunction,2.3,Under Investigation
INC-03725,SITE-005,2024-07-28,Fire,Medium,63.6,Occur those player since physical scene measure guy light somebody.,Operator Error,4.9,Closed
INC-00807,SITE-002,10/14/2025,Spill,HIGH,45.1,Administration consider last successful seem response town together everyone.,Third-party Damage,26.7,Open
INC-01036,SITE-002,2024-10-27,Leak,High,67.1,Reduce must know end free organization they series finish wonder.,Valve Failure,3.2,Closed
INC-03467,SITE-003,2024-02-07,Equipment Failure,Medium,56.4,Dog break our story city end data factor recognize.,Valve Failure,7.9,Open
INC-00397,SITE-001,2025-03-09,Spill,Medium,71.5,Fire fish defense ask would war consumer.,,6.9,Closed
INC-05991,SITE-006,2024-11-04,Spill,High,52.0,Feeling agent ability eat purpose more Democrat school worry goal exist soldier use miss me.,Operator Error,2.4,Closed
INC-05034,SITE-004,2024-06-01,Equipment Failure,Low,88.7,Nation than data different to interest rock house realize cause marriage parent garden run do.,Corrosion,11.6,Closed
INC-03643,SITE-005,2023-07-30,Equipment Failure,Low,72.5,System force risk month figure pressure hair when audience wall type speak part.,,6.2,Open
INC-04045,SITE-004,2024-12-08,Spill,High,58.9,Place our goal town.,Material Fatigue,12.2,Open
INC-03055,SITE-005,2026-07-18,Fire,Medium,84.4,Reflect bank end only phone above where all family democratic century grow.,Corrosion,3.6,Closed
INC-01071,SITE-001,2026-01-15,Equip. Failure,,93.7,Total back director magazine heart wall news.,Corrosion,8.7,Under Investigation
INC-01472,SITE-001,07/31/2025,Spill, Low,92.1,Model for modern magazine at standard health television I government.,Valve Failure,2.2,Closed
INC-05384,SITE-003,2024-09-29,Near Miss,Critical,-5.0,Already hand action evening memory might piece meeting cut dark two which traditional feel such find society positive.,Operator Error,4.6,Under Investigation
INC-01520,SITE-006,2025-07-12,NEAR MISS,,87.8,Choose sing great second none study if scene thank skin citizen manager.,Sensor Malfunction,5.1,Closed
INC-00222,SITE-002,2023-09-04,Equipment Failure,Medium,81.7,Begin suddenly forward professor agency significant with Republican.,Third-party Damage,19.2,Open
INC-04524,SITE-006,2024-01-23,Fire,High,56.0,Where collection with economy up night big recent.,Corrosion,8.0,Open
INC-04632,SITE-004,05/30/2024,Minor Spill,Low,84.2,Loss pay make she body will reflect against bank edge accept side tax author role allow those control identify military.,,5.2,Under Investigation
INC-01384,SITE-001,2024-05-11,Spill,Low,88.5,Human cup social important travel live edge night.,Operator Error,7.3,Under Investigation
INC-05940,SITE-002,2026-06-16,Leak,Medium,83.5,Write great impact standard though property.,Material Fatigue,17.6,Under Investigation
INC-02721,SITE-003,2025-07-10,Equipment Failure, Critical,56.6,I else picture common allow view interesting.,Operator Error,8.4,Closed
INC-05370,SITE-006,2025-03-08,Leak,Low,89.0,Week why result moment red up anyone.,Sensor Malfunction,18.6,Open
INC-00758,SITE-002,2024-10-03,Fire,LOW,90.2,General or fight car.,Third-party Damage,4.8,Closed
INC-05635,SITE-006,2023-12-02,spill,Critical,40.3,Special say experience leave middle traditional first low situation not a people group.,Third-party Damage,4.2,Under Investigation
INC-01375,SITE-004,2025-02-26,Spill,Low,89.1,Gas per hour reason often management of yet brother.,Material Fatigue,12.6,Open
INC-01834,SITE-003,2024-09-28,Spill,Low,81.6,Statement car newspaper trade mind dinner once hold conference painting peace themselves.,,10.3,Open
INC-00105,SITE-006,2024-08-11T00:00:00Z,,High,72.5,Coach admit face measure top last economy manage.,,14.9,Closed
INC-00989,SITE-006,2026-01-29T00:00:00Z,Equipment Failure,High,60.7,There fight responsibility consider toward part church.,Operator Error,5.6,Closed
INC-05381,SITE-003,13-Jul-2025,Leak,High,85.9,Improve risk thousand drop describe investment government more.,Corrosion,11.6,Closed
INC-05033,SITE-001,26/05/2026,Near Miss,Medium,71.9,Join help learn throw nor rise cut beat those.,Corrosion,10.0,Under Investigation
INC-02310,SITE-004,2024-03-15,Leak,medium,76.4,Address know situation president charge help behavior service.,Operator Error,12.9,Under Investigation
INC-01997,SITE-006,2024-10-01,Equipment Failure,High,69.8,Others here total test meeting morning.,Material Fatigue,6.6,Under Investigation
INC-04764,SITE-006,2025-12-02,Equipment Failure,Critical,16.9,Could while expect situation college pressure artist.,Material Fatigue,4.7,Closed
INC-01503,SITE-004,2025-06-19,Equipment Failure,Medium,64.6,On set few story human western break including bring ground keep consider community indicate establish poor.,Sensor Malfunction,18.4,Open
INC-00810,SITE-005,2024-11-29,Near Miss,Low,84.5,Your half matter call close long lead white century.,Material Fatigue,15.3,Under Investigation
INC-00722,SITE-002,2025-12-27,Equipment Failure,Low,89.9,Top soon thank alone possible civil information safe find.,Corrosion,5.6,Open
INC-03209,SITE-006,2024-06-29,EQUIPMENT FAILURE,Critical,41.2,Guess perhaps through someone buy into them any effort today.,,11.8,Closed
INC-01169,SITE-001,2025-03-11,Fire,,56.7,Young again great new back bit item blood least.,Sensor Malfunction,1.4,Open
INC-04194,SITE-003,08/15/2024,Leak,Medium,79.2,Manage tonight assume become window door choose away without.,Corrosion,24.6,Closed
INC-00956,SITE-004,2024-07-20,Spill,low ,96.1,Personal film occur structure almost paper thank poor.,Valve Failure,1.3,Closed
INC-05202,SITE-006,2023-09-06,equipment failure,Critical,45.4,To season or candidate stay cause high wide PM human this evidence force key Democrat let who Mrs work.,Valve Failure,13.4,Under Investigation
INC-01507,SITE-004,01-Jun-2026,Spill,,30.8,Both democratic between necessary anyone modern social study.,Sensor Malfunction,8.4,Closed
INC-03671,SITE-001,2025-01-17,Fire,Low,92.9,Only thought month environmental trial reflect too card customer less not north.,,14.2,Under Investigation
INC-02322,SITE-002,2025-08-29,equipment failure,Critical,44.4,Job response forward one bank thing gas sport suffer floor rate.,Corrosion,4.3,Under Investigation
INC-01362,SITE-001,2026-03-13,Near Miss,Low,97.6,Page thousand Mrs east music thing stop candidate begin pass still those seem.,Third-party Damage,4.1,Closed
INC-03623,SITE-005,2024-04-21,Leak,Low,88.6,Air government score specific style.,Material Fatigue,5.9,Open
INC-00216,SITE-006,2026-04-01,Leak,Low,150.0,Congress main send shake set activity when number child wish.,Sensor Malfunction,2.9,Under Investigation
INC-04695,SITE-003,2024-05-26,Near Miss,,71.5,Land every hard much husband behavior strong character war just risk go traditional foreign wrong no.,Corrosion,7.8,Closed
INC-03295,SITE-005,2025-06-20,Near Miss,Low,91.3,Certain different knowledge size network shoulder same fall.,Third-party Damage,10.5,Under Investigation
INC-04823,SITE-001,2026-06-19,Equipment Failure,Medium,96.4,Data relate federal fire be each serve.,Operator Error,8.0,Open
INC-00973,SITE-005,2025-07-03,Near Miss,LOW,72.2,Force new attorney her person send accept area sing east half compare put thus this best film.,Corrosion,5.0,Under Investigation
INC-05822,SITE-004,2026-01-17,Leak,,82.5,Then help much party full yet me middle important instead stay onto real specific audience recent.,Material Fatigue,24.1,Open
INC-05677,SITE-002,2026-05-25,Spill,Critical,40.9,Window responsibility through letter song also collection large about simple along concern TV receive attack also a prevent owner anyone.,Third-party Damage,4.8,Closed
INC-02720,SITE-004,2025-11-21,Equip. Failure,Low,87.4,Focus religious necessary government free yes center stand western most art behind school run.,,3.1,Under Investigation
INC-00954,SITE-002,2026-04-17,,Low,89.4,Carry difference customer recently score force enjoy get west stop somebody could large issue hand key different gas compare.,Valve Failure,8.8,Closed
INC-02564,SITE-001,2025-03-26,Fire,Low,84.3,Grow score break onto benefit involve manager discover after tough start remember street itself.,,4.8,Under Investigation
INC-00357,SITE-006,2023-12-28,Equipment Failure,High,67.4,Allow all stop capital woman again heavy east minute note return end popular grow.,Operator Error,16.2,Open
INC-05325,SITE-003,2026-07-05T00:00:00Z,Spill,Critical,62.3,Blue all public book size perhaps research agree simply determine.,Valve Failure,12.1,Closed
INC-02098,SITE-004,2024-02-17T00:00:00Z,Leak,Medium,71.8,Politics money letter program serious cut face especially move special.,Third-party Damage,7.6,Closed
INC-00638,SITE-006,2026-02-11,near miss,High,61.3,Describe represent degree charge enjoy nice.,Sensor Malfunction,8.5,Under Investigation
INC-01413,SITE-006,19/04/2024,Near Miss,Medium,86.9,Become standard under traditional almost only miss method.,Material Fatigue,12.1,Open
INC-04200,SITE-004,2025-09-01,Equipment Failure,Medium,63.9,Early stock property stop drop food popular treatment first.,Third-party Damage,7.1,Open
INC-00887,SITE-003,02/22/2024,Leak,Critical,46.2,Water choice there degree show wear stock attack must.,Sensor Malfunction,9.6,Under Investigation
INC-04452,SITE-005,2024-07-25,Equipment Failure,Low,94.9,What drug record mind role never nice also per truth.,,2.0,Open
INC-05296,SITE-005,2025-01-03,Spill,Medium,78.3,Poor compare significant meeting which last meeting necessary card mouth boy test.,Material Fatigue,8.4,Open
INC-05833,SITE-003,2025-12-15,Fire ,Low,96.2,Air across know consumer star relationship themselves ten so friend force debate hospital dinner camera wait.,Material Fatigue,8.4,Open
INC-02489,SITE-003,15/04/2025,Spill,Critical,44.1,Authority too of run answer try use same able this cut develop manager ground language.,Third-party Damage,9.6,Open
INC-04753,SITE-003,2024-02-25,Spill,,73.7,Box movement be when call.,Sensor Malfunction,4.4,Closed
INC-01214,SITE-003,2024-02-26,Spill,High,53.0,Office book population mission move nature method window.,Material Fatigue,8.7,Under Investigation
INC-02954,SITE-005,2025-08-14,Fire,Medium,75.2,Share quite out strong serve soldier.,Sensor Malfunction,12.3,Closed
INC-04955,SITE-006,2025-02-15,Leak,High,44.2,Lay old to voice successful.,Third-party Damage,14.2,Under Investigation
INC-03939,SITE-003,12-Oct-2023,Near Miss,Low,81.1,Resource price nor after case size worker.,Valve Failure,2.9,Under Investigation
INC-02197,SITE-003,2023-12-19,,High,50.0,Garden study wind benefit very.,Third-party Damage,10.8,Closed
INC-01667,SITE-006,23/02/2025,Equipment Failure,Low,92.1,Open campaign hand pull popular box teach house turn large hundred.,Material Fatigue,1.2,Under Investigation
INC-00209,SITE-006,2025-06-04,Leak,High,61.9,Realize rate loss through arm them answer stage four assume.,Valve Failure,13.2,Open
INC-03496,SITE-004,2026-01-29,Fire,Medium,75.2,Certainly reveal decide inside college state two state situation boy conference Congress light house opportunity by.,Third-party Damage,2.8,Closed
INC-05772,SITE-003,2024-03-08,Spill,Critical,46.3,Hotel should class population mind song try whatever.,Valve Failure,2.5,Open
INC-00055,SITE-001,31/03/2026,spill,Medium,57.0,Mean citizen total line space.,Corrosion,6.9,Closed
INC-00347,SITE-005,2025-04-23,Equipment Failure,High,39.6,Statement those manager television exactly recent test choice campaign recently wall.,Corrosion,7.4,Open
INC-05642,SITE-002,2024-07-16,Equipment Failure,Medium,64.2,Us around television if.,Material Fatigue,3.8,Closed
INC-02301,SITE-005,2024-04-10,Near Miss,Low,82.7,Truth on project for significant whose firm front executive.,Third-party Damage,9.7,Under Investigation
INC-03330,SITE-004,25/03/2025,Leak,Low,90.5,Table people effort late somebody feel health modern.,Third-party Damage,8.0,Under Investigation
INC-04848,SITE-002,2024-05-14,Near Miss,Medium,70.4,Catch out around after tend six fight late power personal.,Operator Error,3.3,Open
INC-03052,SITE-002,01/15/2024,Fire ,low,89.6,Single responsibility never pretty concern tax image good.,Third-party Damage,2.0,Under Investigation
INC-01435,SITE-002,2026-05-31,Equipment Failure,Medium,82.7,My size anything audience main country project.,Third-party Damage,4.4,Closed
INC-01609,SITE-002,2026-03-08,Leak,Medium,78.3,Choose happy bank drive fund decide painting old term trade common.,Valve Failure,19.5,Under Investigation
INC-05813,SITE-006,2026-04-29,Leak,Medium,59.1,Soon ability factor south become local civil spring else product.,,3.3,Closed
INC-05507,SITE-006,2026-06-27,FIRE,Critical,19.0,Week environmental recent eye when member shake each.,Operator Error,7.8,Under Investigation
INC-01973,SITE-006,10/09/2024,Leak,Critical,48.0,Possible find upon attorney analysis daughter have wrong here modern thus over nor.,Operator Error,2.4,Under Investigation
INC-05927,SITE-006,2024-05-15, Leak,High,37.8,Region daughter state information agent per someone.,Operator Error,11.0,Open
INC-02041,SITE-001,2025-01-24,Equipment Failure,,83.8,Want gun need event price family exactly power impact head whole choose support young rather strategy home.,Operator Error,3.4,Closed
INC-03428,SITE-003,2024-08-02,,Hi,60.2,Amount anything challenge skill official tend few discover.,Third-party Damage,9.7,Under Investigation
INC-05896,SITE-004,2024-03-25,Equipment Failure,Medium,81.5,Education food sell difference adult from.,Material Fatigue,9.2,Open
INC-02580,SITE-002,2024-09-12,Near Miss,Critical,50.2,Analysis democratic they beyond ahead different.,Third-party Damage,1.1,Closed
INC-05510,SITE-001,2024-07-17,Spill,Medium,72.9,Them authority above item culture process.,,2.4,Under Investigation
INC-02125,SITE-004,06/21/2024,Near Miss, High,46.5,Economic once total same rather that attorney tend.,Corrosion,4.2,Under Investigation
INC-02468,SITE-003,2025-12-28,Near Miss,Critical,38.5,What their owner million hard south professor suggest improve word mention human table movement measure begin.,Sensor Malfunction,10.7,Closed
INC-03069,SITE-004,2025-10-10,Near Miss,High,56.0,Represent network message Mrs help guy theory imagine plan.,Operator Error,6.1,Under Investigation
INC-04709,SITE-001,2024-03-07,Fire,Low,87.5,Return guy fund feel himself other management series represent turn point.,Material Fatigue,35.4,Closed
INC-00212,SITE-001,2026-03-28,Fire,Critical,35.2,Attorney century system big yourself attention follow.,Sensor Malfunction,30.2,Under Investigation
INC-04226,SITE-003,2025-04-24,Equipment Failure,HIGH,73.7,Anyone information carry pay now on store people well have.,Third-party Damage,10.4,Open
INC-01186,SITE-006,2026-01-23,Leak,HIGH,59.0,Majority tough produce structure quickly wind hair probably half.,Operator Error,6.0,Open
INC-00093,SITE-003,14/10/2023,Leak,,43.8,Realize put a baby care.,Material Fatigue,3.4,Open
INC-01553,SITE-005,2026-01-11,Equipment Failure,Medium,61.4,North day society off down animal hotel performance.,Material Fatigue,6.0,Closed
INC-00909,SITE-001,2024-12-23,Near Miss,High,39.1,Ball letter store us charge fact husband structure authority.,,1.2,Closed
INC-03487,SITE-006,2024-06-10,Leak,Low,93.8,Early behavior language fall bad kid tree season evidence seat maybe toward city because.,Operator Error,5.5,Closed
INC-01171,SITE-002,31-May-2025,Near Miss,Medium,76.0,Whole dinner sister own serious ok upon.,Third-party Damage,2.0,Under Investigation
INC-05722,SITE-004,2024-03-25,Spill,Medium,76.8,Interview difference right back similar fire worker product line once kitchen special control.,Sensor Malfunction,10.8,Closed
INC-00830,SITE-003,03/20/2026,Spill,Low,88.9,Season agent yet plan top professor some paper low direction probably great another.,Sensor Malfunction,7.8,Open
INC-05823,SITE-004,2026-05-13,Leak,Critical,43.6,Environmental best save sign clearly sister imagine discover box window quickly different country.,Sensor Malfunction,0.4,Closed
INC-05200,SITE-003,2025-10-04,LEAK,High,67.6,Then fire respond plant night other right once behavior whether.,Sensor Malfunction,6.4,Closed
INC-03612,SITE-004,2025-09-22,Equip. Failure,Medium,76.7,Never strong five area so partner it worker.,,9.5,Closed
INC-00570,SITE-001,2025-11-28,Equipment Failure,Low,87.1,Science cause inside up anything thank upon claim eight red important under free reality.,Third-party Damage,5.5,Open
INC-03776,SITE-005,2023-09-12,Equipment Failure,Low,83.2,Book movement pass course age past network among environmental resource whose leave large information.,Sensor Malfunction,6.4,Open
INC-00037,SITE-006,2025-10-27,Fire,High,39.7,Away policy star majority.,Operator Error,0.7,Under Investigation
INC-01557,SITE-001,2025-05-18,Near Miss,MEDIUM,60.9,Parent join suggest miss wait big though.,Material Fatigue,2.3,Under Investigation
INC-03131,SITE-005,2023-11-02,Near Miss, medium,68.0,Consider against half down season cost office agreement out bar actually guess section a.,Operator Error,4.0,Closed
INC-01104,SITE-004,2026-03-24,Near Miss,Medium,79.2,Husband market sister specific federal south president nice be window speech.,Operator Error,6.3,Closed
INC-01337,SITE-005,2024-06-19,Near Miss,Medium,72.5,Generation firm any above officer table especially money natural stop general right forward near.,Sensor Malfunction,8.5,Open
INC-01119,SITE-002,2024-04-10,Fire,Low,91.0,Food letter goal PM green without.,Third-party Damage,13.4,Open
INC-03352,SITE-005,2023-08-14,Equipment  Failure,Critical,44.0,Other nor white will compare five collection.,Corrosion,2.6,Closed
INC-04513,SITE-006,21/10/2024,,Critical,57.2,Camera population job audience improve mind firm less high process.,Operator Error,10.9,Under Investigation
INC-03504,SITE-001,05-Dec-2023,Oil Leak,Medium,61.1,Issue attorney whatever former near.,Operator Error,3.9,Closed
INC-03961,SITE-003,2025-11-18,Spill,High,68.3,Affect too lawyer I should high learn.,Operator Error,13.3,Closed
INC-01101,SITE-006,2024-07-05,Leak,High,51.0,Free leave recent prove possible picture per wall fly view final white forward wrong as number also among attack table.,Third-party Damage,9.2,Open
INC-03765,SITE-005,2023-08-24,Spill,Low,93.3,Its body agent particularly area water series.,Sensor Malfunction,9.0,Closed
INC-00601,SITE-001,2025-03-18,Equipment Failure,Medium,87.8,Prove friend because run care international four arrive.,Corrosion,9.2,Open
INC-01126,SITE-004,2024-06-25,Fire,Medium,85.6,Conference police suddenly serve become you but lose report adult.,Operator Error,19.8,Under Investigation
INC-02216,SITE-001,2023-12-28,Equipment Failure,Medium,72.0,Treatment lay wish determine return trial fear difference gun cover although.,Sensor Malfunction,10.0,Under Investigation
INC-05856,SITE-003,2026-03-31,Leak,,23.4,Those draw heart any bill sure mean million term this campaign seat consider of later ever.,Operator Error,2.2,Open
INC-03630,SITE-002,2025-11-26,Near Miss,Medium,77.4,Half while rich pay test between sing past recent pay fight today.,Third-party Damage,2.2,Open
INC-00466,SITE-003,2024-02-17,leak,High,51.1,Either seat minute police history we machine treat cultural series city represent technology produce.,Third-party Damage,0.4,Under Investigation
INC-00737,SITE-006,08/27/2025,Near Miss,Critical,47.0,Fight record dinner agency read traditional quickly ability until move.,,3.5,Closed
INC-01161,SITE-002,2025-05-30,Near Miss,Critical,43.7,Doctor side religious up evening find chair.,Material Fatigue,12.2,Closed
INC-01150,SITE-002,2025-05-08,Equipment Failure,LOW,79.6,At see small level believe music play cup prove be sing likely.,Operator Error,3.2,Closed
INC-01657,SITE-003,2026-05-19,Spill ,High,47.7,Free finally food magazine say.,Sensor Malfunction,13.8,Under Investigation
INC-01058,SITE-004,2025-07-18,Spill,Medium,71.7,Must activity culture same which state movie.,,24.0,Under Investigation
INC-05076,SITE-005,2025-10-17,Equipment Failure,Medium,80.9,Learn who sit five star kid evening eight sea.,,0.6,Under Investigation
INC-05280,SITE-005,2024-05-15,Near Miss,Low,90.2,With federal art determine move now.,,8.8,Open
INC-03474,SITE-003,2026-06-25,Spill,Medium,78.0,Improve increase person serious everything movie off.,Material Fatigue,5.3,Open
INC-05625,SITE-004,2026-04-21,Equipment Failure,Medium,74.6,His life whole each statement cut buy idea week single real believe house safe race.,Sensor Malfunction,20.4,Under Investigation
INC-05526,SITE-005,2024-01-10T00:00:00Z,Near Miss,Medium,72.0,Side especially long easy fill night different join general.,Third-party Damage,4.5,Under Investigation
INC-02554,SITE-005,2024-03-14,Fire,Critical,24.7,Song would themselves probably around scientist in view physical.,,3.3,Closed
INC-04508,SITE-003,13/09/2025,Spill,HIGH,60.3,Easy avoid generation big finally identify stop difficult entire significant beautiful among we.,,12.4,Under Investigation
INC-01269,SITE-004,2024-10-28,Leak,Low,97.2,Avoid agent return lose.,Valve Failure,14.6,Closed
INC-05011,SITE-002,2024-08-18,,High,66.5,Staff local marriage west college body.,,5.2,Under Investigation
INC-03226,SITE-005,02/06/2024,Equipment Failure,Medium,72.5,Tv staff executive across teach of ability raise tell seat.,Valve Failure,12.1,Closed
INC-03248,SITE-001,2024-04-22,Leak,Medium,61.9,Put they pass yes six material bad give suffer final eat people same between customer police kid fight push.,Valve Failure,8.5,Closed
INC-05782,SITE-004,08/02/2025,Near Miss,Low,83.8,Realize professor perhaps seven hospital eat lose table open west just voice very whether.,Operator Error,1.5,Open
INC-02474,SITE-004,2026-06-07, fire,Medium,67.3,Perhaps top share voice responsibility resource collection.,Operator Error,2.6,Closed
INC-05396,SITE-003,2024-11-18,Near Miss,Medium,94.4,Step third thus type election simple little trade resource drive cold teacher firm car choose leg address finally.,Sensor Malfunction,11.3,Open
INC-03633,SITE-001,2024-04-17,Near Miss,Medium,75.2,Room sure send nearly go later court central hold father.,Valve Failure,3.4,Under Investigation
INC-05490,SITE-001,2024-06-02,Fire,Medium,68.7,Conference author father feeling resource catch per human product as quality imagine fast event use often.,Corrosion,4.0,Under Investigation
INC-05421,SITE-006,2025-08-31,Equipment Failure,High,59.0,Item well positive size truth also four type apply chance her soon body activity bill at.,Corrosion,1.7,Open
INC-05228,SITE-006,2025-09-30,Leak,Low,92.0,Toward you project cup military west network foreign wife throughout.,Material Fatigue,13.8,Open
INC-03686,SITE-001,2026-09-15,Equipment Failure,Low,94.6,Realize ago subject white six real strong it plant shoulder.,Valve Failure,11.6,Open
INC-05634,SITE-001,2025-06-24,Near Miss,MEDIUM,64.5,Director forget cut ever expert six put else other local cause product happen yeah public director.,Valve Failure,7.3,Under Investigation
INC-04124,SITE-001,2025-11-09,Fire, High,61.6,Card grow but south however church.,Operator Error,4.7,Under Investigation
INC-04964,SITE-003,2026-02-21,Equipment Failure,Low,88.2,Shoulder quite section human information weight here scientist there.,,0.9,Under Investigation
INC-03652,SITE-002,2025-03-18,Fire,Low,80.3,New player word PM sea director bar police big later note movement discover walk.,Valve Failure,7.3,Under Investigation
INC-00997,SITE-002,2025-07-19,Equipment Failure,Critical,44.8,Sometimes nor name into safe eat agency occur woman right.,Operator Error,19.9,Closed
INC-02855,SITE-003,2024-08-16,Leak,High,62.0,Test player ago pretty bring if thought past radio investment your down beat war.,,8.9,Open
INC-04861,SITE-003,2025-05-23,Near Miss,High,67.0,Trade clear weight blood machine team song final protect make discover production ball.,,12.9,Under Investigation
INC-00001,SITE-006,2024-10-12,Leak,High,67.3,Argue indicate beat happen firm teacher pull development.,,1.0,Open
INC-03555,SITE-003,24/07/2023,,High,59.2,Late energy thank likely take prove.,Material Fatigue,19.7,Closed
INC-02402,SITE-003,2023-10-10,Leak,Medium,68.6,Close she knowledge no student yes try around deep.,Valve Failure,6.7,Under Investigation
INC-03009,SITE-002,2024-04-11T00:00:00Z,LEAK,,-12.3,Bag middle explain suggest third federal agency.,,10.0,Closed
INC-04178,SITE-006,2023-07-30,Fire,Critical,37.0,Sign leg inside add there play give boy situation wrong.,Sensor Malfunction,6.9,Under Investigation
INC-02845,SITE-003,2024-04-11,leak,,48.5,Peace seek glass range season outside attorney tell civil attorney involve simple represent positive expect animal be civil.,Material Fatigue,4.8,Closed
INC-03522,SITE-002,2025-05-22,Spill,Low,87.1,Skin partner rule south section only now how.,Corrosion,9.7,Closed
INC-00590,SITE-006,2025-07-24,Spill,High,53.2,Take college like probably present fire.,Sensor Malfunction,9.5,Under Investigation
INC-00635,SITE-006,2024-12-18T00:00:00Z,Leak,Medium,74.5,Across hour around sign security radio prevent fast.,Corrosion,8.7,Closed
INC-03894,SITE-004,2026-07-16,Oil Leak,Low,93.7,Factor continue interest family her avoid walk bit floor project bit board out wall those.,Material Fatigue,2.5,Open
INC-04589,SITE-001,2024-06-16T00:00:00Z,Spill,Low,100.0,Sometimes available view individual rich mention structure happen benefit read future huge.,Material Fatigue,14.0,Open
INC-05528,SITE-006,2025-01-25,Leak,Medium,71.7,Popular break establish base.,Material Fatigue,22.5,Open
INC-01580,SITE-006,2026-04-25,Near Miss,High,55.6,Rich drive thousand fact professional leader.,Operator Error,2.2,Open
INC-02748,SITE-006,2024-06-24,Equipment  Failure,Medium,64.4,Area star white arm if.,,3.9,Open
INC-02852,SITE-006,2024-10-11,Leak,Low,87.8,Over discuss week bit really none occur far cut these civil none song rock hard later however.,Operator Error,15.1,Under Investigation
INC-00980,SITE-006,2023-08-15,Leak,High,60.7,Material soon among third while deal local build training.,Operator Error,6.9,Closed
INC-02889,SITE-004,2026-03-11,Equipment Failure,Medium,79.0,Despite cover project our listen hospital.,Material Fatigue,4.7,Under Investigation
INC-04144,SITE-003,2024-03-15,Spill,Critical,44.9,Store occur east car stuff wall notice.,Third-party Damage,10.3,Open
INC-01816,SITE-003,2023-12-06,Spill,Medium ,78.3,Investment entire coach film simple.,,22.8,Closed
INC-05511,SITE-003,11-Jul-2026,Spill,High,51.9,Radio community director grow goal song crime special.,Valve Failure,9.8,Under Investigation
INC-03946,SITE-005,2025-12-02,Leak,Medium,79.2,Fish only guy myself thought main store all will seem.,Sensor Malfunction,17.7,Open
INC-00867,SITE-002,06/21/2024,Equipment Failure, Low,94.1,Just investment choice or.,Material Fatigue,3.8,Under Investigation
INC-03975,SITE-004,25-Nov-2023,Fire,Medium,82.1,Partner number family scene throw career.,Sensor Malfunction,1.8,Under Investigation
INC-05983,SITE-005,2026-05-02,Equipment Failure,High,44.4,Never page simple before price adult agency.,Material Fatigue,9.3,Open
INC-05375,SITE-002,2025-09-01,Equipment Failure,Medium,78.6,Tough describe technology fight specific election coach leave so table over station nice defense ask toward she.,Sensor Malfunction,6.2,Open
INC-04942,SITE-003,2023-08-05,Leak,Medium,82.5,Drop pass environmental return sea performance compare agency letter yes vote court prove baby.,Corrosion,7.7,Open
INC-04931,SITE-003,2026-10-13,Equipment Failure,Medium,76.1,Likely look ready ago reach language serve.,Third-party Damage,10.0,Closed
INC-00187,SITE-002,2025-02-20,Leak,Low,79.6,Management behind article eight memory product everybody participant blood.,Sensor Malfunction,3.8,Open
INC-04296,SITE-006,2025-06-11,Leak,Medium,59.8,Cell indeed event I indicate draw.,,12.0,Closed
INC-00824,SITE-006,2026-01-20,Fire,,46.0,Point rate safe stop allow.,Operator Error,5.0,Under Investigation
INC-01155,SITE-005,2025-10-08,Near Miss,Critical,63.4,Citizen market send mention mission himself participant institution.,Corrosion,5.8,Under Investigation
INC-03574,SITE-005,2025-10-20,near-miss,High,64.1,Program professional top thousand according protect knowledge.,Corrosion,5.9,Under Investigation
INC-03260,SITE-002,2023-08-25T00:00:00Z,Equipment Failure,Medium,80.8,Hold number structure just reason lead blood save listen citizen begin power result low account capital.,Corrosion,1.1,Closed
INC-01061,SITE-003,2026-04-08,Leak,High,71.9,Point stock newspaper image worry necessary east network feel war lay region newspaper.,Operator Error,3.9,Under Investigation
INC-03626,SITE-004,2024-11-26T00:00:00Z,Fire,Critical,43.9,It kid fact understand.,Material Fatigue,6.1,Closed
INC-04096,SITE-002,2026-08-22,Near Miss,Medium,83.9,Trip society four court report pressure expert organization military could positive fear.,Sensor Malfunction,0.9,Closed
INC-03064,SITE-006,2025-05-21,Spill,High,54.7,Deep go garden traditional second training phone six child.,Corrosion,14.0,Open
INC-00962,SITE-004,2025-08-17,Near Miss,High,51.1,Green loss common ability.,Third-party Damage,0.9,Under Investigation
INC-04661,SITE-004,12/04/2025,Near Miss,Low,94.0,Hear ten quite sound everybody couple southern scientist same nation view.,Operator Error,7.4,Under Investigation
INC-01069,SITE-006,2024-12-13,Equipment Failure,High,35.7,Structure treatment miss especially describe party house individual marriage painting late shake meet national.,,5.8,Closed
INC-00834,SITE-002,2024-08-23,Fire,medium,78.1,Scientist provide fall painting seven small participant find protect.,Corrosion,7.1,Open
INC-00843,SITE-003,2023-11-02,Minor Spill,High,61.5,Physical item across arrive make institution sound quickly cup lot.,Valve Failure,1.1,Under Investigation
INC-01536,SITE-005,2024-02-16,Near Miss,,68.6,Research hold citizen central present follow body nearly lead various current top.,Material Fatigue,5.8,Closed
INC-02492,SITE-005,2026-07-20,Spill,Critical,35.0,Interesting than car chair possible technology various glass.,Sensor Malfunction,13.7,Under Investigation
INC-02582,SITE-006,2026-03-04,Spill,Hi,39.3,Such my major opportunity eat institution expert two world west.,Material Fatigue,12.5,Closed
INC-00702,SITE-001,2024-07-03,Fire,Low,85.4,Thus term these seat space develop single mention Mr heart relationship.,,9.3,Under Investigation
INC-01310,SITE-005,2025-01-13,Equipment Failure,High,64.2,Serious or door between wear.,Corrosion,9.3,Open
INC-03384,SITE-005,2026-06-25,,Low,76.8,Lot feeling sing important thousand alone onto look color democratic be east stuff prove wife spend.,,2.9,Closed
INC-00640,SITE-003,2025-11-12,Near  Miss,Critical,40.6,Important kid series food view increase whether be white set middle should debate its.,,8.6,Under Investigation
INC-01485,SITE-005,2024-10-18,Equipment Failure,Medium,75.2,So ahead throughout the at.,Third-party Damage,13.8,Open
INC-01629,SITE-003,2025-11-03,Equipment Failure,Critical,40.1,Family simple vote cup more which war half must six election.,Operator Error,5.8,Closed
INC-01582,SITE-003,2024-02-12,Equipment Failure,Critical,53.5,Middle list future relate expect bed feel chair season.,Sensor Malfunction,9.2,Open
INC-02829,SITE-003,2024-01-05,Spill,Hi,59.7,Blue baby thought development song.,,6.9,Open
INC-05227,SITE-006,2024-07-24,Near Miss,High,67.3,Some else song ability discussion share lose.,Corrosion,3.5,Closed
INC-03640,SITE-006,04/07/2024,Fire,Med,68.4,Others kitchen management leg move statement then but stay physical appear simple.,,1.8,Open
INC-04517,SITE-001,2024-07-16,Near Miss,High,66.5,Item strong use effort television religious scientist audience pattern wait again some real kitchen leave daughter.,Valve Failure,4.2,Open
INC-00154,SITE-005,2024-01-18,Leak,Low,69.0,Deep any matter interesting reason show.,Third-party Damage,6.2,Open
INC-05888,SITE-003,2026-03-03,Equipment Failure,Critical,30.1,Form among area this condition director side use chance without development.,Corrosion,3.0,Closed
INC-02572,SITE-003,2024-08-09,Near Miss,High,44.6,Deep risk tell foreign trial crime seat provide.,Third-party Damage,2.9,Under Investigation
INC-02060,SITE-001,2024-09-09,Near Miss,Low,87.3,Need grow shake help him where rather inside ahead eat measure.,Operator Error,5.6,Closed
INC-02241,SITE-002,2026-04-09,Near Miss,High,54.2,Wife according miss performance civil kid executive whatever sell mouth bank develop main.,Material Fatigue,3.3,Under Investigation
INC-01115,SITE-001,2025-03-09,Spill,High,50.6,World agency myself huge born his field.,Operator Error,6.6,Under Investigation
INC-02964,SITE-002,2023-08-20,Equipment Failure,Low,90.1,Line factor task eye quickly begin.,Corrosion,4.1,Closed
INC-02824,SITE-004,07/09/2026,Spill,Low,96.4,Population medical must its meet area reflect main thousand management help remain development head full.,Corrosion,8.7,Closed
INC-05428,SITE-004,13/09/2024,Leak,Critical,41.8,Real their protect action.,Material Fatigue,1.7,Under Investigation
INC-02891,SITE-006,2024-10-11,Spill,High,61.6,Find class stuff condition same life wall yet side part son agreement accept five sign treat over a mind night.,Sensor Malfunction,9.0,Closed
INC-05736,SITE-005,2025-12-31,Equipment Failure,Low,91.8,Seek pretty your protect popular arm four relationship we forward eye year.,Valve Failure,12.8,Under Investigation
INC-01081,SITE-006,2026-02-06,Spill,High,64.6,Measure time travel short relationship future PM writer three factor staff likely way.,Third-party Damage,2.5,Closed
INC-04514,SITE-003,2025-12-20,Leak,Critical,43.3,Southern shoulder pattern trial station different everybody north me despite partner high grow last.,Valve Failure,16.3,Open
INC-04090,SITE-006,2024-09-16,Spill,Medium,77.7,Thing like media them father.,,10.4,Under Investigation
INC-01219,SITE-001,2025-03-07,Equipment Failure,Low,82.6,A star model second.,Corrosion,4.4,Closed
INC-04205,SITE-003,31/07/2023,Near Miss,High,64.3,Power not day without tax order garden task key win force.,Corrosion,3.5,Open
INC-00541,SITE-003,2023-08-03,Leak,High,53.8,Score foot information foot after.,Valve Failure,3.0,Closed
INC-02585,SITE-002,2025-05-29,Equipment Failure,Low,93.6,Very which data operation task stop send.,Sensor Malfunction,8.3,Under Investigation
INC-01807,SITE-006,2026-01-17, spill ,Low,85.2,Sport interest stock whether.,Operator Error,9.9,Open
INC-02599,SITE-002,2024-01-09,Near Miss,Medium,69.1,Make build ask during customer cover least impact training behavior fast north.,,7.9,Open
INC-02207,SITE-006,2026-07-01,Near Miss,CRITICAL,104.0,Everybody goal network actually property dark author.,Operator Error,2.9,Open
INC-05578,SITE-001,04/09/2026,Fire,High,47.3,Their he deal far few choice government third thank a common avoid she agree protect law.,Valve Failure,2.0,Closed
INC-01684,SITE-006,2026-07-19,Spill,Medium,81.9,Relate four military within rich culture throughout consumer weight toward memory money set none.,,1.5,Under Investigation
INC-04146,SITE-006,2024-06-11,Near Miss,High,79.6,Participant effort gas everybody various boy.,Third-party Damage,12.7,Under Investigation
INC-04279,SITE-002,2025-12-13,Spill,Low,92.9,Big him morning.,Operator Error,7.8,Open
INC-02022,SITE-002,2024-06-20,Near Miss,,74.0,Form can west by station.,,14.3,Under Investigation
INC-05613,SITE-006,2026-06-20,Spill,High,65.3,Hold stuff usually nature true prevent mean rate realize.,Valve Failure,12.9,Closed
INC-02888,SITE-005,2024-08-19,Equipment Failure,Low,89.6,City large drop without believe indicate participant across pattern.,Operator Error,5.6,Under Investigation
INC-01100,SITE-005,2024-06-06T00:00:00Z,Near Miss,Low,82.4,Meet likely someone top go church occur nature during stage however.,Valve Failure,9.9,Under Investigation
INC-02911,SITE-003,08/02/2025,Leak,High,60.1,Imagine card agree ten store expert.,Operator Error,11.6,Closed
INC-00210,SITE-006,2023-11-01,Equipment Failure,MEDIUM,73.4,Friend indeed green interview high drive large kitchen note.,Sensor Malfunction,7.2,Under Investigation
INC-01613,SITE-003,2025-02-25,Equipment Failure,High,69.1,First serve deal professional worker none send understand own suggest game century cover allow at single.,Operator Error,12.9,Under Investigation
INC-03952,SITE-002,2026-02-11,Equip. Failure,High,57.6,Try skill window staff civil car.,Sensor Malfunction,1.1,Closed
INC-00714,SITE-001,2024-02-09,Leak,Medium,77.0,Next hospital spring be treatment.,Operator Error,13.7,Open
INC-01070,SITE-005,2024-09-01,Near Miss,Medium,72.3,All power just sense whom kind eye world do general.,Sensor Malfunction,6.9,Closed
INC-01968,SITE-006,2025-09-09,leak ,High,68.7,Before sound manage order much theory major it two remember.,Corrosion,10.1,Open
INC-03595,SITE-003,2024-04-22,Spill,Medium,73.8,Purpose foreign necessary enter vote similar.,Operator Error,6.8,Open
INC-04088,SITE-005,2026-07-04,Fire,High,66.2,From various shoulder trouble full guy thank budget people inside.,Operator Error,9.2,Closed
INC-01730,SITE-001,2026-03-14,Fire,,74.9,Day food particular case agreement discuss work.,Third-party Damage,6.1,Closed
INC-02504,SITE-002,2026-01-05,Equipment Failure,Hi,72.0,Body end deal finally figure.,Operator Error,12.5,Closed
INC-00623,SITE-006,19-Feb-2026,Fire,High,71.8,Three page moment notice position here.,Valve Failure,1.7,Open
INC-03598,SITE-006,2024-03-03,Equipment Failure,Critical,50.1,Court save party same image value shake son role record.,Material Fatigue,14.6,Under Investigation
INC-05804,SITE-003,2025-12-08,,High,63.2,Positive power day them democratic case decade country thought.,Operator Error,6.5,Open
INC-02777,SITE-003,2026-05-16,Equipment Failure,High,43.1,Nearly poor follow least book it door though believe visit.,Material Fatigue,2.9,Under Investigation
INC-02823,SITE-006,2025-07-24,Spill, High,63.8,Forget rather here opportunity rule dark discover develop.,Material Fatigue,5.4,Closed
INC-02175,SITE-006,2025-04-29T00:00:00Z,Equipment Failure,Critical,51.8,Often apply wonder raise perform type forget.,Valve Failure,12.3,Closed
INC-02907,SITE-003,2025-10-17,Spill,Medium,69.7,Itself writer north turn prevent history be dog quite decision loss.,Valve Failure,30.0,Under Investigation
INC-03723,SITE-001,2024-10-22,EQUIPMENT FAILURE,Medium,71.8,Build morning letter anything without politics walk race recent so reach.,Sensor Malfunction,0.2,Closed
INC-05550,SITE-001,2026-01-24,Equipment Failure,Low,93.0,One forward adult between thousand house.,Material Fatigue,20.7,Open
INC-05338,SITE-006,2025-04-23,Near Miss,High,71.4,Meeting unit left article reduce.,Sensor Malfunction,14.3,Closed
INC-01029,SITE-006,18-Feb-2026, Leak,High,76.1,Church read last people figure drug enter who professional.,Third-party Damage,5.9,Under Investigation
INC-01604,SITE-004,27/05/2025,Equipment Failure,High,54.8,Deal reality stage seat quickly article dog physical on young after expect hotel hair material prove car technology.,Corrosion,11.5,Closed
INC-01128,SITE-005,2024-03-21,Fire,High,60.3,Fly laugh myself meet southern market exactly role nor.,,2.6,Closed
INC-05519,SITE-004,26/03/2026,Near Miss,Medium,83.9,Game catch goal resource similar who great however debate ground population concern religious explain impact choose.,Valve Failure,4.8,Open
INC-00052,SITE-002,16/11/2025,Near Miss,Critical,39.2,Town special rather letter out scene voice someone chance possible deal beyond.,Valve Failure,6.8,Closed
INC-01208,SITE-006,27-Feb-2024,Near Miss,Critical,45.2,Continue break eight any will candidate phone minute good.,Material Fatigue,5.3,Closed
INC-01428,SITE-005,2024-12-10,Near Miss,Med,88.4,Perform town life hand walk into pick fill.,Material Fatigue,9.4,Under Investigation
INC-00512,SITE-004,2023-08-18T00:00:00Z,,Low,78.7,Same also week color decide few ask work enjoy campaign Republican try ground ball.,,5.3,Closed
INC-03740,SITE-004,2025-06-09,Fire,MEDIUM,75.2,Cultural so risk soldier pull wish.,Sensor Malfunction,33.9,Open
INC-03438,SITE-005,06/05/2025,Equipment Failure,High,61.1,Next as table state camera blue go note it final.,Operator Error,7.2,Under Investigation
INC-04399,SITE-002,2024-12-17,Equipment Failure,Critical,44.0,Plant area not current build age record.,Material Fatigue,7.0,Under Investigation
INC-05933,SITE-005,2025-09-13,Near Miss,Low,82.4,Ever shake you movement admit.,Sensor Malfunction,10.9,Open
INC-02274,SITE-003,2023-10-21,Spill,Medium,76.8,Travel oil investment but buy determine down site sign successful.,Valve Failure,3.2,Closed
INC-04185,SITE-002,2026-06-24,Near Miss,Medium,63.9,Answer skill training region dinner toward necessary company west travel.,Corrosion,4.3,Under Investigation
INC-05097,SITE-004,2025-11-08,Spill,Medium,76.8,Song social end win event low method understand likely.,Material Fatigue,13.5,Open
INC-03821,SITE-001,2023-10-29,Leak,High,69.7,Will three arm year somebody push traditional letter never test miss responsibility difficult simple trip new parent offer.,Third-party Damage,5.2,Closed
INC-01434,SITE-003,2026-04-06,Fire,Low,86.8,Subject after TV become central lay pass talk level wish.,Valve Failure,12.0,Closed
INC-03991,SITE-002,2025-06-11,Spill,,86.7,Third some figure clearly world.,,1.9,Closed
INC-04630,SITE-004,2024-11-27,Leak,Medium,80.0,Affect usually down century laugh her value.,Valve Failure,2.3,Closed
INC-01959,SITE-002,2024-09-19,Spill,Low,88.4,Eight girl plan white nor approach degree all front country music buy or far decide baby participant prevent.,,3.1,Under Investigation
INC-05226,SITE-001,2024-04-27,Equipment Failure,Low,90.5,Wish tough always fly simple help role.,Corrosion,21.9,Open
INC-01477,SITE-006,2026-02-26,Leak,Low,81.6,Black popular education big near important natural.,Material Fatigue,8.5,Open
INC-03098,SITE-002,2026-04-06,Near Miss,Low,90.0,Also so turn worry color project.,,8.0,Closed
INC-01112,SITE-006,29/04/2025,Equipment Failure,Critical,47.0,Positive investment sell along response.,Material Fatigue,12.7,Closed
INC-02027,SITE-002,2025-03-19,Fire,Low,93.0,Article wrong none management us.,Sensor Malfunction,7.0,Open
INC-05186,SITE-005,2025-01-07,Spill ,,54.5,Trade his government sing here smile thousand month beat father respond.,Operator Error,7.3,Open
INC-02390,SITE-006,10/30/2024,Equipment Failure,High,59.8,Key book develop anyone.,Sensor Malfunction,7.2,Under Investigation
INC-04413,SITE-006,2024-07-08,Near Miss,Hi,50.8,Instead short his right.,Material Fatigue,6.7,Closed
INC-02512,SITE-002,2026-02-25,Fire,Low,97.0,Another PM attack street personal instead page technology Mrs radio plan parent.,,23.9,Closed
INC-04249,SITE-005,20/09/2024,Spill,Medium,71.2,Else reveal have law to sea any would bad officer institution miss.,Third-party Damage,9.0,Open
INC-02404,SITE-001,2025-03-26,Near Miss,Low,82.3,Network do beyond after itself.,Corrosion,1.8,Under Investigation
INC-01756,SITE-003,2026-01-24,Spill,Medium,80.6,Congress number hospital team deep.,Material Fatigue,1.8,Open
INC-04129,SITE-003,2025-09-08,Leak,High,53.3,Use lay debate home few this right.,Third-party Damage,8.1,Closed
INC-03629,SITE-002,03/25/2026,Fire,Low,91.9,Unit doctor generation usually phone road.,Sensor Malfunction,6.4,Under Investigation
INC-01508,SITE-006,2023-09-10,Leak,Critical,33.2,Above that relate majority edge sport whether throw character class feel.,,16.2,Under Investigation
INC-04728,SITE-002,2025-05-13,Equipment Failure,Low,90.5,Free conference much response citizen detail hair decide condition main.,Corrosion,13.0,Under Investigation
INC-03219,SITE-006,2026-02-24,Fire,Critical,33.9,Base prepare measure wait war leave value that edge life scene make debate customer meet possible.,Material Fatigue,1.4,Open
INC-02840,SITE-006,2025-05-17,Near Miss,Low,77.8,Over media then couple effect plan phone unit card throw couple small none hear science there last carry.,Sensor Malfunction,1.4,Open
INC-03739,SITE-004,2024-08-14T00:00:00Z,fire,Medium,81.6,National beyond role challenge keep us.,Valve Failure,3.6,Closed
INC-04771,SITE-002,2026-02-20,Equipment Failure,Medium,80.9,Decision good figure or day realize computer film activity.,Valve Failure,9.7,Closed
INC-05952,SITE-002,2026-05-31T00:00:00Z,LEAK,Medium,77.5,Mr behind how full parent fund politics husband performance somebody especially describe suffer.,Sensor Malfunction,4.6,Open
INC-05545,SITE-002,2026-02-07,Spill,Low,95.0,Sort usually lawyer important concern expert their billion environment because admit.,Material Fatigue,1.1,Under Investigation
INC-04611,SITE-001,2025-02-04,Spill,Low,90.7,Task size in investment any somebody own while.,Third-party Damage,5.7,Open
INC-00215,SITE-003,2025-11-25,Spill,Critical,45.8,Debate down cultural cause.,Third-party Damage,4.8,Closed
INC-01024,SITE-003,2026-01-25,SPILL,High,56.8,Media let base floor.,Third-party Damage,0.8,Under Investigation
INC-03360,SITE-002,2025-07-28,Equipment Failure,High,56.8,Reality likely always inside on red somebody six high coach professor address attack movement newspaper treat here strong.,Third-party Damage,6.4,Closed
INC-04438,SITE-006,06/28/2026,Spill,Low,74.6,Painting trouble tree skin my book.,Corrosion,8.8,Closed
INC-01496,SITE-002,23-Jun-2025,Equipment Failure,Medium,84.8,Head decision expect rule between public history environmental by cultural food decade everyone how.,Valve Failure,7.5,Open
INC-00674,SITE-006,2026-04-12T00:00:00Z,Leak,Medium,81.3,Ahead arrive discussion guy challenge beat.,Sensor Malfunction,14.8,Closed
INC-03698,SITE-006,2024-09-06,Near Miss,Critical,35.6,Budget north likely term visit responsibility.,,13.6,Under Investigation
INC-05366,SITE-002,04/23/2024,Equipment Failure,Critical,35.8,Common where can loss rule quite bit red room best win try.,Corrosion,5.0,Closed
INC-02294,SITE-004,2024-12-18,Equipment Failure,Low,89.9,None especially able condition stop idea.,Third-party Damage,1.6,Open
INC-01185,SITE-006,2025-10-25,Spill,Low,92.9,Good test task arm game agree chance red if.,Valve Failure,2.5,Closed
INC-02077,SITE-006,2024-09-10,,Critical,42.4,Public four enjoy movement after stand.,Valve Failure,5.3,Under Investigation
INC-03104,SITE-001,2026-07-26,Near Miss,Medium,86.1,Large dark form tree hundred employee interest get finally condition former.,Corrosion,3.0,Under Investigation
INC-01868,SITE-006,2026-04-24,Spill,High,49.4,Radio relate figure we.,Valve Failure,4.5,Under Investigation
INC-00972,SITE-006,2025-08-21,Leak,Critical,38.6,Decision analysis clearly system him court focus she against.,Sensor Malfunction,5.2,Closed
INC-03187,SITE-003,2026-04-18,Fire,High,70.4,Weight economic agency house sometimes something how history city both business.,Valve Failure,13.7,Open
INC-05729,SITE-006,2026-03-12,Equipment Failure,Critical,29.6,Seek note region save peace item investment reason million heavy face policy bank with subject.,Third-party Damage,14.1,Under Investigation
INC-04466,SITE-004,2026-02-24,Spill,crit,49.8,Oil sell country budget fall human risk lot important.,Corrosion,4.4,Open
INC-01395,SITE-002,24/08/2025,Near Miss,Medium,77.3,Bed anything customer agree power.,Corrosion,21.6,Under Investigation
INC-01255,SITE-002,2024-03-24,Spill,Low,88.0,Plant upon similar many ability whose among particularly bed grow everyone physical.,,7.0,Closed
INC-02482,SITE-003,2023-11-07,Near Miss,Medium,83.4,Not box five onto project own them ability network enjoy great charge per.,Material Fatigue,2.1,Closed
INC-01143,SITE-005,2024-08-27,Spill,Low,98.9,Science happen college many expect thank direction voice away challenge part firm least fish great.,,4.7,Under Investigation
INC-03987,SITE-006,2025-12-27,Fire,Critical,55.1,Decide boy season eight agree enjoy feeling deal relate marriage surface history age.,Valve Failure,14.4,Closed
INC-00225,SITE-001,2024-12-21T00:00:00Z,Fire,Medium,87.4,Recognize eat dinner newspaper physical young while member region central.,Third-party Damage,3.3,Under Investigation
INC-02285,SITE-003,2023-12-30,Near Miss, medium,85.3,Usually somebody course bit seem rock business guy certainly address year report full like technology.,,3.5,Open
INC-05818,SITE-001,2024-05-23,Near Miss,low,90.4,Free adult statement real class bar foreign mission surface participant eight program us.,Valve Failure,14.4,Under Investigation
INC-00797,SITE-006,2026-03-29,Spill,Low,74.2,Full explain indeed product chair room positive control window bank stay run world stuff.,Corrosion,2.0,Open
INC-03978,SITE-004,08/21/2024,Near Miss,Medium,75.8,Author have ago floor city according contain discuss seven him direction system number according ball push appear.,Material Fatigue,5.7,Open
INC-04101,SITE-002,2026-01-20,Spill,Low,89.4,Material suffer paper here consider bed have cup job.,Sensor Malfunction,8.6,Open
INC-02543,SITE-003,2026-03-08,Leak,Hi,58.3,Take soldier country if room pattern weight expert share pattern strategy event room family several common.,Sensor Malfunction,4.5,Open
INC-01594,SITE-001,2026-05-01,,Critical,46.7,One letter employee people dream read trouble five word Democrat.,Material Fatigue,8.3,Under Investigation
INC-05581,SITE-002,2025-04-25,Leak,High,75.4,Including degree campaign police job pressure.,Material Fatigue,3.3,Under Investigation
INC-05247,SITE-003,2024-04-01,Equipment Failure,Medium,82.2,Issue civil hold pull.,Corrosion,15.7,Open
INC-02660,SITE-003,2025-05-03,Equipment Failure,Critical,32.8,Home five smile school past his recognize talk respond.,Corrosion,6.6,Under Investigation
INC-00455,SITE-003,2024-09-21,Spill,Low,100.0,Lot song might raise eye production form.,Valve Failure,9.0,Open
INC-00059,SITE-001,2024-04-28,,,89.3,Past manager view suggest issue practice world generation person.,Valve Failure,1.8,Under Investigation
INC-03140,SITE-006,2023-09-13,Leak,Low,88.3,Born beautiful democratic right certainly whole commercial example nothing read medical good wind beyond front.,Operator Error,14.8,Closed
INC-00103,SITE-006,2024-10-05,Equipment Failure,Medium,77.9,Discuss recently remember lawyer near reason shoulder reduce energy.,Corrosion,11.4,Open
INC-02570,SITE-002,2023-11-04T00:00:00Z,Near Miss,Medium,66.3,Clearly tax organization later type health her develop.,,3.8,Open
INC-01048,SITE-003,2024-03-07,Spill,High,67.6,Strong dog focus tree arm light family especially right generation president such.,Sensor Malfunction,5.5,Closed
INC-02918,SITE-006,2024-06-23,Spill,Medium,69.7,So put home recent moment ask.,Operator Error,2.9,Under Investigation
INC-04906,SITE-004,2025-11-19,Near Miss,Medium,78.9,Entire gun reduce tough.,Third-party Damage,8.0,Closed
INC-05670,SITE-005,2023-08-10,Equipment Failure,Low,91.1,Coach town brother mean where game price degree follow another seat.,Third-party Damage,4.1,Open
INC-04562,SITE-006,04-Jan-2024,Equipment Failure,High,54.3,Serious time treat year ago.,Corrosion,5.7,Open
INC-02970,SITE-003,2023-08-23,Leak,,46.7,Town baby season happen chair summer seat cause.,Sensor Malfunction,11.9,Open
INC-00057,SITE-003,2024-12-07,Fire,Low,83.0,Blue rich east enough response under.,Third-party Damage,13.8,Under Investigation
INC-00165,SITE-005,2024-12-11,Fire,Medium,89.3,Low wind voice American it on.,Operator Error,7.4,Under Investigation
INC-00798,SITE-004,2025-01-19,Spill,Critical,34.6,Employee pass too window range responsibility.,Corrosion,10.9,Closed
INC-02667,SITE-005,05/23/2025,Leak,Low,81.1,Follow Mr economy yeah may person machine explain traditional though something space special.,Corrosion,13.8,Under Investigation
INC-02753,SITE-004,01/01/2026,near miss,High,63.1,Billion rise coach experience run sell field exactly different contain wife magazine place.,Valve Failure,7.7,Under Investigation
INC-03974,SITE-001,2025-07-05,Near Miss,High,66.9,Effort candidate tax detail challenge news rich front.,Corrosion,4.5,Closed
INC-00042,SITE-003,2025-10-16,Leak,Medium,75.3,Mission address federal once chance history develop who result.,Third-party Damage,7.1,Open
INC-01558,SITE-002,29-Nov-2025,Spill,Medium,69.4,Stand resource theory suddenly.,Third-party Damage,2.5,Closed
INC-01653,SITE-004,2024-10-12,Leak,,39.3,By eight plant almost end answer marriage officer one.,Valve Failure,5.7,Under Investigation
INC-00193,SITE-001,2025-11-05,Leak,High,45.6,Stay note meet economic buy different.,,2.0,Under Investigation
INC-03697,SITE-006,2024-10-02,Near Miss,Low,84.4,Her break dinner approach move discover although help.,,6.7,Under Investigation
INC-02135,SITE-004,2025-03-24,Leak,Low,93.6,Well my year picture moment toward color by season stand pressure debate fact culture.,Material Fatigue,5.1,Under Investigation
INC-01714,SITE-004,2023-12-12,Leak,Low,81.7,Return east billion resource together environment season quickly best specific often again know culture.,,6.9,Under Investigation
INC-01127,SITE-006,2025-03-23, Leak,High,67.6,Father media evening west experience economic difficult response single can feel check various local measure.,Corrosion,13.9,Open
INC-05560,SITE-002,07/15/2026,Spill,Medium ,83.8,Human give whose return budget threat difference identify room true room start glass also.,Third-party Damage,3.3,Closed
INC-00275,SITE-004,2024-10-11,Spill,Low,88.8,Newspaper simple management past beyond me according then rule.,Corrosion,8.0,Closed
INC-03494,SITE-002,2023-11-13,Near Miss,Low,83.4,Address hundred population myself lead radio act hot may.,Valve Failure,19.6,Closed
INC-05155,SITE-005,2025-05-05,Leak,Medium,76.1,Back PM walk question trouble wall.,Sensor Malfunction,0.6,Under Investigation
INC-02190,SITE-006,2025-01-04,Equipment Failure,high,62.9,Dark position major seek summer push.,Sensor Malfunction,4.3,Under Investigation
INC-02780,SITE-006,2024-10-17,Leak,Low,78.1,Those produce student media management.,Third-party Damage,12.5,Closed
INC-01015,SITE-003,2024-12-12,Near Miss,Low,89.0,Prepare ability answer role serious need process wait feel heart.,Corrosion,5.9,Under Investigation
INC-04167,SITE-002,2025-06-25,Near Miss,Low,86.2,Wonder partner itself check man prepare major degree ahead.,,2.9,Open
INC-02433,SITE-003,2026-03-01,Leak,Low,92.3,Democrat best agree cover car could force.,Corrosion,1.9,Closed
INC-04619,SITE-003,2025-07-16T00:00:00Z,Leak,High,77.2,Huge civil book who place live management everything wind wish line training your half.,Corrosion,7.0,Under Investigation
INC-02456,SITE-002,2024-03-09,,Critical,66.5,Treatment hundred mother scene order rule exist kitchen level another.,Operator Error,10.7,Open
INC-01967,SITE-003,2024-06-11,Equipment Failure,Medium,64.9,Partner house something figure power worker who member onto all however.,,2.4,Under Investigation
INC-01307,SITE-002,03-Apr-2025,Near Miss,Low,85.8,Challenge practice charge season reflect someone modern international.,Sensor Malfunction,17.0,Closed
INC-00869,SITE-005,2023-08-27,spill,high,46.7,Spend both follow let day moment value standard suggest former interview democratic free feeling voice next law compare.,Third-party Damage,9.7,Closed
INC-04510,SITE-004,2024-09-11,Equipment Failure,Low,83.9,Course tax of be election tree south technology pull resource.,Material Fatigue,12.7,Closed
INC-00858,SITE-003,2025-01-04,Spill,High,43.0,Knowledge thus very before official project impact gas visit pattern benefit.,Sensor Malfunction,18.6,Under Investigation
INC-03392,SITE-005,19/03/2026,Fire,High,49.4,My to former affect really certain fact.,,5.7,Open
INC-02706,SITE-006,2026-01-03,,High,65.5,Political others find allow everything real tax.,Sensor Malfunction,17.4,Closed
INC-03423,SITE-006,2025-12-18,Equipment Failure,High,60.5,Once scientist student claim door wear than candidate result wife network.,Sensor Malfunction,10.2,Under Investigation
INC-01837,SITE-005,10/07/2026,Fire,Medium,69.6,Commercial finally son often.,Third-party Damage,2.0,Closed
INC-04372,SITE-002,07/12/2025,,Low,83.8,Which pick stop way audience learn instead note condition thousand southern instead.,Operator Error,0.9,Closed
INC-00673,SITE-002,2024-10-11T00:00:00Z,Equip. Failure,High,66.4,Ask run concern west data easy radio speech off role art.,Operator Error,11.1,Under Investigation
INC-02044,SITE-002,2024-07-03,Spill,High,58.9,Couple season thus often nothing debate human business help.,,0.9,Closed
INC-00863,SITE-006,2023-08-07,Leak, Low,88.9,Alone then mind more production head though stay position call environment clear hospital media after someone teach hair.,Operator Error,8.7,Closed
INC-01624,SITE-006,2025-08-19,Leak,High,56.7,Current far look season yard wonder since possible yes trip through individual year.,Corrosion,2.9,Closed
INC-04338,SITE-001,2023-08-11,Leak,Medium,68.3,Game then owner window at color their rate heart require where.,Material Fatigue,4.3,Open
INC-03208,SITE-006,2023-12-23,Equipment Failure,Medium ,70.3,Company same response however summer deep better main.,Sensor Malfunction,6.6,Open
INC-05007,SITE-004,2024-10-21,Near Miss,Medium,67.0,Pass entire store hotel those under citizen how teach network single seat term.,,4.7,Open
INC-03844,SITE-004,2023-11-11,Equipment Failure,Critical,54.0,Party return customer person finally occur visit audience will.,,10.4,Closed
INC-05624,SITE-002,2025-09-15,Near  Miss,Low,92.2,Meeting notice conference picture.,Valve Failure,5.3,Closed
INC-03695,SITE-005,2024-05-27,Near Miss,Low,95.3,Seven question foreign parent rich himself before rate hair history position every suddenly.,Corrosion,6.3,Under Investigation
INC-02209,SITE-003,21/01/2026,Leak,Critical,43.6,Its hot although lead voice too fast although with.,Material Fatigue,14.9,Under Investigation
INC-00742,SITE-002,2026-03-09,,Medium,75.5,College or own allow minute child himself.,Third-party Damage,14.4,Open
INC-01725,SITE-002,05/04/2025,Equipment Failure,Medium,82.4,Sea wear event law whatever will project.,Sensor Malfunction,12.9,Closed
INC-01961,SITE-002,02/03/2025,Spill,Medium,71.0,Pretty entire best determine every right enjoy might.,Valve Failure,8.3,Closed
INC-02224,SITE-002,2024-11-24,Equipment Failure,Medium,69.0,Worry wonder production fast human this employee even.,Valve Failure,2.9,Under Investigation
INC-00903,SITE-002,2026-03-11,Spill,Medium,68.7,Where situation college mother worry thus old treatment knowledge theory level myself answer PM.,Third-party Damage,3.7,Under Investigation
INC-04715,SITE-006,2023-10-30,Equipment Failure,Critical,59.7,Yes hair cultural less quickly recognize standard professional but.,Sensor Malfunction,3.9,Closed
INC-05083,SITE-005,2026-05-30,Equipment Failure,High,62.8,Everything easy couple red with away area seven window early relate degree itself many purpose behind chance.,Material Fatigue,8.7,Open
INC-03239,SITE-006,2023-10-22,Equipment Failure,High,56.9,Statement return the medical here another finally what foreign like million back part enter science partner whom note.,Operator Error,15.7,Open
INC-05617,SITE-001,2023-08-15T00:00:00Z,Spill,High,63.6,Land sure significant city remain growth forget partner.,,7.3,Open
INC-01288,SITE-003,2023-11-12,Spill,Critical,51.4,Account contain see white heavy war drive physical American surface late.,Material Fatigue,7.8,Under Investigation
INC-05524,SITE-005,2024-02-29,Near Miss,Medium,86.8,Myself business pretty customer.,,3.0,Under Investigation
INC-02804,SITE-001,2023-09-20,Spill,Medium,72.6,Candidate data argue marriage though there.,Corrosion,11.6,Under Investigation
INC-02877,SITE-004,2025-06-23,Spill,High,47.9,Current national consumer group popular look cold house wife window half maybe democratic treat however lay.,Third-party Damage,9.0,Closed
INC-01937,SITE-005,26-Mar-2025,Spill,Critical,34.0,Between thus bit off method receive hospital central along century too brother plant tax.,Operator Error,8.2,Open
INC-01111,SITE-002,2025-12-26,Near Miss,Low,79.4,Church always source age politics call.,Valve Failure,32.4,Closed
INC-01614,SITE-003,2024-08-23,Equipment Failure,high,61.0,Wife institution section tonight line apply style mean.,Valve Failure,13.4,Under Investigation
INC-01030,SITE-003,2026-05-29,spill,High,58.8,More sign president system bar arm public will painting recognize.,Sensor Malfunction,4.3,Open
INC-01533,SITE-005,2024-02-19T00:00:00Z,near-miss,Low,88.9,Chair make structure finally task room manage.,Operator Error,6.9,Open
INC-04148,SITE-006,2025-12-02,Leak,Critical,47.7,Beautiful class modern two someone miss station oil forget marriage nature collection.,Material Fatigue,17.6,Under Investigation
INC-00950,SITE-005,2024-08-31,Leak,medium,83.3,Individual tend camera provide top.,,23.8,Closed
INC-03469,SITE-001,2023-09-22,Near Miss,Low,100.0,Serious cold west fear agent everyone.,Operator Error,7.4,Open
INC-03996,SITE-006,2025-05-01,Spill,High,44.4,Speech son show car already order response nearly early end indicate early media available clearly office fight.,Material Fatigue,6.5,Closed
INC-04726,SITE-003,2025-10-23,Equipment Failure,Critical,31.7,Court theory behind still certainly.,Third-party Damage,6.3,Under Investigation
INC-05882,SITE-005,2023-11-30,Spill,Medium,66.5,Phone card course southern tell in summer carry house analysis.,Material Fatigue,8.9,Closed
INC-03221,SITE-005,2023-11-12,Near Miss,Low,84.5,Fall tough who direction brother reflect offer move animal especially specific receive visit PM thus possible heart difficult.,Material Fatigue,7.3,Closed
INC-01204,SITE-001,2026-01-16,Spill,Low,89.0,Bring trouble simple rise help soldier industry television born occur suffer production time probably open able onto allow.,Corrosion,11.9,Closed
INC-05547,SITE-003,2024-07-24,Leak,Critical,44.4,Raise music ask hot industry understand whom economy behavior.,Operator Error,7.2,Under Investigation
INC-00724,SITE-005,2024-05-20,Equipment Failure,Critical,29.2,Cut point miss cut save source than conference southern.,Corrosion,7.0,Under Investigation
INC-05367,SITE-001,2026-06-05,Leak,Medium,75.4,Smile parent cause despite myself.,Third-party Damage,1.1,Under Investigation
INC-05556,SITE-001,2023-07-26,near miss,High,69.6,Order start no local organization effect coach hospital true.,Material Fatigue,6.8,Open
INC-01022,SITE-002,2025-07-11,Equipment Failure,High,41.4,Production both she writer body.,Valve Failure,18.5,Open
INC-03754,SITE-005,2026-09-22,Near Miss,Medium,62.6,Education whose you discover maybe decide try.,Corrosion,7.0,Closed
INC-02695,SITE-002,2025-06-04,Near Miss,Low,87.3,Cut decide black decade television candidate reduce mouth.,,1.9,Open
INC-03333,SITE-001,2026-03-25,Spill,,67.9,Amount democratic generation occur fear plan either still agency along.,Operator Error,11.8,Open
INC-02157,SITE-002,2024-08-25,Near Miss,Low,92.6,Feel with employee consumer no American community position.,Corrosion,10.7,Open
INC-03491,SITE-003,2023-10-24,Leak,Medium,87.9,Agreement operation south new eight small.,,13.4,Closed
INC-03012,SITE-003,2026-04-20,Fire,Medium,75.7,Drop feel talk country suddenly south building rise short short talk.,Material Fatigue,0.8,Open
INC-05655,SITE-005,2023-08-08,Fire,,44.0,Figure during include whatever this open use affect read election level establish rule.,,7.7,Open
INC-02646,SITE-004,2024-02-12,Spill,Medium,78.2,Court Mr interest large cultural mind forget sometimes.,,3.7,Under Investigation
INC-00503,SITE-004,2024-03-19,Near Miss,Medium,88.0,Baby heart act happen.,Operator Error,0.7,Closed
INC-03870,SITE-003,2024-11-05,Near Miss,Critical,45.2,Fire general exactly dream across whole throw his lot road skin foreign.,,2.7,Closed
INC-01131,SITE-005,2025-09-24,Near Miss,Medium,86.8,Natural poor travel partner kid family drop save necessary deep color bill.,Operator Error,9.5,Closed
INC-04048,SITE-006,2024-06-07,Leak,high,71.6,Along business body when rate probably which join think member happen heavy than option.,Corrosion,7.6,Under Investigation
INC-02412,SITE-003,2025-04-19,leak,Critical,57.6,Perhaps suddenly onto strong money whom who notice myself together week very series amount family.,,11.3,Open
INC-01301,SITE-001,26/05/2025,Equipment Failure,High,62.8,Week support unit type yourself rise others later she hold student audience such morning out language.,Third-party Damage,13.3,Under Investigation
INC-02093,SITE-002,2026-04-06,,Critical,29.6,Interview enough defense recently land believe wind other.,Corrosion,16.2,Open
INC-03159,SITE-003,2024-10-30,Leak,HIGH,59.0,Shake prevent travel movie question site across.,,4.7,Closed
INC-03851,SITE-004,02/24/2025,Equipment Failure,High,62.7,Possible rest million less effort road involve already security speak start small sure nation agent early must.,,3.6,Closed
INC-00388,SITE-005,2025-12-10,Near  Miss,Medium,81.0,Future according school better visit although push everyone kitchen pattern opportunity near stuff see someone wish financial.,Sensor Malfunction,8.8,Under Investigation
INC-00068,SITE-004,2024-07-21,Fire,Low,79.5,Drug tree glass like reach.,Corrosion,8.7,Open
INC-01688,SITE-003,10/30/2025,Spill,High,67.5,City thing glass glass participant sport even resource finish must.,,20.8,Under Investigation
INC-03803,SITE-001,2024-01-20,Spill,High,52.3,Election act treatment my discover professor various consumer response.,Third-party Damage,9.6,Under Investigation
INC-04034,SITE-006,2025-07-03,Near Miss,High,73.5,Choose receive throw guy dinner test system only remain true beat imagine dog price.,Valve Failure,26.1,Closed
INC-00035,SITE-006,2025-09-03,Fire,Critical,49.3,Suffer remain all sense particular building month international.,Operator Error,12.0,Open
INC-05673,SITE-003,2024-12-17,Leak,Critical,15.4,Data pressure magazine leader crime foot hour benefit rate lawyer authority arm them table employee.,Sensor Malfunction,6.6,Closed
INC-03547,SITE-006,2023-11-09,Leak,Critical,54.3,Surface effort certain kitchen general affect maybe.,Corrosion,2.2,Closed
INC-00412,SITE-001,2024-02-03,Equipment Failure,Low,93.9,Black thank trial idea say fire eye accept side good impact.,Sensor Malfunction,3.5,Open
INC-05048,SITE-004,2026-09-05,Equipment Failure,High,64.1,Contain reveal though drop president.,Third-party Damage,4.0,Open
INC-03909,SITE-002,2026-03-18,Spill,Medium,65.8,Career available so issue home much station my stage.,Third-party Damage,10.8,Open
INC-02966,SITE-003,2024-06-14,Near Miss,Low,83.7,Brother guess evidence rate table glass book control one blue.,Material Fatigue,0.8,Under Investigation
INC-05720,SITE-005,2025-10-02,Near Miss,Low,94.2,Can religious specific travel machine whose space.,Corrosion,11.9,Open
INC-05709,SITE-002,2024-09-28,Near Miss,Low,85.6,Air car that exist minute true name hear agree fly word population full.,,11.2,Open
INC-04790,SITE-003,2023-09-03,Spill,Low,92.7,Miss development threat sometimes one change democratic base seat miss call.,Third-party Damage,13.1,Open
INC-02771,SITE-005,2026-02-12T00:00:00Z,Spill,High,67.2,Often scientist five far family claim play only bag artist.,Material Fatigue,3.4,Closed
INC-05414,SITE-003,11/07/2024,Leak,Medium,62.2,Expert song customer community tend style west method front write population wish political ground.,,23.9,Closed
INC-03495,SITE-006,2026-02-20,Fire,Med,78.4,Medical audience soldier industry contain purpose attorney build black exist star behind.,Operator Error,11.7,Under Investigation
INC-04522,SITE-003,2024-09-27,Leak,Critical,23.7,Evening alone lay road style interview central hot red consider feeling.,Third-party Damage,8.2,Closed
INC-03214,SITE-006,2026-04-28,Leak,Crit,65.0,Use skill exist rich health plan trial next wide item music cause TV responsibility.,Operator Error,5.8,Under Investigation
INC-05415,SITE-004,2024-08-14,Fire,Medium,75.7,Account join various traditional reason foot free beyond over generation choice.,,4.3,Open
INC-03256,SITE-003,2025-03-03,Spill,crit,49.0,However give arm its site.,Operator Error,2.6,Under Investigation
INC-00268,SITE-005,2026-07-14,Equipment Failure,Medium,70.8,Goal partner collection floor really real season entire room stock good.,Operator Error,1.5,Open
INC-03719,SITE-001,2025-03-02,Leak,Low,94.9,Add production around hit strategy.,Third-party Damage,4.6,Open
INC-05476,SITE-003,2025-10-10,Spill,Medium,62.1,Present air carry street others night fund in.,Material Fatigue,10.6,Closed
INC-05194,SITE-001,2024-10-23,Spill,Medium,87.9,Mission impact current lay want trial world ok shake figure particular sure.,Third-party Damage,4.4,Under Investigation
INC-05355,SITE-005,2026-07-05,Spill,Medium ,90.2,Onto book adult firm choice them difficult claim policy agency.,,10.0,Closed
INC-00953,SITE-006,2025-02-04,Leak,High,67.7,Military two fire hard loss.,,7.0,Under Investigation
INC-03339,SITE-006,2024-04-03,Spill,High,68.3,Plan wonder kind little yourself laugh history change already.,Corrosion,33.4,Under Investigation
INC-05844,SITE-005,2025-09-20,Equipment Failure,,69.3,Let degree newspaper how without huge protect power though some lot in power everything alone authority.,Corrosion,7.0,Under Investigation
INC-01792,SITE-005,2026-01-14T00:00:00Z,Equipment Failure, High,72.7,Skill assume finally run cup board prepare pick my true arrive stage majority.,Third-party Damage,9.6,Open
INC-01013,SITE-005,2024-11-04,Fire,Hi,65.4,Throw under floor after do.,Corrosion,4.7,Open
INC-03930,SITE-004,2026-09-19,Spill,High,72.5,Manage field stock church garden member movement lot goal.,Sensor Malfunction,6.2,Open
INC-02072,SITE-002,12/03/2025,Near Miss,Medium,62.8,Follow off wide consumer whole along cultural him even phone opportunity popular say son thousand enough beyond everyone population.,,15.0,Closed
INC-00604,SITE-006,2025-01-27,Spill,High,54.7,Vote information product system reveal concern dinner without heart time husband.,Sensor Malfunction,3.7,Open
INC-04743,SITE-002,2025-08-30,Near Miss,High,47.7,Head black security out here trade source near product seek account.,Material Fatigue,4.2,Closed
INC-00079,SITE-006,06/21/2026,Leak,Medium,70.5,Series result those another consumer animal.,Sensor Malfunction,15.0,Under Investigation
INC-01794,SITE-004,2026-04-12,Near Miss,Critical,52.2,Democratic red sort that TV experience executive between hour.,Corrosion,3.0,Under Investigation
INC-05508,SITE-006,09-Feb-2026,Spill,Critical,54.8,Mother approach family return effect girl admit.,Operator Error,4.2,Open
INC-05558,SITE-002,2025-03-26,Fire,Low,77.0,Hand group pressure entire.,Operator Error,3.6,Under Investigation
INC-03432,SITE-006,17/03/2026,Spill,High,78.1,Little I staff difference production.,Third-party Damage,18.2,Under Investigation
INC-02566,SITE-006,22/08/2023,Equipment  Failure,High,65.3,Process news serve hard occur risk.,Third-party Damage,8.6,Closed
INC-05145,SITE-004,2024-11-25,Leak,Medium,74.7,Hair enjoy future quite culture tree record third rise nor right responsibility let by politics allow.,Corrosion,13.7,Open
INC-02328,SITE-003,2026-04-22,Spill,Low,92.8,Vote left oil huge firm general pull suggest why toward left somebody.,Corrosion,4.2,Open
INC-00518,SITE-003,2025-03-24,,High,64.5,Different much water service building large remain worry hot could you.,Corrosion,16.6,Under Investigation
INC-02192,SITE-003,16-Nov-2023,fire,High,62.2,Start this Congress piece true learn how kitchen inside middle story yard player key activity total get produce.,,6.6,Closed
INC-02176,SITE-004,2024-01-01,Near Miss,Critical,44.9,Accept eight author care board example reflect truth dinner write style trade gun yet green seek series today.,Material Fatigue,8.2,Closed
INC-04115,SITE-003,2026-03-22,Leak,High,63.6,Cup region difficult source way ten measure.,Valve Failure,8.9,Closed
INC-03143,SITE-002,2025-11-15,Leak,Medium,66.7,Pm call born hotel writer.,Third-party Damage,9.9,Closed
INC-02679,SITE-002,2026-03-02,Near Miss,Critical,43.9,Letter physical blood movie able public job play everyone arrive hundred often suddenly to join specific Mrs different.,Corrosion,5.5,Open
INC-03395,SITE-006,2026-06-29,Spill,Low,82.4,About any drive sound shake list need important building next until hope sense doctor.,Third-party Damage,7.0,Under Investigation
INC-03107,SITE-002,2023-11-18,Near Miss,high,47.3,Put four operation occur party soldier.,,14.0,Open
INC-04335,SITE-003,03/16/2024,LEAK,Crit,36.5,Bed see poor others per public American wind itself environment health popular nearly free represent.,,4.3,Under Investigation
INC-05231,SITE-005,04/04/2024,Near Miss,Low,89.1,Common fine market determine institution skill from sort.,Third-party Damage,11.7,Open
INC-02525,SITE-006,2026-04-28,Leak,crit,33.6,Environmental modern special point front day understand sign long prevent method hear dog cut guy blue political pull bed environment.,Material Fatigue,4.2,Closed
INC-01210,SITE-005,2025-03-19,Equipment Failure,Medium,70.6,Apply leave war box you develop particular.,Third-party Damage,12.1,Under Investigation
INC-04511,SITE-006,2025-09-09,NEAR MISS,High,67.8,Building school mission report yourself owner game rock reach modern.,Valve Failure,4.4,Open
INC-01571,SITE-005,31-Aug-2024,Spill,Medium,88.3,Culture suggest reflect old garden much story.,Material Fatigue,7.4,Under Investigation
INC-01242,SITE-006,2026-05-28,Fire,High,53.5,Adult skill ball better.,Sensor Malfunction,6.4,Under Investigation
INC-05125,SITE-005,2025-08-08,Spill,Low,93.9,Various card beat summer oil realize interesting thing perhaps almost power speech.,Third-party Damage,3.6,Open
INC-02127,SITE-003,2025-06-09,Near Miss,High,64.6,Job everything must season speak weight book total issue me various heavy kitchen.,Material Fatigue,24.9,Closed
INC-05067,SITE-006,2024-09-29,Near Miss,,67.1,Employee can network couple collection class whether weight six consider eye red western.,Material Fatigue,3.5,Open
INC-01678,SITE-005,2025-11-20,Equipment Failure,Medium,90.7,Hundred court safe set.,Operator Error,13.4,Closed
INC-01072,SITE-002,2026-07-12,Near Miss,Lo,94.6,Pattern nearly enjoy natural upon check.,Material Fatigue,7.0,Closed
INC-05064,SITE-005,2025-03-02,Equipment Failure,Critical,41.0,Leg everyone late child.,,8.0,Under Investigation
INC-03702,SITE-005,2024-10-15,Equipment Failure,Medium,76.1,Poor form visit serve perhaps.,Operator Error,9.3,Under Investigation
INC-00730,SITE-006,2026-05-17,Leak,medium,72.3,Per wrong address guy represent hotel feel hard military line enter member finish recently include situation parent.,Third-party Damage,10.3,Open
INC-05773,SITE-006,2026-06-24,Equipment Failure,Critical,57.1,Example history question war maintain together type.,Sensor Malfunction,7.9,Open
INC-05233,SITE-006,2024-12-18,Leak,MEDIUM,82.5,College choice appear defense better low Republican.,Operator Error,12.7,Under Investigation
INC-00588,SITE-002,08/11/2023,Spill,Low,81.5,Close fear voice marriage care goal parent about nothing attention add old what certain.,Valve Failure,8.6,Closed
INC-03484,SITE-003,2025-02-13,Fire,High,60.7,Available party early far item.,Operator Error,3.5,Open
INC-05533,SITE-006,2024-02-04,Equipment Failure,High,74.4,Everybody increase anything plant start human suggest recognize different everybody in.,Material Fatigue,0.5,Closed
INC-05703,SITE-006,2026-06-19,Leak,Critical,48.1,Man long put similar project threat purpose so spend food.,Third-party Damage,9.8,Under Investigation
INC-05887,SITE-005,2026-04-10,Equipment Failure,High,61.2,Cause reality right statement they position consumer speech dinner more.,Corrosion,17.7,Open
INC-00914,SITE-004,2026-07-03T00:00:00Z,Leak,Low,83.6,Number anything detail dog become wall treat heavy thing operation structure customer notice appear century executive.,,19.9,Closed
INC-00652,SITE-002,2026-08-18,Equipment Failure,Low,104.0,Republican size key trip rate town reflect leg too attorney.,,6.1,Closed
INC-02638,SITE-001,2025-10-21,Near Miss,Medium,78.6,Bag foot political style once process none imagine.,Sensor Malfunction,17.8,Open
INC-01447,SITE-001,18-Mar-2026,Fire,Low,88.6,City even wait leader bill Mrs enough one head.,Operator Error,4.9,Under Investigation
INC-05163,SITE-004,2025-05-07,Leak,Medium,85.5,Make glass program he myself.,,3.8,Open
INC-04595,SITE-004,2024-06-16T00:00:00Z,Leak,,70.4,Local career audience for party.,Corrosion,6.8,Under Investigation
INC-05963,SITE-006,2025-09-28,Leak,Medium,78.6,Collection radio strategy cell wonder even season day wait writer general.,Material Fatigue,1.7,Under Investigation
INC-04691,SITE-002,2024-02-21,Equipment Failure,Medium,98.5,Power away record turn this move shake institution.,Corrosion,2.4,Open
INC-04994,SITE-001,2023-12-20,LEAK,High,60.6,Plant rate apply character mother put television debate after instead writer analysis space along career system add difference must.,Material Fatigue,14.1,Closed
INC-04768,SITE-001,2024-05-01,Near Miss,Medium,72.6,Where whom speak general order north.,,2.4,Under Investigation
INC-02234,SITE-005,2025-07-18,Leak,Critical,56.1,Agree think impact mother fund plan couple stand factor today cut responsibility hold.,Third-party Damage,4.2,Closed
INC-01005,SITE-005,2025-10-22,Fire,High,48.5,Dinner about involve wrong industry sit morning stage true play compare.,Sensor Malfunction,9.0,Under Investigation
INC-01340,SITE-006,14/11/2025,Leak,High,63.6,Southern fight production final her how here picture often series appear.,Valve Failure,7.5,Under Investigation
INC-02226,SITE-006,2025-03-30,Leak,Crit,53.0,Carry everybody enjoy own reach listen question note even walk talk describe.,Valve Failure,31.9,Closed
INC-03890,SITE-003,2025-06-11,Leak,High,53.3,Produce many sing indicate trip appear choose strategy.,Valve Failure,15.8,Open
INC-01291,SITE-001,2024-11-29,Near Miss,Medium,79.8,Professor reason sure court everything few.,Operator Error,11.7,Closed
INC-00368,SITE-003,2026-03-15,Equipment Failure,High,56.4,Century a even medical evening heavy explain water.,,0.4,Open
INC-04902,SITE-001,2026-10-02,NEAR MISS,Low,87.7,Office fight real establish debate believe should.,Corrosion,10.4,Under Investigation
INC-05010,SITE-001,2026-07-04,SPILL,High,47.8,Sing reveal dog benefit director perhaps enjoy general better reach far film reach ten young popular history.,Corrosion,2.2,Open
INC-01884,SITE-005,2025-12-15,Equipment Failure,High,55.9,Just foot indeed.,Operator Error,8.5,Under Investigation
INC-04095,SITE-005,2025-08-06,Equipment Failure,,73.2,Perform employee baby strategy attorney forget view break.,,25.6,Open
INC-04355,SITE-006,2024-03-06,Leak,Hi,64.4,Choice decade trade.,,7.6,Closed
INC-00893,SITE-003,2025-08-14,Fire,,61.0,Anything southern situation head or question a foot.,Third-party Damage,10.6,Open
INC-03513,SITE-004,2024-01-01,Equipment Failure,High,65.3,Fund practice pattern American per response defense between dog bag charge.,Sensor Malfunction,11.9,Under Investigation
INC-04729,SITE-005,14-May-2024,Near Miss,Lo,92.6,Late reveal show sport model four growth public focus can.,Operator Error,18.2,Open
INC-05432,SITE-002,2026-02-27,Near Miss,High,69.0,Attorney nor important debate dream understand away.,Valve Failure,1.9,Open
INC-00550,SITE-001,2023-08-20,Leak,High,51.4,Ready business church region fine mind every.,Operator Error,12.4,Closed
INC-03762,SITE-004,2024-09-20,Near Miss,Medium,79.8,By myself glass standard physical join water until record series move course.,Operator Error,6.9,Under Investigation
INC-02088,SITE-003,2025-02-02,Leak,Critical,42.5,Miss Mrs benefit responsibility look my recent almost medical eight series receive interest mind over wear ever bed still activity.,Operator Error,4.5,Closed
INC-00063,SITE-006,2025-12-22,Spill,Medium,74.8,Player senior others during wife.,,11.8,Open
INC-01324,SITE-004,2026-07-08,Near Miss,Medium,80.6,Place color finally learn his when.,Third-party Damage,5.6,Closed
INC-00468,SITE-001,2026-03-11,Equipment Failure,LOW,92.9,Take rich bad like find truth.,Corrosion,0.8,Under Investigation
INC-02737,SITE-003,2023-08-25,Near Miss,High,56.2,Society modern hear music discuss central order season half common chair physical almost collection.,Sensor Malfunction,3.8,Open
INC-01560,SITE-002,2023-08-06,Spill,Low,89.4,Dark number audience wide.,Material Fatigue,5.9,Closed
INC-05465,SITE-001,2025-07-12T00:00:00Z,Spill,Medium,76.2,Performance world manager school put business ahead security.,,14.3,Under Investigation
INC-05066,SITE-005,2023-12-14,Near Miss,Crit,49.6,According star what manage together strong available while computer morning media.,Material Fatigue,1.5,Open
INC-03859,SITE-006,2025-12-02,Spill,High,57.2,Summer feeling wear almost professor hot wrong fast drug dinner civil environmental this.,Sensor Malfunction,4.1,Under Investigation
INC-03526,SITE-002,19/09/2024,,Medium,76.4,Rich read teacher inside be character official hard say my others remain finally price customer.,Sensor Malfunction,22.4,Under Investigation
INC-01490,SITE-003,2025-04-22,Leak,Medium,73.1,Again fact guess television impact child attack left sense cost believe increase decide.,,4.9,Open
INC-05662,SITE-002,2024-11-25,Near Miss,Low,77.4,Per new wear party scene close school sister position term side friend green.,Third-party Damage,1.1,Under Investigation
INC-04954,SITE-006,2023-12-21,Equipment Failure,Medium,74.0,Different find beyond customer last good sport center.,Third-party Damage,7.3,Under Investigation
INC-01170,SITE-006,13-Apr-2026,leak ,Hi,67.0,Television while size authority standard table issue avoid bank.,Sensor Malfunction,11.0,Closed
INC-00113,SITE-003,2024-01-27,Leak,High,58.8,Heart year dark look my air item loss accept young room once move white town event send.,Corrosion,7.1,Open
INC-01848,SITE-001,10/27/2023,Fire,Critical,27.6,Day security wait there hospital own tonight like sort investment.,Sensor Malfunction,10.8,Closed
INC-01807,SITE-006,2026-01-17, spill ,Low,85.2,Sport interest stock whether.,Operator Error,9.9,Open
INC-05494,SITE-002,2024-12-23,Leak,Critical,44.1,Professor child may action beyond heart card such right guess institution against to environmental in common source base.,Corrosion,6.6,Under Investigation
INC-03049,SITE-002,2025-09-06,Near Miss,Medium,89.1,My yourself goal the maintain wide yourself.,Operator Error,16.1,Closed
INC-03849,SITE-004,2024-02-24,Near Miss,Medium,71.2,Population I total general always who company stock.,Operator Error,4.3,Closed
INC-02879,SITE-005,22-Jun-2024,Leak,Medium,87.3,Resource describe also also.,Valve Failure,7.9,Closed
INC-03079,SITE-006,2025-03-27,Leak,High,41.6,Despite but everything knowledge couple create east lead.,Material Fatigue,3.5,Open
INC-02613,SITE-001,2023-08-21,Spill,Low,88.8,Fight half pick push crime under community wall kitchen hot listen.,Valve Failure,5.6,Closed
INC-03133,SITE-001,2025-12-25,Near Miss,Low,100.0,Account much quality price rather all wish suddenly peace science debate simple.,Corrosion,3.8,Closed
INC-04140,SITE-005,2024-09-01,Leak,Low,83.8,Yard he reflect TV our.,Operator Error,5.9,Closed
INC-00326,SITE-003,2026-03-03,Equipment Failure,Medium,63.0,Remember goal describe until check face open ten right.,Third-party Damage,12.6,Closed
INC-04143,SITE-004,2023-12-10,Fire,Medium ,66.4,Rich leave property become outside affect sister young movie material other those of anyone forward American center voice.,Sensor Malfunction,9.3,Open
INC-04985,SITE-006,09/04/2025,Leak,Low,79.9,Day gas suggest choose quickly see sure look simple get.,Sensor Malfunction,6.4,Closed
INC-05327,SITE-002,2023-09-06,Spill,Critical,53.8,Road effort owner Congress summer yeah among lawyer season size.,Third-party Damage,8.5,Closed
INC-01086,SITE-006,2023-08-22,Leak,HIGH,68.6,Computer democratic weight alone common stop authority race present her.,Material Fatigue,4.4,Under Investigation
INC-00562,SITE-002,2024-01-18,Near Miss,Medium,73.6,Picture sea outside certain because fill ground let teacher food.,Third-party Damage,9.4,Closed
INC-05031,SITE-003,2026-03-22,Fire,Medium,90.3,Group fear door allow statement answer sit woman security thing woman others watch factor high kind.,,12.0,Under Investigation
INC-00917,SITE-006,2025-05-14,LEAK,High,67.1,Something protect cut best notice hotel.,Corrosion,13.0,Under Investigation
INC-03654,SITE-003,2025-09-12,Fire,Critical,30.7,Need after glass certain prevent offer forget control determine character American such.,Third-party Damage,15.5,Closed
INC-02187,SITE-006,2024-06-02,Leak,Critical,63.0,Before team management across add not single radio ability also range catch.,Sensor Malfunction,6.0,Open
INC-03390,SITE-003,23-May-2025,Leak,Critical,34.5,Seat magazine protect effect understand lay room right throughout someone fire keep foot.,Valve Failure,12.9,Open
INC-03726,SITE-003,2024-12-08,,High,68.7,Win whatever from lose clearly new happen vote chair college picture price.,Valve Failure,10.3,Under Investigation
INC-00949,SITE-003,2024-10-07,Near Miss,High,77.5,Policy growth raise produce condition member best indeed set list Congress Congress blood top event subject after.,Corrosion,10.3,Closed
INC-02182,SITE-004,2025-09-26,Leak,Medium,83.9,Instead dream your.,Sensor Malfunction,5.0,Open
INC-00755,SITE-002,2024-04-10,Leak,Medium,71.7,Guy wind sister since hotel character hit southern such whose local.,Sensor Malfunction,5.8,Under Investigation
INC-02210,SITE-001,08/19/2024,Near Miss,high,40.4,Fall year agree goal process.,Operator Error,5.5,Closed
INC-03292,SITE-006,2023-08-20,Spill,Critical,55.2,Service each car seem mother any.,Operator Error,2.2,Under Investigation
INC-05746,SITE-005,2024-02-12,Fire,Medium,72.4,Gas answer almost good job person PM south guess stock.,,4.7,Under Investigation
INC-04199,SITE-006,2023-08-29,Leak,High,76.0,Fish career third power build knowledge store sell call.,Material Fatigue,8.6,Under Investigation
INC-02975,SITE-006,2025-10-23,Leak,Medium,80.9,Plant range number might believe professional quite attack development develop management.,Operator Error,6.0,Closed
INC-03925,SITE-002,2024-02-03,Leak,Crit,40.3,Which why establish lay student accept system successful factor.,Operator Error,3.4,Closed
INC-02901,SITE-006,2025-06-20,Near Miss,,58.9,High beautiful reason meet stock civil likely together yes play like strategy.,Sensor Malfunction,21.6,Closed
INC-02048,SITE-006,2025-03-21T00:00:00Z,,Low,99.5,Job might follow allow want into reason great somebody animal up.,,8.5,Under Investigation
INC-02343,SITE-002,2024-08-21T00:00:00Z,Fire,Medium,78.4,Vote task network economic time buy leg another any price.,Material Fatigue,13.3,Open
INC-01344,SITE-005,2023-08-09,Fire,Medium,97.4,Husband truth happen let well happy early wall understand condition company already.,,7.4,Under Investigation
INC-05311,SITE-006,2025-12-11,Near Miss,Medium,75.0,Drive Mrs difference a would break until thought realize key.,Third-party Damage,5.5,Closed
INC-04678,SITE-002,2025-11-03T00:00:00Z,Equipment Failure,Low,94.2,Personal place civil night democratic talk character herself address.,Third-party Damage,6.3,Open
INC-01049,SITE-006,09/13/2024,Leak,,42.8,Kid total them federal put energy home wish election tell name know.,Material Fatigue,4.1,Under Investigation
INC-02140,SITE-004,2025-05-11,NEAR MISS,Low,89.2,Consumer perform race skill quite surface peace central seat it carry former expert language actually factor article whatever government.,Sensor Malfunction,9.8,Open
INC-02353,SITE-004,2024-04-27,Spill,High,67.5,Live future yeah push responsibility message recognize particular.,Third-party Damage,7.3,Closed
INC-03733,SITE-004,2024-01-07,Equipment Failure,,54.3,Wait minute nor likely week sing treatment today cause somebody education president yes.,,8.8,Closed
INC-04151,SITE-006,2026-07-04,Leak,Critical,41.4,Also civil personal common allow chance eat way you more.,Corrosion,12.8,Open
INC-01734,SITE-003,2024-04-19,Equipment Failure,High,-0.5,Customer at bar vote bit anyone seem daughter fire board.,Material Fatigue,1.7,Closed
INC-05084,SITE-006,2026-04-09,Fire,High,50.8,Each management see suddenly experience need recently point past fill year better building century position garden space beautiful point two.,Sensor Malfunction,4.9,Open
INC-05348,SITE-006,2025-03-21,Fire,High,72.6,Doctor memory example PM street culture prove eight police.,Third-party Damage,6.5,Under Investigation
INC-04587,SITE-004,2024-02-06,Fire,High,53.9,Mention wonder business like note.,,4.1,Open
INC-01616,SITE-003,22-Nov-2025,Leak,Critical,54.4,My establish actually again weight myself physical difference machine authority political result two fight sell.,Sensor Malfunction,5.6,Closed
INC-02429,SITE-002,2024-04-05,Leak,Low,86.5,Safe face then pull determine.,Material Fatigue,7.1,Under Investigation
INC-04943,SITE-002,03/26/2026,Near Miss,Low,92.0,Firm fear defense try American ground.,Material Fatigue,11.2,Closed
INC-05575,SITE-003,2025-11-23,Spill,Medium,83.4,Book move quite total course maybe relate suffer financial unit lose present.,Material Fatigue,2.7,Under Investigation
INC-04086,SITE-004,2023-11-19,Equipment Failure,Medium,95.8,Theory girl difference since education be amount here take daughter recently health add option idea event.,,0.8,Closed
INC-04500,SITE-006,2023-07-25,Fire,Hi,59.9,Current good may line matter deal miss.,Valve Failure,15.1,Open
INC-02498,SITE-003,10/05/2024,Equipment Failure,Critical,54.2,Space point have scientist quality similar lead somebody culture better keep difference bag among fight add.,,9.4,Under Investigation
INC-05053,SITE-003,2025-08-31,Equipment Failure,High,58.1,Hundred data such subject specific animal ago peace.,Valve Failure,1.6,Under Investigation
INC-00795,SITE-005,2025-09-20,Equipment Failure,Medium,150.0,Firm generation other model soldier standard serve painting field indeed by from from significant should concern community.,Third-party Damage,3.7,Open
INC-01192,SITE-003,2025-02-02,Equipment Failure,High,47.0,Reduce individual career nice.,Material Fatigue,2.3,Open
INC-02931,SITE-003,2023-08-02,Near Miss,Critical,65.2,Change cup last spring seat.,,7.1,Under Investigation
INC-03682,SITE-006,2026-01-23,FIRE,Critical,52.6,Become effort none turn may there late window street either think child art.,Third-party Damage,6.9,Open
INC-05874,SITE-001,21/08/2025,Near Miss,,86.6,Where sense charge dog just number.,,15.7,Under Investigation
INC-00449,SITE-003,2024-08-24,Spill,Critical,56.9,Blood son see vote want investment on throughout.,Material Fatigue,16.1,Under Investigation
INC-03309,SITE-003,2025-11-01,Fire,Critical,54.9,Item sound TV model tough suffer technology mother add pull keep final who feeling parent.,Third-party Damage,1.0,Closed
INC-00922,SITE-003,12/02/2024,Spill,Medium,88.5,International man mouth hand goal.,Third-party Damage,11.6,Closed
INC-01646,SITE-004,2024-03-29,SPILL,,60.3,Game grow reduce relate ability.,,1.3,Under Investigation
INC-04336,SITE-003,2024-10-30,Near Miss,High,63.1,Far each agency certain act effort high shoulder.,Third-party Damage,12.7,Open
INC-02616,SITE-003,2024-08-04,Leak,Critical,62.4,Entire than view police indicate either fact citizen stand if.,Operator Error,5.1,Under Investigation
INC-04126,SITE-006,2023-11-01,Spill,Critical,65.0,Firm feeling century he present factor age class see decade political explain.,Third-party Damage,1.0,Open
INC-00074,SITE-003,2024-02-25,Leak,Medium,150.0,Be window be test environment style add nothing.,Corrosion,0.6,Under Investigation
INC-00273,SITE-002,2026-02-07,Near Miss,High,57.2,Above old real right recently rich candidate loss bit old per western.,Valve Failure,0.8,Open
INC-02522,SITE-003,2025-01-07,Spill,Medium,72.2,Manage car item action million start kid lay mean heavy ground office.,Third-party Damage,4.6,Closed
INC-00598,SITE-004,2025-06-28,Near Miss,Medium,73.0,Boy my manage tax learn everybody no sea job play tend community assume receive get.,Corrosion,2.1,Open
INC-00426,SITE-001,2024-10-27,LEAK,Critical,37.7,Positive send work pick gun.,Material Fatigue,12.9,Open
INC-02260,SITE-006,2025-07-26T00:00:00Z,Leak,High,44.3,Shoulder next benefit stuff thank people right material because local structure camera avoid level.,,4.6,Under Investigation
INC-01441,SITE-004,2026-02-08,fire,Medium,150.0,Nothing relationship fall mention fall office improve future.,,2.9,Under Investigation
INC-04147,SITE-005,2024-09-23, fire,Medium,59.6,Either doctor manage tough even both level.,Sensor Malfunction,7.0,Open
INC-02962,SITE-006,2024-10-18,near-miss,High,67.7,Human several security.,Sensor Malfunction,4.6,Under Investigation
INC-02148,SITE-003,20/04/2025,Fire,Medium,92.6,Believe college sometimes national less wrong authority reach check discussion you occur.,,3.1,Closed
INC-00258,SITE-003,11-Jul-2025,Spill,Critical,27.1,Will major just military job look remain scientist summer material.,Operator Error,13.6,Under Investigation
INC-01835,SITE-006,2026-03-13,Spill, High,60.7,Participant level entire sort change dog while price.,,6.0,Closed
INC-03941,SITE-005,2025-01-09,Equipment Failure,Low,91.9,Cultural hospital score class seek card leg.,Material Fatigue,14.1,Under Investigation
INC-02788,SITE-001,29-Aug-2024,Spill,Low,95.7,If research discussion industry use sense table prepare.,Valve Failure,4.2,Closed
INC-03387,SITE-003,2026-06-15,Leak,Medium,90.0,His image range imagine full military page society old occur.,Valve Failure,4.4,Open
INC-03406,SITE-006,2024-08-10,Spill,medium,77.3,Own administration law just help those into want left kind.,Sensor Malfunction,1.0,Open
INC-01731,SITE-001,2024-05-23,Equipment  Failure,High,51.6,Lead science soon over conference commercial throw author.,Corrosion,12.0,Under Investigation
INC-05641,SITE-001,2023-10-10,Leak,Medium,-5.0,Finally include listen material create fish.,Corrosion,14.7,Open
INC-01627,SITE-006,2025-02-08,Equipment Failure,High,71.3,Exactly receive candidate suffer probably experience executive these back.,Material Fatigue,5.3,Under Investigation
INC-03372,SITE-006,2026-03-07,Leak,High,26.3,Building stuff window certainly choose dinner.,,2.2,Closed
INC-00525,SITE-002,2025-02-04,Equipment Failure,Low,80.8,Whatever heart result stage sport administration suddenly end billion public difficult live including.,Valve Failure,7.3,Under Investigation
INC-05000,SITE-001,2026-06-25,Spill,,96.2,Within arm tell kind toward current my.,Material Fatigue,8.1,Closed
INC-01977,SITE-004,2025-11-27,leak,,88.2,Value large common hot important can situation need rather effect indeed toward challenge brother decide education she including serious.,,6.2,Under Investigation
INC-01123,SITE-004,2025-01-22,Near Miss,Medium,64.1,Cell officer area various from property unit between rock eat yet high little country since light.,,5.1,Under Investigation
INC-05695,SITE-004,2024-07-26,Near Miss,HIGH,63.4,Attorney resource bar company score rule have person fact when admit job per oil.,Valve Failure,7.3,Under Investigation
INC-03170,SITE-001,2026-06-03,Equipment Failure,Medium,74.2,For seven officer international walk network.,Third-party Damage,9.3,Closed
INC-04920,SITE-006,2024-11-20,Equipment Failure,,49.9,Discussion worry indeed stop religious.,Sensor Malfunction,6.3,Under Investigation
INC-05275,SITE-003,2024-03-20,Leak,Medium,84.3,Country apply modern computer reach past city adult skill couple.,,7.2,Open
INC-03585,SITE-001,2025-12-11,near-miss,High,67.4,War any item everybody child tonight too people really learn alone.,Sensor Malfunction,9.9,Open
INC-02006,SITE-005,2024-02-28,equipment failure,High,60.5,People call involve rest where necessary while color interesting natural.,Valve Failure,20.6,Closed
INC-00391,SITE-005,2026-07-13,FIRE,Medium,57.1,Thus day against method study able week environmental mouth girl pick exactly once many themselves lot dark.,Corrosion,0.9,Under Investigation
INC-01492,SITE-001,2024-01-04,Equipment Failure,,77.5,See become write none always it there.,,4.3,Open
INC-02070,SITE-004,2026-06-17,Equipment Failure,Medium,53.1,Little environmental technology fish travel draw guy.,Material Fatigue,6.0,Open
INC-00651,SITE-003,2023-12-19,Spill,Critical,26.0,Expert happen entire ask candidate thus amount.,Valve Failure,2.7,Open
INC-02443,SITE-006,2025-02-19,Spill,Low,87.2,Which inside note house very case long federal outside paper although onto.,Third-party Damage,6.0,Open
INC-02358,SITE-006,2025-04-11,Spill,Critical,42.0,All soon teach music big field throughout often project cause sister.,Valve Failure,12.8,Open
INC-01310,SITE-005,2025-01-13,Equipment Failure,High,64.2,Serious or door between wear.,Corrosion,9.3,Open
INC-01311,SITE-005,2026-05-23,Fire,Medium,81.5,Especially contain beat page century pass.,,2.4,Under Investigation
INC-02644,SITE-003,2023-10-03,Leak,High,49.8,Western or through close laugh group against technology while.,Material Fatigue,16.4,Under Investigation
INC-00504,SITE-006,2025-02-16,Near Miss,High,48.0,Six scene official structure lose marriage score some respond bill head.,Sensor Malfunction,2.7,Open
INC-03093,SITE-003,2023-09-07,Near Miss,Critical,42.5,Likely simple break city office with go fall difficult star.,,0.6,Open
INC-01420,SITE-003,03-Dec-2025,Leak, Critical,38.6,Girl none everyone body enjoy somebody upon east few debate.,Valve Failure,4.6,Under Investigation
INC-02898,SITE-003,2025-11-21,Leak,Critical,37.2,According five against government join change give.,Corrosion,5.4,Closed
INC-02909,SITE-005,2025-01-01,,Medium,81.0,Entire what it left act ever last.,Valve Failure,3.3,Closed
INC-05276,SITE-003,2025-08-24,,Medium,86.3,Identify expect college quality public this live strong once traditional.,Third-party Damage,4.7,Closed
INC-03368,SITE-005,2026-05-05,spill,High,71.3,Write travel run anything assume wish back let charge land product pattern stop maybe.,,16.3,Open
INC-04332,SITE-006,2023-10-03,Leak,Critical,49.2,Table which rest everybody concern within miss plant catch.,Material Fatigue,9.9,Open
INC-04642,SITE-004,2025-05-19,Leak,Low,82.0,Physical hospital citizen husband sense piece participant it push.,Corrosion,2.9,Under Investigation
INC-01365,SITE-003,2026-06-24,Leak,Medium,68.2,Cut painting particularly society draw point Democrat stage property letter above.,,13.4,Closed
INC-04829,SITE-006,2024-04-07,Equipment Failure,High,66.1,School then only hold century local human industry Republican wide.,Corrosion,8.9,Closed
INC-05707,SITE-005,2024-10-25,Equipment Failure,Critical,27.1,Kitchen send meet leave yeah something.,,3.2,Open
INC-02815,SITE-004,2023-10-17,Fire,Medium,83.4,Finish huge green reveal set other this when detail difficult eat market.,Third-party Damage,11.1,Closed
INC-03972,SITE-004,2024-11-29,Leak,,91.8,Memory water on home information future wish affect issue head live ability body dinner culture.,Sensor Malfunction,5.5,Open
INC-02639,SITE-002,2024-10-05,Fire,crit,50.5,Body mother girl control author hand chance.,Operator Error,1.6,Closed
INC-05302,SITE-004,2023-12-19,EQUIPMENT FAILURE,Critical,46.2,May social impact offer suffer notice baby difficult table.,Operator Error,7.0,Under Investigation
INC-00817,SITE-003,2024-12-02,Spill,High,66.2,Lead should politics sit into similar argue opportunity member detail especially.,Material Fatigue,8.7,Closed
INC-00255,SITE-005,2025-02-05,Equipment Failure,Medium ,83.7,Top game despite miss break vote trip.,Corrosion,5.4,Under Investigation
INC-00408,SITE-001,2025-08-26,Spill, medium,80.2,Receive market continue need government others side resource across.,Sensor Malfunction,5.9,Under Investigation
INC-01406,SITE-005,2025-04-09,Leak,medium,62.6,Right admit international table relate particular than different few food hit quickly middle rule indicate own put.,Valve Failure,3.6,Under Investigation
INC-00450,SITE-005,2025-08-09,Fire,Medium,63.5,Nation get yet put more with soldier relate reduce idea down.,Material Fatigue,1.2,Open
INC-04018,SITE-003,2025-04-19,Near Miss,Medium,80.8,Follow skill suddenly live process too character bad in mean home true sport new.,Third-party Damage,2.8,Under Investigation
INC-01124,SITE-003,2024-02-22,Fire,Medium,72.2,Maybe position really future picture company unit plan customer.,Sensor Malfunction,18.9,Closed
INC-02843,SITE-003,2026-01-16,Leak,High,58.8,Pay personal lay house knowledge much central such key range between for lawyer approach charge.,Valve Failure,2.6,Under Investigation
INC-03582,SITE-001,2024-03-09,Leak,Low,95.4,Marriage watch I north door explain image attention something cell discussion.,Third-party Damage,4.3,Closed
INC-05640,SITE-006,2024-07-13,spill,Low,86.8,Everything no investment hear yard show computer next.,Corrosion,4.5,Closed
INC-03896,SITE-002,30-Aug-2024,Equipment Failure,Medium ,58.5,Change specific difference other school performance energy yet actually.,Material Fatigue,6.9,Under Investigation
INC-01164,SITE-006,2024-07-09,Near Miss,High,49.8,Apply answer always visit during.,,2.2,Open
INC-01969,SITE-003,2023-12-29,Fire,Critical,52.0,Move artist reach bad operation face give live traditional group.,Corrosion,15.4,Open
INC-01094,SITE-001,2025-08-26,Leak,High,44.6,Kitchen weight throw personal box.,Sensor Malfunction,7.9,Open
INC-04752,SITE-006,2026-07-18,Leak,High,82.1,Himself turn build difference very suddenly night politics hit national bed.,Valve Failure,9.5,Closed
INC-02379,SITE-005,2025-07-23,Fire,Medium,73.0,Crime front theory turn.,Valve Failure,14.3,Under Investigation
INC-05900,SITE-001,2024-06-28,Near Miss,Low,96.7,Reason law nor recognize save bring forward film nearly shake final.,Third-party Damage,21.7,Closed
INC-05620,SITE-003,2026-02-22, Leak,Low,88.5,Why kitchen bring focus management firm far environment down raise because meet machine available describe rock sister cause.,Third-party Damage,6.2,Under Investigation
INC-04608,SITE-005,2025-05-03,Spill,High,76.4,Strong tax adult measure religious send cause including individual movie challenge.,Sensor Malfunction,8.9,Under Investigation
INC-02699,SITE-003,2023-11-15,Spill,high,52.9,Thank many by at through have sister great cost yeah interesting bad camera or they summer model want.,Valve Failure,7.9,Open
INC-02880,SITE-001,24/06/2024,Equipment Failure,Low,97.6,Someone growth case court worry you them end nothing.,Operator Error,4.0,Open
INC-04932,SITE-006,2023-10-14,Equipment Failure,Critical,37.4,Now east once theory by commercial offer outside.,Corrosion,2.3,Closed
INC-05648,SITE-001,25-Nov-2025,Equipment Failure,Low,85.2,Cold series yourself heart natural weight leave happy discussion nature.,Sensor Malfunction,13.3,Open
INC-02136,SITE-006,2026-04-24,Spill,High,44.3,Mission another head first Democrat cover open manage strong lawyer.,Corrosion,3.5,Closed
INC-05395,SITE-006,2024-11-19,Leak,Critical,45.7,Sing fall where assume series especially because recognize or school.,Corrosion,2.1,Open
INC-05716,SITE-005,2024-11-04,Near Miss,Medium,76.9,Food under share eat stop bank one seek until.,Operator Error,7.3,Closed
INC-02117,SITE-003,2026-07-31,Spill,High,33.2,Ok pick leave friend.,Corrosion,8.6,Closed
INC-00750,SITE-003,2024-10-28,Near Miss,High,48.3,Detail senior moment let above control describe.,Operator Error,19.9,Under Investigation
INC-04980,SITE-004,2026-06-30,Equipment Failure,Critical,47.9,Owner itself color home necessary with rise someone family back arrive quickly Congress force least identify issue next sea executive.,Valve Failure,12.6,Closed
INC-05861,SITE-001,2025-03-18,Fire,Medium,68.2,Save hour girl which task I clear while whatever my sort.,Corrosion,4.9,Closed
INC-02389,SITE-004,2026-07-15,Near  Miss,High,78.0,Base write yes off story television memory back card.,Material Fatigue,4.2,Open
INC-04084,SITE-001,2024-03-31,Near Miss,Medium,89.4,Film approach that land economic reality teach including.,,11.9,Open
INC-03957,SITE-002,2025-12-29,Leak,HIGH,79.5,Likely low soon experience fact success thought assume program power stuff.,Operator Error,3.0,Under Investigation
INC-03250,SITE-006,2025-07-07,Spill,High,61.4,Simple whom performance knowledge thousand growth.,Third-party Damage,9.5,Under Investigation
INC-01088,SITE-001,23-Jun-2025,Fire,Low,84.0,Window past upon few public life natural.,Material Fatigue,5.0,Open
INC-01338,SITE-002,11/05/2024,Fire,Critical,43.1,Risk happen among poor southern include major our space region certain get morning or.,Operator Error,4.7,Open
INC-02869,SITE-002,2024-01-14,Spill,Lo,82.7,Sort next against sing son resource hope.,Corrosion,4.8,Under Investigation
INC-00413,SITE-001,2024-04-25,Fire,Low,84.7,Leader relate them magazine interest machine child themselves easy business ask rather thus audience process maintain.,Corrosion,17.5,Open
INC-03628,SITE-003,2024-07-13,Leak,High,76.7,Operation arrive professional sing the loss.,,4.9,Open
INC-01705,SITE-005,2023-11-12,Near Miss,Medium,78.5,House level which church along at want forget his best.,Valve Failure,2.7,Under Investigation
INC-00087,SITE-004,2025-11-01,Spill,Critical,40.8,Increase herself well popular worry me above health.,Operator Error,10.0,Open
INC-01685,SITE-001,2023-12-06,Fire,Critical,33.2,Unit will politics hot according sister book money house bit society significant technology religious real maintain deal read available.,Operator Error,14.0,Open
INC-03215,SITE-001,30-Dec-2025,Fire,Medium,71.0,Dinner hope what foreign radio development she method easy often hundred office red.,,10.6,Under Investigation
INC-01679,SITE-003,2025-12-13,Leak,Low,89.9,Option along discover little view crime although man win popular civil popular final school.,Third-party Damage,3.0,Open
INC-04852,SITE-006,2026-06-03,Spill,High,53.3,Hospital month sign say attention official lay shake power go per throw feel.,,9.6,Open
INC-01644,SITE-003,2024-04-10,Spill,High,66.2,Job father expert herself very coach investment art suggest billion speech after husband.,Sensor Malfunction,6.7,Closed
INC-05177,SITE-002,2025-02-25,Spill,High,62.9,Conference include analysis effect.,Operator Error,2.4,Closed
INC-03493,SITE-002,2025-10-23,Near Miss,Low,93.4,Economic value power feeling bit you leader state continue newspaper.,Material Fatigue,9.1,Open
INC-03794,SITE-006,2024-01-09,Leak,Hi,59.2,Hospital her relate tell consumer difficult particular admit generation minute certain figure.,,11.5,Open
INC-01230,SITE-004,2025-11-25,Near Miss,medium,77.2,Because another today low about suggest democratic plant third manager.,Sensor Malfunction,1.0,Open
INC-01046,SITE-005,2023-10-02,Fire,High,65.1,Than management live measure not interesting season short increase paper lose to so.,,6.4,Under Investigation
INC-00096,SITE-001,2026-05-12,Spill,Crit,40.8,Quality adult model official have artist meeting commercial throughout study scientist focus field against.,Operator Error,20.5,Closed
INC-03589,SITE-006,2023-10-27,Spill,High,62.0,Interesting thank sister political business cultural college artist.,Material Fatigue,11.4,Open
INC-02421,SITE-001,2025-07-03,Leak,High,75.1,Believe identify coach size law size woman use remember old with wish send result size owner tend.,,7.3,Under Investigation
INC-01383,SITE-005,2024-05-08,Equipment Failure,MEDIUM,89.3,Ability begin defense foreign each time church throughout writer very program education five social response.,Material Fatigue,7.5,Closed
INC-03415,SITE-002,2025-07-29,Equipment Failure,Medium,80.2,Teach order risk method government do tonight.,Third-party Damage,3.1,Open
INC-00002,SITE-004,2026-06-19,,crit,60.6,Though happy cell everyone baby.,,12.7,Under Investigation
INC-05440,SITE-002,2024-11-10,Oil Leak,Critical,40.9,Member building need yes dinner last member out as leader enter nature teacher matter baby investment south type.,Corrosion,10.2,Under Investigation
INC-05495,SITE-006,2026-01-02,Fire,Critical,51.5,Late whose practice about agency agreement term church.,Operator Error,9.7,Closed
INC-04712,SITE-006,2024-09-01,,Medium,65.7,Card TV you both institution mention responsibility western hundred.,Valve Failure,3.4,Under Investigation
INC-05792,SITE-001,2026-03-15,Leak,Low,91.6,Standard more condition half ready.,Operator Error,12.9,Closed
INC-05969,SITE-006,2024-01-15,Near Miss,Med,79.9,Difficult firm girl account drive participant.,Material Fatigue,1.7,Open
INC-01215,SITE-003,2024-07-26,Leak,High,53.5,Beyond political behavior military senior main truth consider turn age we door TV yeah happy.,Corrosion,5.9,Under Investigation
INC-03008,SITE-003,16-Feb-2026,Equipment Failure,Critical,20.8,Fact institution team sea radio expert born amount either chair tonight sister admit fly yet.,Sensor Malfunction,0.3,Open
INC-05310,SITE-002,2023-11-11,Spill,Medium,78.2,Can break win concern simply pay.,,5.9,Open
INC-00679,SITE-005,2025-10-23,leak ,Critical,45.7,Toward design form human throw should public cold piece.,Third-party Damage,9.1,Closed
INC-00095,SITE-001,17/04/2024,,Medium,75.0,Test account dark purpose myself look difference upon think.,Sensor Malfunction,4.5,Under Investigation
INC-04574,SITE-004,2025-07-27,EQUIPMENT FAILURE,Medium,78.1,Since individual night suffer industry soldier try song go scene young form measure central past sound risk.,Operator Error,15.7,Under Investigation
INC-05605,SITE-003,2024-04-11,Near Miss,High,42.0,Number force respond rock operation subject realize loss.,Valve Failure,13.2,Open
INC-01905,SITE-006,2024-05-20,Leak,Critical,36.9,Ahead cut modern show score full machine training.,Valve Failure,4.3,Under Investigation
INC-05015,SITE-005,2025-07-30,Near Miss,Critical,54.9,Point knowledge establish another they agreement not next forget chair think movie community dinner movie never.,Material Fatigue,16.1,Under Investigation
INC-04141,SITE-005,2026-04-28,Leak,Low,82.0,Sister with add walk after every line majority ball generation beat president crime few little worker.,,1.1,Under Investigation
INC-02896,SITE-005,2026-10-03,Equipment Failure,low,82.9,Big compare meet hope upon least.,Sensor Malfunction,5.2,Closed
INC-01080,SITE-004,2025-06-07,Equipment Failure, Low,83.6,Respond nice audience over low kind nation attack animal.,Valve Failure,1.1,Open
INC-00564,SITE-006,03/06/2024,Fire ,High,59.0,Billion finish fish reality effort himself democratic wind entire phone democratic whether front other air once watch box.,Third-party Damage,11.9,Closed
INC-04895,SITE-003,2023-12-25,Leak,High,46.6,Activity form window phone must at matter weight debate write.,Sensor Malfunction,3.6,Open
INC-00819,SITE-003,2026-07-04,Leak,Critical,45.1,Direction especially government old ten skin year democratic fire explain answer into.,Corrosion,19.7,Open
INC-00279,SITE-003,2023-09-18,Near Miss,Critical,48.4,Again fish concern anything bag back student fly left before federal more expert.,Valve Failure,18.9,Closed
INC-03907,SITE-003,2023-11-21,Spill,Critical,38.4,Service he two record value specific treatment among machine hard here.,Valve Failure,7.8,Under Investigation
INC-00344,SITE-006,2024-12-06,Spill, Critical,45.5,Call family skill leader generation move without cause by who every here left small general cut point involve understand want take.,Corrosion,7.6,Open
INC-00460,SITE-005,2025-06-03,Spill,Medium,61.1,Leave American like upon meet nearly pay turn live should finally sit account.,Material Fatigue,1.7,Under Investigation
INC-04204,SITE-004,17-Dec-2025,Near Miss,,94.5,Yourself run respond describe drop it break perhaps hair place set writer structure.,,4.1,Under Investigation
INC-01140,SITE-006,2025-08-10,,High,104.0,Protect go pull amount best black author live.,Valve Failure,9.4,Open
INC-02765,SITE-001,2023-12-09,Near Miss,Critical,58.3,Involve enough fine affect threat always feeling add goal.,Valve Failure,5.0,Open
INC-00146,SITE-002,2024-11-02,Spill,Low,85.5,Star right watch however region.,Corrosion,5.1,Under Investigation
INC-02982,SITE-006,2025-08-03T00:00:00Z,Equipment Failure,High,54.4,Possible few worker day speak cost heavy.,,6.3,Closed
INC-01986,SITE-005,13/01/2026,Near Miss,Medium,72.8,Weight special rise soon final family professional its significant reduce.,Material Fatigue,9.9,Under Investigation
INC-00761,SITE-006,2025-09-03,Fire,Critical,30.5,Final happen buy score support figure deep ten move run open hard see discussion employee dark.,Third-party Damage,10.4,Under Investigation
INC-01548,SITE-005,2026-07-10,Near Miss,Low,83.4,Beautiful source against bag see instead its improve past cost poor weight beautiful fish give radio.,Corrosion,1.4,Under Investigation
INC-05904,SITE-001,07/04/2025,Leak,Low,89.3,Receive station single card student old particularly could enjoy party approach power first.,Sensor Malfunction,8.5,Under Investigation
INC-03088,SITE-005,2025-10-16,Equipment Failure,Critical,48.1,Throw hand simple good whatever life.,,10.5,Open
INC-00439,SITE-006,2025-04-15,Spill,CRITICAL,-0.5,Never forget nation listen character term bit police current reflect particularly.,Material Fatigue,8.8,Closed
INC-04344,SITE-003,2025-10-31,Spill,Critical,32.7,Item environment dream manage section.,Valve Failure,2.4,Open
INC-01411,SITE-003,2025-12-29,Near Miss,Critical,48.7,Thank operation seem employee claim make team century test yard father however far system worry receive despite consumer police.,Material Fatigue,1.4,Open
INC-00208,SITE-006,2023-12-05,Near Miss,Low,94.1,Strong agent together force method member last thing high program right.,Third-party Damage,4.1,Under Investigation
INC-00010,SITE-005,2025-09-11,, Low,82.9,Man would either that investment how style nor.,Material Fatigue,12.4,Under Investigation
INC-01708,SITE-004,2023-08-20,Spill,Medium,80.8,Suffer say watch opportunity different itself six figure.,,10.3,Under Investigation
INC-00495,SITE-006,2026-06-06,,High,57.5,Billion onto finish drug sound material you.,Material Fatigue,6.6,Open
INC-04870,SITE-001,2023-07-26,Spill,,68.1,Short under recognize show friend free any kid have.,Valve Failure,23.8,Open
INC-02080,SITE-001,2025-12-12T00:00:00Z,Spill,,75.7,Least rise add open usually writer they wish pattern member officer.,Material Fatigue,10.3,Closed
INC-03340,SITE-002,2025-07-20,Near Miss,Low,85.9,Consumer financial evening tell point year picture pick yet explain.,Corrosion,11.6,Closed
INC-04309,SITE-001,2024-03-13,Leak,MEDIUM,67.1,Policy relate third control sell technology pressure administration data actually letter good machine.,Third-party Damage,4.9,Under Investigation
INC-02607,SITE-004,2025-11-30,Equipment Failure,High,66.2,Often want soon billion town son enjoy set or else ever rise nice tough.,Sensor Malfunction,14.6,Under Investigation
INC-01529,SITE-003,2025-09-28,Leak,Medium,78.5,I close sing audience too put sell message type carry kid age benefit out two.,Third-party Damage,1.8,Under Investigation
INC-04491,SITE-001,11/26/2025,Near Miss,Medium,79.1,Visit center though certainly school.,,2.4,Under Investigation
INC-04089,SITE-005,05/25/2026,Leak,Low,96.7,Dark after hold enough measure spend now increase hour.,Operator Error,0.8,Under Investigation
INC-00266,SITE-001,2024-07-13,Equipment Failure,Medium,64.0,Price moment use central training sell keep reduce policy per at scientist receive near.,,7.0,Closed
INC-04713,SITE-005,2026-02-19,Equipment Failure,low ,94.4,Win although administration off religious range fight major notice tell smile.,Material Fatigue,7.0,Under Investigation
INC-02361,SITE-003,2025-11-24,Fire,High,53.7,Television property listen account share theory fast remember speech process region.,,3.3,Under Investigation
INC-04449,SITE-004,2025-04-06,Near Miss,Medium,76.7,Strong tough family reveal left vote teacher table off eye nation really data issue.,Operator Error,3.9,Under Investigation
INC-04958,SITE-002,2024-11-20,Near Miss,Low,-12.3,Lay son place race identify sport.,,7.4,Under Investigation
INC-00303,SITE-002,2026-04-13,Leak,Medium,73.8,General return stage activity maybe no general late.,Third-party Damage,4.4,Open
INC-03205,SITE-001,2025-01-29T00:00:00Z,Fire ,Medium,69.8,Success along far today note couple sort leg near cut.,Operator Error,8.9,Open
INC-04824,SITE-001,2023-09-18,Equipment Failure,Low,95.8,Hair quite team deal.,Third-party Damage,9.2,Open
INC-02531,SITE-002,2024-09-30,Near Miss,,96.3,Catch choice carry resource a return little chair herself point.,,16.5,Closed
INC-02702,SITE-004,2025-05-25,Spill,Medium,69.0,Store how because possible him meet choose seat inside across.,Corrosion,4.0,Closed
INC-02968,SITE-002,2024-11-01T00:00:00Z,Near Miss,Medium,68.3,Side develop charge relate pressure.,Operator Error,14.3,Closed
INC-02357,SITE-001,2026-07-17,Spill,high,58.5,Have public some she section require.,Operator Error,11.1,Closed
INC-01733,SITE-006,2024-06-25T00:00:00Z,Near Miss,High,53.0,Lawyer minute because anyone certain soon control east realize ability music.,Corrosion,2.6,Closed
INC-04801,SITE-005,2026-06-16,Near  Miss,Low,93.5,For because chair early nor focus at property try.,Third-party Damage,2.8,Under Investigation
INC-05552,SITE-002,07-Nov-2024,Spill,High,55.9,Science drug price hold from news open myself bit stuff leave.,Third-party Damage,4.1,Open
INC-03225,SITE-003,2024-02-23,Spill,Medium,71.2,Reality perhaps similar similar spring president attorney treat wrong yard specific even prove even onto your mind song else.,Valve Failure,7.5,Under Investigation
INC-03501,SITE-006,2025-10-06,Near Miss,High,59.7,Environment perform eight political college blood pay.,,8.5,Under Investigation
INC-04340,SITE-001,2023-11-17,Near Miss,low,80.1,Wind through unit impact save interest coach entire public building Democrat.,Material Fatigue,2.5,Open
INC-02045,SITE-001,04/05/2026,Fire,Med,67.7,Including conference maybe democratic others brother our color ask maintain down per.,Third-party Damage,12.7,Closed
INC-04840,SITE-004,2025-02-16,Near Miss,,72.6,Really pretty sense study understand official.,Operator Error,4.2,Closed
INC-05653,SITE-001,2023-12-14,near miss,high,45.8,Blood have nature data listen recent.,Operator Error,2.9,Closed
INC-02906,SITE-006,2025-03-23,Leak,Medium,73.9,Short purpose trade suggest task bed place main artist meet degree buy seven.,Corrosion,5.2,Under Investigation
INC-01051,SITE-006,2023-12-21,Spill,Low,89.6,Father talk traditional worry financial physical number view which back identify.,,15.0,Closed
INC-02650,SITE-003,2025-01-19,,Critical,44.0,Write bag realize score girl attorney many.,,8.4,Closed
INC-00723,SITE-004,2025-06-13,Fire,Medium,64.3,Bank shoulder individual animal day news black seven something.,,6.9,Under Investigation
INC-02064,SITE-004,13-Jul-2024,Near Miss,Low,86.8,Discuss way model science be red least interview almost meeting reflect adult white happen far.,,0.7,Closed
INC-05984,SITE-002,2024-11-05,Fire,Medium,79.5,Station effect free probably interview lawyer citizen physical.,Sensor Malfunction,1.5,Under Investigation
INC-01068,SITE-006,2026-01-11T00:00:00Z,Near Miss,Critical,54.0,Support view investment meet last remember low government after write effort exist yard window.,,2.5,Open
INC-00547,SITE-005,2024-06-06,Near Miss,Low,86.0,Hold management house military brother remember fine task media deal system baby.,Valve Failure,3.4,Open
INC-00534,SITE-005,2025-10-16,Fire,Low,91.0,Trip commercial activity task break clear lead measure religious particular consumer about.,Operator Error,6.1,Open
INC-02763,SITE-003,2026-02-12,Leak,crit,104.0,Heart old nature president statement rule according next create contain.,Sensor Malfunction,10.1,Closed
INC-01665,SITE-001,2023-11-18,Equipment Failure,Low,86.1,Thing simply clearly item behavior check responsibility after face five these.,Operator Error,37.1,Under Investigation
INC-00403,SITE-003,2023-09-12,Leak,Medium,76.1,Author task property fly task.,Third-party Damage,15.2,Under Investigation
INC-03119,SITE-003,2024-01-11,Equipment Failure,High,66.8,Task possible both TV necessary age bad Republican fall determine use.,Sensor Malfunction,6.1,Open
INC-05566,SITE-004,2024-04-11,,Low,89.9,I serious cut hand get.,Corrosion,2.3,Under Investigation
INC-00727,SITE-004,11/12/2023,Leak,High,52.4,Girl blood upon interview maintain natural concern woman instead fight and door itself.,Material Fatigue,5.1,Closed
INC-03443,SITE-006,2025-10-10,Leak,Medium,90.3,Need list bring together air raise everybody.,Valve Failure,6.5,Under Investigation
INC-00083,SITE-005,2024-03-05,Near Miss,Low,87.3,Music memory fact prove today large quite standard take.,Material Fatigue,4.3,Open
INC-04541,SITE-001,2023-11-28,Near Miss,crit,31.3,Evening money rock buy however movie role against machine language maybe.,Corrosion,7.4,Under Investigation
INC-03084,SITE-006,2024-04-25,Near Miss,High,-12.3,Marriage game low center paper how work dog involve.,Corrosion,6.2,Closed
INC-00141,SITE-004,2026-02-28,Spill, medium,85.3,Wrong choose whom general.,Sensor Malfunction,12.5,Under Investigation
INC-03532,SITE-006,2023-07-25,Fire,,63.7,Least exist traditional under animal manager to single process responsibility series impact general herself brother college.,Material Fatigue,3.8,Under Investigation
INC-02597,SITE-005,2025-02-24,Equipment Failure,Low,93.7,Itself them might enjoy point international fight exist truth pick six argue production guy campaign receive.,Valve Failure,7.2,Open
INC-01402,SITE-005,2025-03-12,Near Miss,High,48.9,Simply check low make.,Corrosion,3.9,Under Investigation
INC-03874,SITE-004,2024-03-09,Near Miss,High,68.0,Young too might start.,Operator Error,8.8,Open
INC-01741,SITE-002,2026-01-21,Near Miss,Medium,73.3,Watch maybe maintain table bit bill Mr by resource figure.,Valve Failure,7.5,Open
INC-04990,SITE-005,12/06/2025,Near Miss,High,46.4,Put movie century letter join blue work floor.,Operator Error,7.6,Open
INC-03727,SITE-005,2024-09-26,Fire,High,70.1,Society team south American building room.,Sensor Malfunction,7.9,Closed
INC-00263,SITE-001,2023-11-24,Fire,High,66.8,Plan why car window agreement.,Material Fatigue,1.0,Open
INC-04168,SITE-006,2024-10-10,Equipment Failure,High,34.6,Option quickly interest find nearly from personal continue nation thing evidence rather actually.,Third-party Damage,2.2,Open
INC-01139,SITE-003,2024-08-27,Near Miss,High,104.0,Speak remember almost significant reality rest want toward enter like fund summer seat.,Corrosion,6.9,Closed
INC-02266,SITE-001,2025-11-24T00:00:00Z,Fire,Low,94.8,Officer wind lot before color.,Sensor Malfunction,8.7,Closed
INC-03858,SITE-003,2024-09-12,Spill,High,72.5,Late big involve trial address everyone certain doctor thus there follow.,Corrosion,3.4,Under Investigation
INC-02090,SITE-005,2024-09-14,Equipment Failure,Low,84.1,Race involve drive policy trade present sport product start indicate sometimes their glass give.,Corrosion,11.0,Closed
INC-05478,SITE-006,17-Oct-2025,Near Miss,Low,82.9,Care gas society view modern himself current table entire story move carry soldier ten unit beautiful toward.,Corrosion,7.9,Under Investigation
INC-04670,SITE-003,2025-06-04,Near Miss,Critical,41.4,Something area area team pay scene little night room.,Corrosion,4.5,Under Investigation
INC-02437,SITE-004,2023-08-19,Leak,Critical,47.1,Nation without fish unit car truth modern such tell enough whom too memory nor both space tree much leader.,Material Fatigue,3.3,Open
INC-04343,SITE-002,2023-10-05,Fire,Low,100.0,Reduce term especially good data than policy really save.,Valve Failure,16.7,Under Investigation
INC-04725,SITE-001,2024-06-05T00:00:00Z,near-miss,High,62.8,Control magazine picture again fine share reach western country Mr culture.,,3.9,Closed
INC-02612,SITE-002,2024-11-07,Equipment Failure, High,81.0,Not their make effect say cold eye fund buy imagine something.,Third-party Damage,5.5,Open
INC-03690,SITE-001,2025-05-23,Equipment Failure,High,72.2,Future relationship hear author less listen him land want walk must tonight about.,Third-party Damage,2.8,Under Investigation
INC-02960,SITE-006,2024-01-24,Leak,Critical,41.1,Program hand draw spend easy relate able improve free true simply.,Sensor Malfunction,11.0,Under Investigation
INC-02528,SITE-002,2025-12-27T00:00:00Z,Near Miss,Medium,66.0,Feel eye just dinner up defense church.,Corrosion,7.8,Under Investigation
INC-05368,SITE-006,2023-10-27T00:00:00Z,,Critical,53.4,Management cost picture it indeed investment town.,Material Fatigue,7.1,Closed
INC-03056,SITE-005,2023-11-26,Equipment Failure,Medium,66.1,View most production center quickly last either much.,,3.7,Closed
INC-05555,SITE-001,2023-09-17,Near Miss,Medium,64.1,Between discuss minute treat hour alone character.,Material Fatigue,7.4,Under Investigation
INC-05829,SITE-002,2025-06-04,Equipment Failure,Low,81.7,New anyone church officer stop admit agree conference environment environment like certainly.,Valve Failure,17.0,Open
INC-00624,SITE-005,2024-11-15,Equipment Failure,Critical,46.1,Management respond last thank north car.,Material Fatigue,3.0,Open
INC-05977,SITE-003,15/01/2026,Leak,Critical,35.3,Certainly city security consider size adult store guy week.,Corrosion,9.1,Under Investigation
INC-01298,SITE-006,2026-01-21,Equipment Failure,High,51.9,Finally could remain read lead father.,Operator Error,8.1,Open
INC-04123,SITE-006,2026-03-19,Leak,high,54.0,Girl participant seem teacher cold chair success see successful.,Third-party Damage,1.2,Under Investigation
INC-05883,SITE-005,2024-11-03,Spill,,87.7,Perhaps put strong good report rule meeting scientist its style accept rock into would.,Valve Failure,3.7,Closed
INC-01232,SITE-004,2026-02-05,Equipment Failure,Low,80.5,Simply weight player also good foot care child list cell knowledge always media.,Sensor Malfunction,6.9,Under Investigation
INC-01372,SITE-006,2026-09-06,Fire,Low,87.4,Within piece beautiful couple list.,Operator Error,9.5,Open
INC-03191,SITE-006,2024-03-17,Leak,High,68.7,Push coach again seven student finish seem challenge able like true draw center occur foreign compare.,Corrosion,7.5,Closed
INC-04000,SITE-003,2023-12-20,Equipment Failure,Critical,30.5,Theory probably avoid value she staff for themselves thought hotel.,Sensor Malfunction,5.1,Open
INC-02924,SITE-006,2026-08-02,Leak,Medium,86.6,Visit reduce space program none form hotel above dark piece glass true.,Corrosion,3.8,Closed
INC-04903,SITE-005,2026-02-01,Equipment Failure,Low,89.3,Determine catch blue southern today south rule shake.,Operator Error,15.6,Closed
INC-04795,SITE-004,2025-06-09,Equipment Failure,Low,94.4,Quickly order woman agent walk simple person seek allow huge several remember bar realize.,Third-party Damage,5.8,Open
INC-02987,SITE-005,2026-01-29,Equipment Failure,critical,58.5,Music rule usually anything clearly black interesting.,,10.7,Closed
INC-01260,SITE-004,2024-10-24,Fire,Low,93.9,Fall again include use general office such.,Sensor Malfunction,2.5,Open
INC-01335,SITE-005,2024-01-11,Spill,Critical,64.6,Kid she remember impact result goal threat enough reach market.,Material Fatigue,3.7,Open
INC-00047,SITE-002,2025-03-16,Equipment Failure,Medium,76.9,Recent bad thought third plan gas check power small represent exactly ask change campaign entire kitchen resource.,,15.1,Closed
INC-00987,SITE-005,2026-06-25,Fire,Medium,79.6,That leader world water according lead.,Operator Error,4.8,Under Investigation
INC-05313,SITE-002,2025-03-31,Fire,Medium,64.5,Resource arrive position rather billion red environment after structure word design present my it.,,7.5,Closed
INC-04012,SITE-003,22/04/2026,Leak,High,75.5,Break shoulder physical sister memory whether most game rise.,Third-party Damage,7.9,Under Investigation
INC-00144,SITE-002,2025-09-25,Leak,,83.1,Hear those network reality little Mr factor determine home activity may author on president.,Material Fatigue,9.0,Closed
INC-00642,SITE-005,2023-12-09,Fire,Medium,87.1,Teach enough take prepare professor wear great next.,Material Fatigue,12.0,Closed
INC-01501,SITE-006,2024-01-22,Leak,High,52.1,Meeting peace phone budget oil whole notice crime herself international economy police.,Corrosion,7.6,Open
INC-03608,SITE-004,2024-02-05,Spill,Critical,36.3,Election security evening president they station.,,5.5,Under Investigation
INC-03503,SITE-001,2025-10-04,Fire,,68.6,Four family present school pay key citizen age ask.,Third-party Damage,2.3,Open
INC-04573,SITE-006,25-Aug-2024,Leak,Critical,37.4,Number fact trial short idea once believe public action.,Third-party Damage,1.7,Closed
INC-02913,SITE-006,2023-10-30,Fire,High,60.2,Year very feeling however choose right.,,10.7,Under Investigation
INC-02527,SITE-001,10/19/2025,Equipment Failure,Low,91.1,Bad garden hospital project really.,Corrosion,2.2,Open
INC-02831,SITE-002,2026-02-04,Fire,Low,89.6,Bill throw size artist need national participant.,Valve Failure,2.4,Open
INC-03995,SITE-006,2026-06-28,Leak,CRITICAL,45.4,Line whom sit similar price less compare run.,Valve Failure,16.0,Open
INC-02309,SITE-006,2026-07-03,Spill,High,64.9,Fear moment nice before present decide board.,Material Fatigue,11.3,Open
INC-01709,SITE-004,2026-04-07,Spill,Low,87.6,Official late unit morning friend side cell court.,Sensor Malfunction,1.0,Under Investigation
INC-02440,SITE-001,2026-04-26,Near Miss,Low,88.5,Reason ahead option your and modern risk assume daughter involve themselves health water town.,Operator Error,4.8,Under Investigation
INC-05253,SITE-001,2024-11-02,Equipment Failure,Medium,79.6,Education reason free red movie door bar song father west none woman Mr.,Valve Failure,14.9,Under Investigation
INC-01573,SITE-006,11/06/2025,Spill,Medium,65.2,Instead forget after night.,Third-party Damage,4.5,Open
INC-01914,SITE-003,2024-10-21,Leak, Low,82.4,Enjoy camera answer population present seven create edge whatever white American green officer.,,11.2,Closed
INC-00759,SITE-002,2026-05-26,equipment failure,High,60.9,Benefit memory role.,Valve Failure,3.6,Closed
INC-03148,SITE-003,2026-05-19,Leak,Medium,59.1,General officer fund weight election group laugh stay democratic event cup chance investment ago southern.,Operator Error,5.2,Under Investigation
INC-05305,SITE-005,2024-08-29,Spill,High,78.1,Particular tonight family enough coach least after dog law know forget.,Third-party Damage,2.2,Under Investigation
INC-01091,SITE-004,2025-09-20,Near Miss,High,77.6,Voice as mind start marriage you bar our.,Corrosion,0.3,Under Investigation
INC-00538,SITE-004,2025-02-17,Near Miss,Low,76.9,Quite audience maybe lot.,Third-party Damage,2.7,Closed
INC-03037,SITE-001,2024-02-14,Fire,Low,94.6,Ground safe tend play.,Sensor Malfunction,3.4,Open
INC-02797,SITE-001,2025-04-24,Near Miss,Low,78.4,Increase whole defense yeah gas free meeting reveal civil apply head law.,Material Fatigue,17.3,Open
INC-01677,SITE-004,07/15/2025,Near Miss,Low,82.0,Price later impact decision sister place ten state trade spend finish establish budget.,Sensor Malfunction,4.3,Open
INC-04373,SITE-001,2023-10-30,Near Miss,Low,93.6,Civil measure project foot hundred couple pressure century tell any position director result social man.,Material Fatigue,6.8,Under Investigation
INC-02536,SITE-006,2024-11-30,Fire,MEDIUM,70.7,Church late not eat PM consider lose author option.,Operator Error,1.0,Open
INC-05656,SITE-002,2023-11-12,Spill,Low,95.4,Church yes set past home other news.,,13.7,Open
INC-02198,SITE-006,15/04/2024,Spill,High,77.0,Total visit land late effect early dark protect our wind over continue system election father team there.,Valve Failure,1.6,Under Investigation
INC-04370,SITE-004,2024-04-08,Equipment Failure,Low,86.1,Stand third water century seat degree perform somebody charge.,,8.5,Closed
INC-04854,SITE-003,2023-08-05,Near Miss,Critical,44.4,Building would all religious room black finally.,Corrosion,1.7,Under Investigation
INC-03078,SITE-003,01-Sep-2024,Spill,High,46.1,Who animal both your term someone right.,,8.6,Under Investigation
INC-00626,SITE-006,2023-10-15,Equipment Failure,Medium,73.5,Education moment popular leader car choice question miss present deal.,Valve Failure,16.6,Open
INC-01555,SITE-003,2026-10-06,Spill,High,80.4,List head wind forget senior hand they them.,Material Fatigue,6.5,Closed
INC-01354,SITE-004,2024-07-21,Spill,Medium,67.4,Wonder adult dark election hair method religious whole foreign.,Sensor Malfunction,21.9,Open
INC-03247,SITE-001,2026-05-15,Equipment Failure, medium,84.7,Debate international year strategy to both stuff feel seven hour site example team lead.,Material Fatigue,1.2,Under Investigation
INC-01863,SITE-006,08/09/2024,Near Miss, High,66.4,Whether key mind want act strong fight each baby research song save child huge group.,Sensor Malfunction,40.4,Closed
INC-03644,SITE-003,2023-07-28,, High,58.6,Consider travel participant best sell church growth community serve no his concern soldier money tax.,Corrosion,5.2,Open
INC-05109,SITE-006,2024-03-07,Leak,High,67.7,Pull physical arm image college worker finally.,Operator Error,2.7,Under Investigation
INC-02505,SITE-003,2025-06-26,Leak,High,44.9,Usually occur short long color pattern oil hold.,Third-party Damage,5.7,Under Investigation
INC-02871,SITE-003,2024-03-08, fire,Medium,82.9,Commercial medical glass past again defense attention.,Third-party Damage,1.0,Under Investigation
INC-02401,SITE-004,2026-05-10,Near Miss,Medium,80.3,Election interview not run order position send model.,Sensor Malfunction,5.1,Open
INC-02629,SITE-004,2023-09-10,Spill,High,74.2,Radio lose if start.,Third-party Damage,3.4,Closed
INC-03068,SITE-004,2024-11-27,Fire,High,43.5,American case visit church human worker difficult certainly billion.,Sensor Malfunction,17.2,Closed
INC-05906,SITE-003,2026-03-03,Fire,High,55.2,Speak production name safe become bad remember ok know lay there attack ready much throughout.,Corrosion,5.5,Under Investigation
INC-00266,SITE-001,2024-07-13,Equipment Failure,Medium,64.0,Price moment use central training sell keep reduce policy per at scientist receive near.,,7.0,Closed
INC-02741,SITE-006,2025-01-01,Equipment Failure,,34.0,Recent kind little concern environmental across job.,Third-party Damage,3.0,Open
INC-04658,SITE-004,2024-06-17,equipment failure,Medium,72.2,Including certain tell rock performance more something goal population.,Third-party Damage,7.7,Open
INC-02194,SITE-004,2026-05-17,Near Miss,Medium,67.8,Media ok just media marriage produce oil administration world board great including off.,Operator Error,10.2,Closed
INC-00323,SITE-003,2024-09-02,Near Miss,Critical,73.4,Industry green face trip business than evidence little cold able store population need audience.,Material Fatigue,22.1,Under Investigation
INC-04321,SITE-004,2026-03-04T00:00:00Z,Fire,Medium,63.9,Right appear identify size show product sing.,Valve Failure,20.6,Closed
INC-00978,SITE-003,2023-12-15,Leak,High,61.1,Likely apply movie owner color probably professor learn billion traditional around miss.,Operator Error,5.4,Under Investigation
INC-02206,SITE-002,2024-07-08, spill ,Medium,49.1,There decide building teacher chance network out player rather real cup.,Valve Failure,9.9,Open
INC-01916,SITE-004,2023-10-28,Equipment Failure,Low,88.4,Your follow when kitchen million future general ball prepare generation stay face air eight consumer.,Corrosion,7.1,Closed
INC-00274,SITE-003,2025-11-20,Spill,Critical,150.0,Oil society past bring may though measure than.,Material Fatigue,6.0,Open
INC-01754,SITE-005,2025-03-03,Fire,Medium,80.0,Moment hundred teach check north.,Material Fatigue,18.0,Closed
INC-05838,SITE-004,2024-08-05,Near Miss,,89.8,Particular ball even nor consumer economy keep go author newspaper product letter make worry likely out score.,,3.6,Under Investigation
INC-01294,SITE-003,2024-09-09T00:00:00Z,Near Miss,Low,94.4,Foreign better difference defense condition produce system no course listen role garden discuss get agent.,Operator Error,4.9,Open
INC-01243,SITE-004,09/07/2025,Near Miss,Medium,76.3,Station find smile stay event among occur.,Material Fatigue,2.2,Under Investigation
INC-03910,SITE-006,2024-04-20,Leak,,60.4,Beyond carry single buy show tax cup responsibility address nearly already pay center identify network.,Operator Error,27.5,Closed
INC-02521,SITE-006,2025-08-07,Spill,Low,82.3,Class ahead quality concern significant spring to can center develop specific.,,8.5,Under Investigation
INC-01777,SITE-004,2024-11-08,Equipment Failure,,98.4,Include where they country indeed become religious stuff.,Third-party Damage,3.4,Closed
INC-02271,SITE-001,2024-06-19,Spill,Low,77.3,Scene thank research water six see coach.,Third-party Damage,4.8,Closed
INC-03111,SITE-005,2026-04-15,Fire,Low,99.8,Nor child look spring hotel option.,Sensor Malfunction,0.9,Closed
INC-05004,SITE-005,2025-11-27,Near Miss,High,41.4,Suddenly night class wife experience space.,,5.4,Under Investigation
INC-00448,SITE-004,2024-04-24,Spill,Low,91.4,Charge present claim future home least experience father fight your bring investment.,,3.0,Under Investigation
INC-04326,SITE-006,11-Jul-2026,Fire,Medium ,78.9,Always accept pattern second big employee place hold blood future nice by value spend do management.,Sensor Malfunction,11.9,Under Investigation
INC-00571,SITE-003,02/13/2024,Spill, medium,69.9,Role tell court size right language play music design tree wrong their ability expert wind direction use.,Valve Failure,2.5,Under Investigation
INC-02452,SITE-006,2026-10-11,Equipment Failure,High,51.6,Agree at threat TV military explain sister simple.,Operator Error,5.3,Under Investigation
INC-01925,SITE-002,2025-01-31,Leak,Low,93.5,New production wide animal mission respond suggest notice strong both people or because position assume agent staff.,Operator Error,5.9,Under Investigation
INC-02982,SITE-006,2025-08-03T00:00:00Z,Equipment Failure,High,54.4,Possible few worker day speak cost heavy.,,6.3,Closed
INC-03420,SITE-004,2025-06-21,Spill,High,72.3,Style term color majority behind series explain dark particular sort forget.,Corrosion,4.9,Under Investigation
INC-00292,SITE-003,2023-08-10,Fire,CRITICAL,61.7,Help support admit could about around.,Valve Failure,7.6,Closed
INC-01392,SITE-003,2024-01-14,Leak,,63.0,Itself man finish let various home mind owner main agency never set explain move.,,0.8,Closed
INC-02604,SITE-005,2024-02-25,Spill, Low,86.6,Result develop moment nothing firm cup television deep south these discussion marriage leader cut firm security hand.,Third-party Damage,6.1,Under Investigation
INC-03202,SITE-002,21/01/2026,Fire,Low,89.8,Care himself develop occur able often charge suddenly board travel.,Corrosion,8.4,Under Investigation
INC-02813,SITE-006,2026-03-08,LEAK,High,71.6,So today way job.,Third-party Damage,5.0,Under Investigation
INC-03764,SITE-001,2023-12-27,near-miss,Critical,45.6,Baby happen charge identify bed media surface give.,Valve Failure,3.4,Under Investigation
INC-05023,SITE-004,2026-09-29,Near Miss,low ,77.2,Direction know natural mean career heavy up friend seek.,Sensor Malfunction,3.2,Closed
INC-02576,SITE-002,05-Dec-2023,Fire,Medium,77.4,Choose back sense could onto because page growth institution others purpose likely.,Sensor Malfunction,4.8,Under Investigation
INC-00341,SITE-006,2026-06-29,Leak,High,57.8,Sign these base only high teach owner.,Valve Failure,10.3,Under Investigation
INC-04156,SITE-006,2025-10-12,Equipment Failure,Medium,79.9,Learn Democrat field different natural artist course remain offer son enough later wish.,Corrosion,9.2,Open
INC-00825,SITE-005,2026-03-16,Spill,Low,87.9,Risk report air authority fly personal issue stay together do eye everybody allow.,Third-party Damage,16.0,Closed
INC-01818,SITE-005,2026-03-20,Equipment Failure,,63.0,Lay subject let use bed stop difficult.,Third-party Damage,2.6,Closed
INC-05603,SITE-006,03/21/2025,Leak,Critical,44.1,Seat wall Republican family stay fund above any win threat worker movement away allow unit voice class them entire.,Corrosion,5.6,Closed
INC-03147,SITE-003,2023-10-26,equipment failure,High,59.2,Pick thousand three worry old Congress worker he deal stand operation process movement.,Operator Error,11.6,Under Investigation
INC-00809,SITE-005,2024-07-26,near miss,Low,99.7,Reason according reduce somebody price consider.,Operator Error,4.2,Open
INC-03373,SITE-004,2025-11-13T00:00:00Z,Equipment Failure, High,33.9,Mind impact produce at worker off play health.,Operator Error,5.7,Open
INC-04798,SITE-006,2023-11-23,,High,54.7,Late game tough throw item something.,,2.5,Under Investigation
INC-03949,SITE-003,2023-09-14,Leak,Critical,53.6,Skin look imagine local forward their increase create situation contain PM item build sport there policy.,Sensor Malfunction,4.9,Open
INC-04663,SITE-006,2026-02-04,Spill,,56.5,Ten president art represent TV drop part street figure in college seat way clear.,,2.2,Under Investigation
INC-01930,SITE-003,2023-10-22T00:00:00Z,Spill,Low,82.7,Throughout think best should trade science young support.,Valve Failure,12.8,Open
INC-03096,SITE-005,2024-08-11,Near Miss,High,57.8,Hold word responsibility your necessary institution those speech late.,Operator Error,13.9,Open
INC-00531,SITE-003,2024-06-04,Leak,Medium,76.1,Defense report game education outside contain small game more.,,14.2,Under Investigation
INC-00911,SITE-004,2023-09-29T00:00:00Z,Leak,Medium,70.9,Drug suggest population I five born woman guy sit source team kitchen project.,Valve Failure,10.3,Open
INC-04656,SITE-004,2025-04-26,Near Miss,low,86.4,Large bag painting store forward media set buy partner beyond.,Valve Failure,2.7,Under Investigation
INC-05256,SITE-006,2025-12-24,Fire,Critical,33.0,Suffer west practice choice course appear clear dinner seek support usually.,Operator Error,14.3,Under Investigation
INC-05342,SITE-003,2025-02-21,Fire,,54.2,Bag arm remember color power rate prepare.,Third-party Damage,7.7,Closed
INC-03457,SITE-005,2025-07-12,Spill,Low,83.9,Side senior reach determine process argue page direction such for glass most sell newspaper almost.,Corrosion,20.4,Closed
INC-05789,SITE-006,03/26/2026,Spill,Medium,60.5,Team agree network join activity sense ok sign purpose stuff why adult play base resource hospital executive reveal.,Valve Failure,6.2,Open
INC-00899,SITE-003,2026-04-22,Near Miss,High,65.9,Question which lead popular actually relationship move less certain draw perhaps cup program good.,Sensor Malfunction,3.9,Open
INC-03006,SITE-003,2024-11-04,Leak,Critical,80.7,One future huge gas top once learn top television skill fill.,Corrosion,4.3,Under Investigation
INC-02218,SITE-003,22/09/2024,Near Miss,High,60.1,Hard population wear.,Operator Error,6.6,Under Investigation
INC-01608,SITE-006,2026-02-17,Spill,High,54.6,Might here series reveal prepare share focus wish kind popular before party shoulder.,,9.3,Closed
INC-03223,SITE-003,2026-01-17,Leak, Critical,41.0,Especially throw local employee soon pick series reason break than performance social although position name meeting.,,3.9,Under Investigation
INC-02630,SITE-006,2024-07-05,Leak,High,60.8,Make also truth career day often resource financial Mr collection entire face citizen.,Material Fatigue,10.7,Closed
INC-03826,SITE-006,2023-12-31,Fire,High,68.4,Cell course east particular west shake southern enter thank pattern follow sense.,Sensor Malfunction,3.7,Closed
INC-01705,SITE-005,2023-11-12,Near Miss,Medium,78.5,House level which church along at want forget his best.,Valve Failure,2.7,Under Investigation
INC-04997,SITE-006,09/15/2023,Leak,Critical,36.6,Contain even southern rise strong after money kid artist.,,11.4,Under Investigation
INC-04378,SITE-005,2026-02-18,near miss,Critical,36.5,Pick break trip forward physical national decide white white understand yard.,Sensor Malfunction,3.2,Closed
INC-00960,SITE-002,2026-06-15,Spill,,60.1,Wind card page store between blue rate law court reflect cell easy how reason forward.,Sensor Malfunction,2.0,Open
INC-03901,SITE-002,2024-05-12, fire,Low,91.0,Represent high forget watch key.,Sensor Malfunction,4.2,Closed
INC-02233,SITE-003,10/12/2023,Spill,Medium,75.3,Mr ready north take both teach vote.,Sensor Malfunction,16.9,Closed
INC-05954,SITE-002,31/12/2024,Equipment Failure,Low,90.8,Join pressure history wait crime let morning meet.,Operator Error,2.3,Open
INC-00434,SITE-006,2023-08-03,Equipment Failure,Medium,77.4,Chance me visit throw trade popular the success let know.,Third-party Damage,7.1,Closed
INC-02763,SITE-003,2026-02-12,Leak,crit,104.0,Heart old nature president statement rule according next create contain.,Sensor Malfunction,10.1,Closed
INC-04109,SITE-006,2025-03-05,Leak,Critical,53.1,Speak conference like wrong benefit agree million seem scene group.,Operator Error,18.3,Under Investigation
INC-03449,SITE-001,2025-07-04,Near Miss,Low,79.1,Show effort continue your prepare character image lot field new.,Material Fatigue,5.5,Closed
INC-04121,SITE-003,2024-03-22,Spill,High,55.8,Behind it central spring as group.,Operator Error,9.5,Closed
INC-04445,SITE-001,2024-05-13,Spill,Low,95.8,Whatever condition bit dinner send require second describe.,Sensor Malfunction,3.6,Under Investigation
INC-04773,SITE-005,2024-11-03,Spill,High,56.0,Consumer their source name new explain that.,Corrosion,14.2,Under Investigation
INC-04430,SITE-005,2024-09-06,Near Miss, High,75.5,Born lawyer religious recent task deep.,Valve Failure,8.0,Open
INC-00207,SITE-003,2024-07-10,,Critical,25.6,Guess hospital something small bad cover product century despite water happen week seek door case body.,Operator Error,2.8,Open
INC-04988,SITE-005,2023-08-12,Near Miss,,-12.3,Lot strategy executive nation pull feel.,Sensor Malfunction,17.5,Under Investigation
INC-01682,SITE-003,2026-05-12,Equipment Failure,Medium,92.1,Huge impact camera southern physical decade place more field at.,Valve Failure,8.3,Open
INC-01576,SITE-004,2026-07-19,, High,64.3,Weight though before guess seat religious article really then among meeting type far.,Corrosion,16.7,Under Investigation
INC-03948,SITE-006,2024-09-03,Equipment Failure,Critical,57.1,Democratic could store effort wait number fear ahead network she center star paper performance green.,Corrosion,3.2,Under Investigation
INC-05531,SITE-003,2026-01-14,Leak,Critical,51.7,Camera Democrat forget me yard none show win yet statement purpose state.,Valve Failure,6.5,Open
INC-01701,SITE-003,2024-04-29,Leak,High,54.6,Really minute rock call teach certainly believe difference tonight gun heavy nation city chair society.,Third-party Damage,3.7,Open
INC-02714,SITE-001,2025-07-31,Spill,Critical,29.7,Among pick court draw upon popular throughout suffer answer.,Operator Error,2.8,Under Investigation
INC-00339,SITE-003,2024-09-10,Leak,Critical,62.1,Or which here because member.,Operator Error,15.8,Under Investigation
INC-03546,SITE-004,26/02/2025,Near Miss,Medium,64.5,Base doctor authority teach night detail side save direction seven fish left hair.,,13.4,Under Investigation
INC-04571,SITE-003,2025-06-25,Leak,Medium,76.9,Knowledge may me force two become impact military research part.,Material Fatigue,8.2,Open
INC-02033,SITE-001,2025-03-30,Equipment Failure,Low,97.3,Month drug seat what.,Third-party Damage,4.0,Open
INC-00908,SITE-004,2024-06-05,Spill,High,56.8,Budget year rich challenge individual.,Material Fatigue,8.4,Open
INC-04744,SITE-004,2024-12-09T00:00:00Z,Equipment Failure,Hi,72.1,Player professor need size see store trade.,Third-party Damage,15.4,Under Investigation
INC-05866,SITE-005,2023-11-24,near miss,Low,67.5,Theory college successful organization talk without.,Valve Failure,4.3,Open
INC-04214,SITE-002,2025-09-21,Near Miss,Medium,80.3,Fast pull consumer across American finally everybody later bit rather big early keep offer short.,Material Fatigue,5.4,Closed
INC-00774,SITE-001,2024-11-20T00:00:00Z,Equipment Failure,Critical,53.7,Fact sign son technology employee official appear.,,26.2,Under Investigation
INC-01633,SITE-006,2025-01-24,NEAR MISS,Critical,51.8,Leg TV type serve office I song minute describe police computer wife car that rather fear.,Operator Error,6.1,Under Investigation
INC-00647,SITE-006,2023-08-01,Leak,Critical,79.6,Not matter commercial want receive include central central success build deep be pay sometimes include ready experience certain.,Sensor Malfunction,23.5,Open
INC-05425,SITE-003,2024-12-14,Leak,High,72.1,Range human number if against least usually north family blood.,Valve Failure,2.7,Closed
INC-01330,SITE-002,2023-11-11T00:00:00Z,Near Miss,Low,93.9,Street tell consider this person agent reveal require our now enter.,Third-party Damage,23.5,Under Investigation
INC-01940,SITE-002,05/28/2025,Fire,Medium,72.5,Challenge law upon buy well son law produce thus turn father today scene.,Valve Failure,11.3,Closed
INC-05002,SITE-004,2023-09-16,Spill,Medium,70.0,Oil wrong ok season join knowledge Congress per common capital past actually fight.,Third-party Damage,4.2,Under Investigation
INC-02626,SITE-006,2023-10-22,Fire,Critical,54.8,After charge enter name scene marriage war drive difference thing picture all his east.,Corrosion,4.3,Closed
INC-01041,SITE-002,2025-02-22,Leak,Medium,71.7,Leader trouble economic occur avoid nice someone on surface.,Sensor Malfunction,19.1,Closed
INC-04598,SITE-004,11-Jan-2025,Near Miss,High,74.4,Well with size too score many order trouble end.,Corrosion,5.4,Open
INC-04805,SITE-002,2024-04-13,Near Miss,Low,85.8,Drop fast long hope phone art move color purpose.,Valve Failure,2.6,Open
INC-05444,SITE-005,2025-08-01,Equipment Failure,Low,80.8,Cold they movement statement child management during.,Operator Error,8.7,Closed
INC-02292,SITE-003,2026-06-12T00:00:00Z,Leak,Critical,77.9,Everyone sense hard military budget citizen collection your technology financial through.,Material Fatigue,19.4,Closed
INC-02727,SITE-005,2024-08-27,Fire,Hi,74.2,Over since to whole citizen happen camera recently night.,Corrosion,4.4,Closed
INC-05436,SITE-002,2025-01-04,Spill,Critical,36.8,Nearly huge pull manager list population.,Material Fatigue,9.3,Closed
INC-05894,SITE-003,2023-08-29,Spill,High,50.6,Oil direction industry real customer early growth phone society.,Sensor Malfunction,5.3,Under Investigation
INC-03220,SITE-004,13-Sep-2024,Near Miss,Medium,81.8,Develop herself modern his network nearly party season.,,16.4,Closed
INC-01830,SITE-003,07/01/2026,Leak,CRITICAL,47.8,Executive sometimes word box still bar not book after nothing.,Third-party Damage,2.2,Closed
INC-03767,SITE-006,2025-10-25,Equipment Failure,High,52.9,Arm win certainly new suffer stop almost increase its the with character commercial.,Material Fatigue,11.7,Closed
INC-01992,SITE-001,2024-06-29,Near Miss,Low,92.7,Within there fight manage history clear community political opportunity from suddenly activity piece onto class.,Corrosion,12.2,Open
INC-00521,SITE-006,2023-10-17,Spill,Medium,79.7,Situation around alone hundred night long stuff him place for.,Operator Error,5.2,Closed
INC-03224,SITE-003,2026-04-26,Near Miss,High,67.7,Drive approach anyone down she anyone occur look worry main.,Sensor Malfunction,9.5,Open
INC-04643,SITE-001,20/09/2024,Equipment Failure,Low,90.5,Check into likely tax talk difficult.,,3.4,Open
INC-02066,SITE-003,04/22/2025,Fire,Critical,36.0,Four shake three apply today appear trade.,,5.0,Closed
INC-04176,SITE-004,2024-05-21,Leak,Medium,70.0,Could ahead consider officer lawyer general beat defense radio doctor artist million.,Material Fatigue,24.2,Under Investigation
INC-02386,SITE-003,2025-10-05T00:00:00Z,Leak,Medium,81.8,Finally need least company popular thing degree fly station century because support effect view data off natural later newspaper.,Material Fatigue,1.7,Open
INC-02256,SITE-002,2024-04-03,Near Miss,High,52.0,Really eight movement participant position rule stop offer along whether no business town Republican think fight different adult.,Operator Error,5.0,Open
INC-01623,SITE-005,2025-05-06,Fire,Critical,62.3,Administration discuss more should turn common.,Valve Failure,6.2,Open
INC-01605,SITE-006,2024-11-17,Spill,Medium,94.6,Lot maintain president reach most need certainly live.,Third-party Damage,5.1,Under Investigation
INC-00186,SITE-006,2024-10-06,Equipment Failure,Medium,104.0,Field leave community author add north.,Sensor Malfunction,4.6,Closed
INC-00192,SITE-001,2026-08-18,Equipment Failure,Medium,65.7,Staff black why anything stop mind mind next.,,11.4,Closed
INC-02431,SITE-003,2026-02-05,Leak,High,61.0,Human show long physical television outside letter.,Material Fatigue,7.3,Open
INC-03483,SITE-001,2025-04-04,Leak,Low,95.3,Industry thus machine production next hear specific general sell attack other us.,Sensor Malfunction,8.9,Open
INC-03481,SITE-001,2025-12-23,Spill,Medium,75.6,Experience board last some.,,8.1,Under Investigation
INC-02559,SITE-005,2026-07-29,Equipment Failure,Medium,72.7,Relate gas phone growth focus artist human from hope.,Valve Failure,2.5,Closed
INC-03557,SITE-002,2023-12-11,Fire,Low,91.0,Decide at authority message.,,7.7,Under Investigation
INC-02051,SITE-001,25/01/2024,Spill,Medium,73.4,Learn actually easy way drop I feeling whole.,Third-party Damage,10.8,Closed
INC-05712,SITE-002,2023-08-20,Near Miss,Medium,60.1,Or similar us voice with.,Material Fatigue,14.5,Open
INC-00691,SITE-004,11/04/2026,Near Miss,MEDIUM,74.9,Tax score spring order perhaps opportunity from place present more.,Sensor Malfunction,2.7,Closed
INC-04682,SITE-001,2026-05-27T00:00:00Z,Spill,Medium,66.2,Newspaper hour sign process bar whole.,Corrosion,6.7,Under Investigation
INC-01984,SITE-006,2025-04-03,Spill,High,62.8,View effect black gas political question recently.,Third-party Damage,4.1,Closed
INC-00840,SITE-006,2024-02-29,,High,58.5,Middle technology member save usually day fear series explain experience yes.,Sensor Malfunction,6.2,Under Investigation
INC-00283,SITE-004,2024-11-25,Leak,Low,91.3,Material how boy accept community camera whom.,Material Fatigue,1.4,Open
INC-02237,SITE-001,2025-01-26,Leak,Medium,82.6,Seem against account ability market popular now with which sure middle western law order.,Material Fatigue,3.4,Open
INC-01092,SITE-006,2025-03-08,Leak,High,63.5,Item strategy right computer data production day I push cell not card home.,Material Fatigue,24.6,Closed
INC-02025,SITE-001,16/07/2024,Fire,Medium,60.2,Enter the movement voice contain national evidence family attention science environmental.,Corrosion,5.2,Closed
INC-05335,SITE-003,2026-03-11,leak ,Low,88.5,Push to everybody mention realize almost door pull film analysis everything.,,4.5,Under Investigation
INC-01398,SITE-003,2023-11-17,Leak,High,68.4,Speech indeed adult simple act fire respond administration outside.,,3.1,Under Investigation
INC-03018,SITE-003,2025-07-09,Leak, High,50.5,Address five return upon radio somebody along fire single.,Third-party Damage,1.3,Under Investigation
INC-05488,SITE-001,2026-02-03,Near Miss,High,63.8,Skin public foreign listen nor admit type development prove also represent.,Operator Error,2.5,Under Investigation
INC-03354,SITE-001,2025-02-05,Leak,Medium,84.8,We last raise field seat number use five relate stop.,Operator Error,8.3,Open
INC-02242,SITE-005,2023-09-12,Fire,Low,79.5,Thing American century box national live wrong animal for official then deal.,Valve Failure,7.5,Open
INC-05019,SITE-004,2025-01-28, Leak,Low,93.5,Administration fight dinner human remember free security treatment free.,Third-party Damage,1.2,Closed
INC-02014,SITE-004,2024-04-13,Near Miss,High,60.9,Push attorney alone above mind instead growth wonder walk break push south break information ok.,Sensor Malfunction,12.2,Under Investigation
INC-04448,SITE-003,12/27/2023,Near Miss,High,46.5,Sit weight hour anyone room memory Republican station among.,,5.7,Under Investigation
INC-01690,SITE-006,07/26/2025,Near Miss,High,51.5,News stay sometimes heavy difference page.,Valve Failure,11.1,Under Investigation
INC-03667,SITE-006,2023-11-01,Equipment Failure,Crit,45.9,Rich executive newspaper really movement teacher Mr spend.,Operator Error,15.0,Closed
INC-03371,SITE-003,2024-07-12,Near Miss,Critical,33.3,Important since worker must happy realize learn benefit example such these huge far.,Third-party Damage,10.4,Under Investigation
INC-05798,SITE-006,02/03/2026,Spill,High,59.7,Decision operation reflect partner building sometimes marriage occur five safe true.,Third-party Damage,10.4,Open
INC-04111,SITE-006,2026-02-11T00:00:00Z,NEAR MISS,High,42.4,Participant bank manager feeling common million think try day economic whole nor economic next crime clear begin.,Sensor Malfunction,3.4,Under Investigation
INC-03942,SITE-001,11-Feb-2025,Equipment Failure,Low,99.0,Forget participant sit party phone time fear stock past to strong region exist shake contain land actually.,Sensor Malfunction,14.2,Under Investigation
INC-05836,SITE-001,2025-04-03,Equipment Failure,Medium,87.9,Letter improve picture attorney hear skin throw.,Sensor Malfunction,3.9,Closed
INC-02878,SITE-006,2024-09-07,Spill, High,64.0,Side find production entire test page forward suddenly.,Third-party Damage,5.0,Closed
INC-05344,SITE-002,2023-12-26,Fire,Medium,66.9,Work ability once include best early five sure pass late head main remain.,Operator Error,7.7,Under Investigation
INC-02062,SITE-006,10-Aug-2024,Leak,,32.1,Card particularly south hand employee well article particularly believe might rich middle man.,Corrosion,13.8,Closed
INC-02042,SITE-005,2025-08-07,Near Miss,Low,89.1,Congress parent turn two while off final wind believe.,Third-party Damage,3.7,Under Investigation
INC-01912,SITE-004,2025-01-02,Leak,Low,92.0,Each admit data law white agreement often.,Sensor Malfunction,3.2,Open
INC-03489,SITE-001,2026-06-22,Spill,High,50.9,Position stand son practice some sit want positive exist choice another pretty daughter expect.,,2.8,Closed
INC-01106,SITE-004,03/09/2024,Equipment Failure,High,-12.3,Nearly financial born might figure them question country.,Valve Failure,24.6,Open
INC-05274,SITE-006,2025-09-18,Near Miss,High,69.3,Entire reason detail ball movie teach information itself suggest economy recognize itself whom skin.,Material Fatigue,7.3,Under Investigation
INC-00472,SITE-006,2024-06-25,Leak,High,47.4,Structure reflect which civil study international radio drug interest senior group phone.,Corrosion,14.3,Open
INC-04035,SITE-003,2023-10-20,Equipment Failure,High,41.1,Speak third line bed employee third house place ten step.,Third-party Damage,7.2,Closed
INC-01263,SITE-006,2023-12-29,Spill,Medium,66.8,Determine under possible skill house matter list white say.,,20.0,Closed
INC-05845,SITE-006,2026-03-27,Near Miss,High,34.5,Month already dog son international approach project authority speech money whom front.,Valve Failure,6.2,Open
INC-04397,SITE-003,2025-01-07,Spill,Critical,33.6,Onto opportunity thing generation he.,Operator Error,4.3,Closed
INC-04271,SITE-004,2026-02-03T00:00:00Z,Fire,Critical,69.2,Name development kitchen happy free compare themselves speech adult family field.,,5.3,Under Investigation
INC-03439,SITE-005,2026-08-23,Equipment Failure,Medium,72.7,Tough plan image wife away audience green relationship choose general plan inside prove specific art.,Sensor Malfunction,12.1,Closed
INC-05492,SITE-005,2025-08-22,Spill,Low,90.9,Senior perform exactly against practice especially usually east win save send sing.,Corrosion,5.3,Under Investigation
INC-03824,SITE-006,2025-10-26,,Critical,115.7,Environment customer dinner building dream goal.,Third-party Damage,10.3,Under Investigation
INC-02963,SITE-006,01/05/2024,Near Miss,Low,-0.5,Head this loss meeting white hear institution now hear.,Third-party Damage,8.1,Closed
INC-00358,SITE-003,2026-01-02,Spill,High,60.7,Century foreign leave product safe this series policy state able color his.,Third-party Damage,0.5,Open
INC-05837,SITE-003,2026-03-19,Near Miss,High,67.4,Bad try strong reason identify bed.,Material Fatigue,14.2,Under Investigation
INC-00886,SITE-004,2026-05-29,Spill,High,71.5,Score book inside condition physical information bar remain cost.,Material Fatigue,7.3,Under Investigation
INC-04733,SITE-001,2024-10-12,Near Miss,High,58.9,Fish them tonight while environmental call design certain should.,Sensor Malfunction,6.2,Open
INC-02858,SITE-005,2026-09-22,Spill,Medium,77.8,That no we tree Republican three population describe six condition professor very with.,Material Fatigue,8.8,Closed
INC-01156,SITE-002,2023-11-17,Spill,Critical,39.0,Reduce pattern billion decision spring body.,Third-party Damage,5.2,Under Investigation
INC-02124,SITE-002,2025-03-11, Leak,High,41.4,These decision or head music team experience sure ever successful build partner maintain onto enter class.,Corrosion,3.0,Open
INC-02159,SITE-003,2023-10-04,Leak,,30.4,Because instead pull plant.,Operator Error,5.9,Under Investigation
INC-04122,SITE-003,2026-02-03,Leak,High,52.3,Between include fear blood good accept section weight cup author.,Valve Failure,4.9,Open
INC-02594,SITE-004,04/27/2026,Equipment Failure,Medium,80.9,Face within off amount entire group risk spend small dark rich benefit mind act debate black available.,,3.0,Open
INC-01259,SITE-003,2026-02-24,leak,Low,82.9,His partner maybe key others police like six available us sister others significant.,Material Fatigue,11.2,Open
INC-03609,SITE-006,2026-06-02,Spill,Critical,36.7,Market bring message form hair fly part down person option.,,10.2,Under Investigation
INC-03599,SITE-005,2023-08-28,Fire ,High,57.6,Whole choice both life above ball nor scene player arrive later may son.,Material Fatigue,16.1,Open
INC-03650,SITE-006,2025-10-22,Fire,High,63.3,Fact prevent account student yourself black country store wall simply pressure church.,,6.5,Open
INC-05392,SITE-003,2025-07-14,Near Miss,High,70.2,Apply concern feeling white civil cost.,Operator Error,17.8,Under Investigation
INC-01201,SITE-006,2024-04-29,Leak,Medium,73.6,Whether soon series couple international.,Material Fatigue,27.2,Open
INC-01626,SITE-005,2024-04-03,Equipment Failure,Medium,68.9,Pick vote word into nice test near this movie great while later still.,Corrosion,2.4,Closed
INC-02818,SITE-004,2024-09-12,Fire,Lo,91.8,Stage past safe these direction quality American join.,Third-party Damage,5.1,Closed
INC-00315,SITE-002,08-Oct-2024,,,75.7,Interview treat western really fly.,Material Fatigue,5.2,Under Investigation
INC-04150,SITE-004,2024-07-20,Spill,High,61.9,Threat evidence ability Republican they suddenly performance southern audience.,Material Fatigue,9.8,Open
INC-00560,SITE-006,2023-07-23,Leak,,104.0,Leader paper audience subject suffer expert soldier office loss only thousand thousand.,Corrosion,1.4,Open
INC-00842,SITE-001,09-Dec-2025,Spill,Critical,50.2,Peace economy whose himself physical religious yet design inside middle realize inside general ball trouble lead little.,Sensor Malfunction,9.1,Open
INC-04139,SITE-003,2026-01-13,Leak, Critical,65.0,General line general behind break nothing west special write out mention.,,11.9,Under Investigation
INC-01771,SITE-005,2026-02-23,Near Miss,High,55.7,Action our everybody weight religious anything degree.,Corrosion,7.7,Closed
INC-02927,SITE-002,2025-04-24,Spill,Medium,71.6,Movement tell chance laugh allow ago happy help plan your American look.,Material Fatigue,5.4,Closed
INC-00257,SITE-003,2025-11-14, spill ,Critical,36.3,Different debate theory me doctor science share audience nature left during TV.,,2.3,Under Investigation
INC-01082,SITE-006,2025-04-03,fire,Low,99.8,Hold reflect old us item gas financial.,,5.8,Under Investigation
INC-04927,SITE-002,2024-06-23,near-miss,low,90.7,Moment church public first either perhaps industry woman generation why carry.,,14.3,Under Investigation
INC-02385,SITE-002,2024-12-12,Fire,Medium,75.4,Nearly then red draw year enter one alone.,Material Fatigue,14.6,Closed
INC-01588,SITE-006,2023-10-15,Leak,High,53.9,Name visit relate in really ever hot kitchen third security.,Operator Error,2.5,Open
INC-05160,SITE-006,2026-05-08,Fire,Critical,51.6,Draw reduce pick suddenly color some in director begin seem have.,Valve Failure,15.7,Open
INC-02086,SITE-006,2025-10-30,Spill,Critical,37.6,Pass not guess save pay authority themselves include skill.,Sensor Malfunction,3.2,Open
INC-00964,SITE-005,2026-09-13,Near Miss,Low,-12.3,Beautiful wish option specific site difference this often person.,Operator Error,7.2,Closed
INC-03842,SITE-004,2024-07-05,Equipment Failure,LOW,81.0,Set will past its remember prevent.,Operator Error,1.2,Under Investigation
INC-00330,SITE-002,2025-10-17,Equipment Failure,Low,92.7,Night real central artist ask.,,21.0,Under Investigation
INC-03207,SITE-001,2025-03-16T00:00:00Z,Fire,Low,87.5,On control range yourself now stay theory international these my tonight trouble interesting simple size about easy top.,Corrosion,7.0,Open
INC-03636,SITE-005,2025-08-03,Fire,Hi,62.4,Road school score director great issue record above picture century.,Operator Error,2.9,Under Investigation
INC-00576,SITE-004,2026-03-12,Fire,High,69.2,With in very Republican just race free idea century treatment name someone where nation newspaper.,Valve Failure,6.0,Open
INC-05987,SITE-006,2024-02-25,Near Miss,Critical,40.8,Budget everyone against American action home minute degree someone wife political while writer option.,Valve Failure,11.1,Open
INC-01293,SITE-003,2023-09-26T00:00:00Z,Fire,CRITICAL,50.6,Subject within system without group lawyer grow bit century reduce.,Operator Error,2.0,Under Investigation
INC-01913,SITE-005,2026-05-07,Near Miss,Medium,84.1,Body a market have I know.,Third-party Damage,8.3,Closed
INC-03326,SITE-005,2026-04-08,Equipment Failure,Low,85.2,Have arm everybody energy decade.,Valve Failure,26.7,Open
INC-04302,SITE-003,07/10/2025,Leak,Medium,81.5,Carry surface direction down begin.,Third-party Damage,3.1,Closed
INC-02169,SITE-005,2025-06-21,Spill,Critical,36.3,Hand marriage hear reach significant question every role.,,4.5,Under Investigation
INC-03086,SITE-006,2024-12-29,Spill,High,42.7,North matter clearly establish expert these.,Sensor Malfunction,6.1,Under Investigation
INC-01363,SITE-006,2026-01-27,Leak,High,49.5,Certainly character base sense there strategy.,Corrosion,6.3,Closed
INC-03984,SITE-003,2025-01-28,Leak,Low,82.8,Head professor medical relate stage.,Corrosion,1.9,Open
INC-05407,SITE-002,06/03/2024,Equipment Failure,Medium,79.4,Gun develop investment career thus view budget gun police by scientist computer friend college consider.,Sensor Malfunction,0.6,Under Investigation
INC-01971,SITE-001,2023-08-31, fire,Low,90.7,Full half kid can music tree shoulder property matter set move medical.,Valve Failure,10.0,Under Investigation
INC-02149,SITE-005,2025-06-16,Near Miss,Low,-5.0,Region share ahead no scientist.,Material Fatigue,18.6,Under Investigation
INC-03471,SITE-003,2023-07-28,Near Miss,High,61.1,Exactly bank science in mission positive.,Material Fatigue,5.0,Under Investigation
INC-03058,SITE-004,2024-03-09,Near Miss,Low,75.0,Born worker model clearly coach politics teach.,,4.2,Open
INC-04512,SITE-006,2024-03-13,Fire,HIGH,46.7,Author care let base write raise stuff program.,Sensor Malfunction,2.6,Closed
INC-03396,SITE-001,2025-03-31,Equipment Failure,Low,93.7,Crime commercial option be explain might student gas.,,11.2,Under Investigation
INC-01158,SITE-005,2025-05-03,Leak,Low,-12.3,Manager clearly safe both coach long.,Corrosion,3.4,Open
INC-01790,SITE-003,2025-01-02,Leak,High,65.3,Clear do ready become final finish ask woman agree nature see space executive.,Third-party Damage,8.9,Open
INC-05104,SITE-006,2025-06-05,Leak,high,57.3,Sort authority response green reflect write.,Operator Error,7.2,Closed
INC-00806,SITE-001,2024-10-13,FIRE,,91.9,Themselves economy sing model order heavy believe prevent late someone pick amount short administration someone however involve bring.,Operator Error,41.8,Under Investigation
INC-03336,SITE-002,2026-06-04,Equipment Failure,High,78.1,Behind service the teacher conference travel player.,Valve Failure,12.1,Closed
INC-01323,SITE-004,2025-03-15,Spill,low,92.5,Sing recent recently PM really push land after thing nice total scene paper phone fear then interview.,Sensor Malfunction,10.3,Under Investigation
INC-02842,SITE-006,2024-05-14,Fire,low ,91.0,Although task not letter true accept activity best article writer series exist marriage interview.,,5.4,Closed
INC-01575,SITE-006,2025-11-30,Spill,Low,80.6,Oil church foreign little bad yeah ball between wide actually born.,Third-party Damage,4.3,Closed
INC-02836,SITE-006,2025-07-13,Leak,,83.8,Anyone wrong defense important national.,Valve Failure,5.4,Open
INC-04566,SITE-003,2026-03-29,Spill,,45.3,Carry modern should research avoid.,Corrosion,5.5,Closed
INC-02811,SITE-003,2023-12-03,Leak,Critical,48.1,Argue feeling market successful author as especially production especially network.,,5.6,Closed
INC-01417,SITE-006,2024-06-07, spill ,Low,85.1,Power answer vote actually stuff all firm page film green natural no floor cell environment.,Valve Failure,4.6,Open
INC-03176,SITE-002,2025-02-28T00:00:00Z,Leak,Med,57.9,Serve occur apply loss case certainly out street rule represent past her onto idea.,,8.0,Under Investigation
INC-03782,SITE-003,2025-11-02,Equipment Failure,High,67.1,Fear but ok yard federal responsibility once.,Valve Failure,7.9,Under Investigation
INC-02235,SITE-003,2024-03-30,Equipment Failure,Low,92.9,Hard skin short song million away building religious feel nation country country.,Valve Failure,1.4,Under Investigation
INC-00317,SITE-006,20-Jul-2025,Leak,Critical,57.0,Other to significant person car article do out admit government everybody family now reduce.,Third-party Damage,7.1,Closed
INC-05153,SITE-004,2026-05-17,Fire,Medium,104.0,Sister participant those fill bad computer admit might reason support finish some culture.,Valve Failure,2.3,Closed
INC-04603,SITE-001,2024-03-11,Near Miss, medium,64.8,Party else hear both outside inside American pass.,,5.7,Open
INC-00175,SITE-004,09/03/2026,Fire,High,56.4,Debate less participant group.,Operator Error,9.0,Open
INC-00475,SITE-004,2025-06-09,Leak,Low,89.3,Rich project plan mission light remember type senior unit politics wide series determine race part data.,,9.3,Open
INC-04580,SITE-004,2024-05-31,Spill,Low,90.7,Recent long will politics throw series determine fear sell.,,8.1,Open
INC-05544,SITE-002,2024-06-17,Near Miss,Medium,76.4,Data front expect piece rule adult mother quickly partner.,,3.5,Open
INC-05294,SITE-005,11/24/2024,Equipment Failure,Low,84.7,Manager reduce sit science huge contain party focus coach.,Operator Error,8.9,Under Investigation
INC-03959,SITE-006,2024-02-11,Near Miss,Crit,-5.0,Far base listen hundred property issue stage.,Material Fatigue,1.5,Under Investigation
INC-01188,SITE-003,2024-09-04,Leak,Medium,65.6,Piece story region include party century color major guess development turn avoid sometimes in high necessary.,,9.1,Under Investigation
INC-01416,SITE-001,02/22/2025,Near Miss,Low,85.4,Particular cut yourself carry recognize parent stop.,Material Fatigue,4.7,Closed
INC-00889,SITE-005,2024-07-02,NEAR MISS,Low,81.5,Road evidence gas court tough man bad meet property word.,,11.6,Open
INC-01268,SITE-003,2026-04-29,Leak,Medium,74.6,Space audience modern station performance seek name last almost need type who move without its people.,Corrosion,10.5,Closed
INC-02037,SITE-006,03/06/2025,Leak,Critical,53.0,Well cut lawyer project your have at newspaper accept appear meeting he page development laugh.,Operator Error,26.1,Closed
INC-03587,SITE-001,2024-10-17,Equipment Failure,medium,76.2,Pretty admit much condition ability east machine really debate part clear citizen.,Material Fatigue,2.3,Under Investigation
INC-03524,SITE-003,23/01/2026,Leak,High,47.8,Southern blood look choice thus use.,Sensor Malfunction,3.1,Under Investigation
INC-03964,SITE-002,05-Jun-2024,Spill,,36.0,Travel for receive month science.,Operator Error,15.5,Open
INC-04986,SITE-005,2025-10-01T00:00:00Z,Near Miss,Medium,70.7,By reality firm under arm player range apply.,,2.4,Closed
INC-05147,SITE-005,2024-06-15,Equipment Failure,low,94.7,She article national scientist build whatever hotel number attorney consumer billion to serious student view population.,Material Fatigue,8.7,Closed
INC-00393,SITE-003,2025-03-23,Near Miss,High,61.5,Might total cell edge probably help particular take certain likely.,Material Fatigue,5.0,Under Investigation
INC-04263,SITE-004,2026-03-09T00:00:00Z,Spill,Low,86.1,Worry way rule hospital need go for contain situation need run why.,,20.0,Closed
INC-04480,SITE-006,2026-03-07,Fire,Medium,61.2,Father Democrat help focus wall glass painting any take.,Sensor Malfunction,4.1,Open
INC-05895,SITE-006,2026-09-15,Leak,Critical,33.9,Write card lose president in sit fish save team.,Material Fatigue,8.2,Open
INC-04368,SITE-005,12/11/2024,Spill,High,67.1,Continue new point accept now.,,9.1,Closed
INC-03747,SITE-006,2024-07-08,Spill,High,49.2,Beat few next light general account certain smile able spend question hour grow.,Material Fatigue,41.4,Closed
INC-02313,SITE-002,2025-05-25,Equipment Failure,High,84.9,Talk meeting radio be beyond manager organization idea open country author house three stop.,Material Fatigue,4.3,Closed
INC-04478,SITE-003,2026-06-05,EQUIPMENT FAILURE,Critical,53.5,Out popular throw will surface key these.,Operator Error,13.8,Open
INC-01506,SITE-004,2024-12-20,near-miss,Medium,70.2,Even experience international trouble fund debate strong change painting even federal quickly personal.,Operator Error,2.1,Closed
INC-04751,SITE-004,2024-01-30,Leak,Medium,75.9,Trade next art property market play summer join though method eight.,Third-party Damage,7.5,Open
INC-04622,SITE-002,2025-02-25,Near Miss,Crit,35.0,Clear worker improve letter happy control pay middle table.,Third-party Damage,5.7,Open
INC-01527,SITE-005,2026-08-13,Spill,Medium,115.7,Inside event various society debate hold past structure loss popular plant write.,Material Fatigue,31.4,Under Investigation
INC-02984,SITE-006,2026-06-12,Equipment Failure,Medium,68.2,Sing southern office strategy manager upon prove bad.,,20.1,Closed
INC-02340,SITE-003,2025-06-06,Leak,Medium,77.2,Economy cup government station too appear where strong look listen others bit couple rich process approach area year though.,Third-party Damage,6.9,Open
INC-00500,SITE-004,2025-08-30,Fire,Medium,66.6,Figure ten summer difference.,Valve Failure,0.6,Closed
INC-02730,SITE-002,2025-12-06,Near Miss,Low,90.4,Piece on find step maybe over describe back again account rather close.,Valve Failure,0.4,Under Investigation
INC-04435,SITE-006,2026-09-24,Spill,High,44.2,Letter high as significant tonight team list community theory end light physical someone network hit page.,Corrosion,2.8,Closed
INC-01414,SITE-005,2024-01-25,Equipment Failure,Medium,67.8,Be whole action suggest television total reality thought place stuff.,Material Fatigue,2.7,Under Investigation
INC-03299,SITE-005,06/19/2024,Leak,Medium,70.0,Drug sport without even member yeah pretty various various contain believe.,Third-party Damage,12.2,Closed
INC-01209,SITE-005,2024-03-15,Near Miss,Low,96.7,Still among condition wrong activity lead shoulder art hard Mr maintain community former game.,Corrosion,4.8,Closed
INC-03921,SITE-004,26-Jan-2025,Near Miss,,68.1,Product she another hand per garden pressure evening include.,Material Fatigue,5.2,Under Investigation
INC-02568,SITE-001,2023-11-19,Near Miss,Medium,68.6,Note its memory whole expect under again computer learn find especially he politics sign.,Sensor Malfunction,2.5,Open
INC-04494,SITE-004,08/19/2023,Equipment  Failure,Medium,104.0,Head win fight top single beat message crime stuff any member town.,Material Fatigue,3.2,Closed
INC-04006,SITE-001,2026-04-14,Near Miss,Medium,67.4,Hear others bar kid red themselves officer bit myself individual win far worry.,Corrosion,9.4,Closed
INC-02518,SITE-002,19/10/2024,Leak,Medium,79.7,Although hot him despite provide someone lawyer benefit generation.,Valve Failure,5.7,Closed
INC-01065,SITE-004,2025-08-17,Spill,Low,88.2,Fact tonight season medical position serious.,Valve Failure,3.5,Under Investigation
INC-05885,SITE-005,2024-10-10T00:00:00Z,Equipment Failure,Medium,72.9,Statement beyond participant admit section remember fast ready move know house total.,,0.2,Open
INC-04069,SITE-002,17-Feb-2026,Equipment Failure,Medium,79.2,Keep effect participant similar writer author not.,,6.1,Under Investigation
INC-01075,SITE-002,2024-04-08,Equipment Failure,Critical,38.5,Which around road writer particular leave receive receive arm future mind live natural since win.,,5.4,Closed
INC-03676,SITE-002,2026-07-18,Equipment Failure,Critical,48.3,Material always design industry price reason smile industry ago star.,,2.8,Under Investigation
INC-00297,SITE-004,2025-02-02,Near Miss, medium,76.7,Without hit message scene control.,Third-party Damage,4.2,Closed
INC-03888,SITE-006,2024-07-03T00:00:00Z,Spill,High,62.3,Parent left before operation election interview all.,Operator Error,1.9,Under Investigation
INC-03603,SITE-005,2024-06-23,Near Miss,Low,86.6,Value wrong attorney lose a study evidence weight.,Corrosion,11.3,Open
INC-01871,SITE-002,09/01/2023,Near Miss,,87.4,Approach position brother green occur.,Third-party Damage,8.2,Under Investigation
INC-03418,SITE-004,2026-01-03T00:00:00Z,Leak,Low,79.8,Four investment series condition produce lawyer suffer less.,Third-party Damage,2.0,Closed
INC-02904,SITE-003,2025-06-07,Leak,High,71.5,Upon quite court create today quality.,Operator Error,14.3,Under Investigation
INC-03284,SITE-002,25-Jan-2024,Fire,CRITICAL,58.5,Consider wear either range ago yard effort fear ball along huge south training we them at me knowledge.,,4.5,Closed
INC-00069,SITE-001,09/02/2026,Near Miss,Medium,72.8,Information tend quickly political last camera provide movie religious decide ask heavy book.,Sensor Malfunction,4.3,Closed
INC-05616,SITE-004,01/16/2024,Spill,Critical,32.9,Language business organization article establish do family.,Valve Failure,16.5,Closed
INC-04427,SITE-003,2025-10-07,,Low,90.5,Share hope bad loss test rather then too skill deep pick everything mean try how individual attack compare him.,Valve Failure,7.1,Under Investigation
INC-00575,SITE-003,2023-09-08T00:00:00Z,LEAK,High,73.2,With child chance meeting investment save.,,25.7,Open
INC-00513,SITE-005,2025-03-27,,Medium,70.0,Whatever page price including chair already notice must they check shoulder leg room administration remain under finally vote summer.,,5.6,Closed
INC-00782,SITE-002,2023-09-13,Fire,Medium,89.1,Per sometimes involve physical carry personal crime really word nation pretty admit.,Sensor Malfunction,17.3,Open
INC-03627,SITE-002,2026-01-10,Near Miss,Low,86.7,At cause bring know everybody sea interesting of.,Valve Failure,1.9,Closed
INC-03742,SITE-005,2025-05-23,,Low,93.8,Door almost across full place other name our age evening story without fall last agent.,Operator Error,4.6,Under Investigation
INC-03998,SITE-004,2024-11-07,Near Miss,MEDIUM,71.7,Focus race themselves movement woman.,Corrosion,2.3,Under Investigation
INC-03400,SITE-002,2025-06-26,Equipment Failure,Medium,66.9,Student especially itself religious able as become cup bill people.,Material Fatigue,4.6,Under Investigation
INC-03351,SITE-002,2024-09-06,Near Miss,Medium,68.8,Lot kind main car the free world plan relate nation keep.,Corrosion,20.1,Closed
INC-00771,SITE-001,2023-08-21,Equipment  Failure,Low,88.2,Seek share number too since black.,Valve Failure,7.4,Under Investigation
INC-03454,SITE-006,2023-09-03,Leak,High,58.0,Guess group for onto each politics court newspaper front leave sell trade development commercial.,Third-party Damage,10.2,Closed
INC-00046,SITE-006,12/03/2024,,Medium,79.8,Short assume score toward service production company financial statement resource ground appear rich about.,Material Fatigue,2.3,Closed
INC-04103,SITE-001,2025-11-07,Near Miss,Low,95.1,Discover government sound between ok consider seem before manage drive why call market result pattern weight soldier.,Material Fatigue,6.9,Under Investigation
INC-03286,SITE-006,2026-01-10,Near Miss,MEDIUM,71.6,Among institution next relate lead movie.,,5.9,Closed
INC-01668,SITE-005,2024-12-04,Near Miss,High,54.5,Capital candidate light important since name whether customer away event daughter save.,Operator Error,15.3,Open
INC-05039,SITE-006,2025-09-13,Equipment Failure,Medium,89.8,Action knowledge edge option everything if game interesting change so plan the stage up between middle practice specific door treatment mother.,,1.7,Under Investigation
INC-04068,SITE-001,23-Aug-2025,Equipment  Failure,Medium,76.4,Move ground require none what safe allow.,Sensor Malfunction,8.1,Closed
INC-03916,SITE-003,2024-01-11,Spill,High,47.1,Him third moment be he degree loss paper little appear issue American newspaper record notice reveal fund tough.,Third-party Damage,3.2,Open
INC-00984,SITE-005,2023-08-11,Near Miss, medium,72.7,With guess this moment color.,Valve Failure,14.0,Open
INC-00326,SITE-003,2026-03-03,Equipment Failure,Medium,63.0,Remember goal describe until check face open ten right.,Third-party Damage,12.6,Closed
INC-01258,SITE-006,05/21/2025,Leak,HIGH,67.2,Buy thus chair particular same interview hand who serve million improve single what house to big trial economy type yes.,,7.0,Closed
INC-05166,SITE-004,2024-02-18,Leak,High,52.8,Name phone local discover stuff student level economic energy.,Operator Error,9.8,Open
INC-03004,SITE-001,2024-01-04,Equipment Failure,Critical,28.9,Almost throughout play foreign race machine.,Sensor Malfunction,9.9,Under Investigation
INC-04745,SITE-001,2024-07-13,Leak,Med,52.7,Baby sign hair job spring what like as theory ever out fear himself.,,9.8,Open
INC-00695,SITE-002,2025-10-31,Near Miss,Low,94.3,Turn court difference major however sometimes step road season manage reveal fall pass.,Operator Error,2.0,Open
INC-01703,SITE-006,2026-05-06,Near Miss,Medium,84.8,Reveal itself cut explain.,Sensor Malfunction,18.3,Open
INC-02884,SITE-005,10/31/2025,Equipment Failure,Medium,77.2,Current practice loss item most security.,Sensor Malfunction,5.0,Open
INC-03734,SITE-001,2024-01-04,Equipment Failure,High,58.7,Half car window computer simple though evidence movie.,,1.6,Under Investigation
INC-04567,SITE-004,2024-08-06,Fire,Medium,75.8,Matter chair leave since if early.,,7.5,Open
INC-02905,SITE-002,2026-06-02,Near Miss,Low,82.5,Act high key anyone within strong quickly type push whose east TV campaign yard remain market surface.,Material Fatigue,9.8,Open
INC-02717,SITE-003,2023-08-19,Fire,Medium,68.9,It day effect summer history PM expert recent chair road however song enjoy increase carry care development increase language history.,Corrosion,3.1,Closed
INC-04400,SITE-005,24/06/2025,Spill,High,54.1,Expect hour likely general better development true issue section back.,Operator Error,5.0,Closed
INC-01265,SITE-004,04/13/2026,Fire,High,62.0,Government wife green cultural cut fill sure produce.,Third-party Damage,3.6,Closed
INC-02775,SITE-004,2026-09-18,Equipment Failure,Critical,57.9,Number career color someone bar well seek message final wrong consumer stage specific career.,Corrosion,7.1,Closed
INC-05111,SITE-005,18-May-2025,Spill,Low,91.8,Bed water over site money find rise.,Valve Failure,14.4,Open
INC-02773,SITE-006,2024-02-04,Leak,Medium,76.4,Before other time hit college dark section mind dog leave understand effect your set.,,12.2,Closed
INC-03003,SITE-005,2024-10-29,Near  Miss,Critical,42.1,Different machine baby cup name sell notice keep travel health hold different what anyone.,Valve Failure,3.0,Closed
INC-01567,SITE-001,2026-03-20T00:00:00Z,Near Miss,Medium,74.6,Pm draw project long debate ok on agreement space small watch generation day force subject.,Corrosion,2.4,Under Investigation
INC-03162,SITE-003,09/21/2024,Spill,High,64.3,Success author every area anyone student address energy history effect maybe would network.,Corrosion,6.6,Open
INC-02874,SITE-004,2024-10-20,Spill,Low,76.1,Get station research hope production important offer station actually thus mouth sense difficult.,Operator Error,4.4,Closed
INC-02912,SITE-006,2026-06-29,Leak,Critical,43.5,Evening realize note try central good.,Material Fatigue,6.8,Under Investigation
INC-01430,SITE-004,2024-11-06,Equipment Failure,High,66.8,Consider set view upon upon season fish whether stock here mother themselves religious may positive.,Sensor Malfunction,4.8,Open
INC-03269,SITE-005,2023-10-28,LEAK,Medium,68.4,Last service three feeling then service pressure get discuss outside discussion wait ask.,Valve Failure,11.4,Open
INC-03819,SITE-003,2025-12-17,Equipment Failure,Low,90.4,Policy brother for year thus summer.,Third-party Damage,9.0,Open
INC-01842,SITE-006,2024-11-09,Leak,High,50.7,Them model standard drop generation drug like truth laugh.,,6.3,Open
INC-05406,SITE-003,2024-01-20,Fire,High,72.8,Difficult not skin knowledge common medical behavior total.,Material Fatigue,5.2,Under Investigation
INC-01089,SITE-006,16/05/2024,Fire,,61.1,Tax design student may safe any Republican think become.,Valve Failure,14.4,Open
INC-05388,SITE-006,2025-04-23,Spill,High,59.2,Matter him technology your cover bring majority.,Material Fatigue,11.6,Closed
INC-03063,SITE-002,2024-08-09,Equipment Failure,High,115.7,Compare us chance cold great piece baby every push different hair break story kid fire.,Operator Error,5.4,Open
INC-00250,SITE-001,2025-02-25,,Critical,41.6,Head if very design network different the mission.,Sensor Malfunction,16.8,Closed
INC-02021,SITE-003,2026-01-15,Spill ,Critical,54.4,Well themselves produce family do center.,Valve Failure,5.1,Open
INC-04947,SITE-004,2025-09-28,Equipment Failure,Low,90.6,Field like work road west view car feeling indicate week too bag sea director prepare.,Operator Error,12.7,Under Investigation
INC-02040,SITE-002,2024-07-09,Equipment Failure,High,49.0,Next pull north ever appear option series item create low safe fill order rest relationship true clearly right although open.,Sensor Malfunction,3.2,Open
INC-04637,SITE-001,2024-11-26,Near Miss,Medium,52.0,Nothing cultural indicate hand organization spend kitchen source it effect bed painting.,Third-party Damage,0.2,Closed
INC-02686,SITE-003,2026-04-10,Equipment Failure,Critical,42.5,Father pick yes worker election west worker system case.,Sensor Malfunction,6.0,Under Investigation
INC-00666,SITE-006,2024-08-18,Spill,Low,98.7,Wind appear cut figure.,Operator Error,19.7,Closed
INC-01446,SITE-005,2024-04-19,Leak,High,77.9,Plan do pull happy front sure decide claim treatment number likely dinner nor media wall there.,,10.6,Closed
INC-05036,SITE-004,2025-10-26,Leak,High,75.0,Lawyer man interview trouble full little wide travel.,,4.6,Under Investigation
INC-01601,SITE-004,2023-11-19,Near Miss,Critical,12.5,Against past authority right participant wall source nature effect it section.,Material Fatigue,17.7,Under Investigation
INC-04832,SITE-006,13-Mar-2026,Equipment Failure,Medium,69.7,Share part there money former yard do address.,Material Fatigue,10.8,Under Investigation
INC-05535,SITE-001,2024-12-27,Near Miss,Medium,65.6,Environment attention matter decide policy writer military whose blue figure next.,Operator Error,3.6,Closed
INC-00396,SITE-005,2025-05-23,Spill ,Critical,46.1,Start reveal choice news pattern edge stop way usually series military.,Material Fatigue,3.1,Open
INC-04668,SITE-003,2024-10-02,Leak,Critical,27.6,Base every opportunity above off method scientist ahead cut pay when garden.,Corrosion,4.0,Open
INC-05767,SITE-002,2024-05-12T00:00:00Z,Near Miss,Medium,73.2,Father see whose fire style age enter not together executive.,Sensor Malfunction,13.2,Closed
INC-05680,SITE-003,2024-05-25,Spill,High,45.2,Sure many before of prepare.,Valve Failure,5.0,Closed
INC-04363,SITE-002,2026-03-15,Near Miss,Low,88.5,Operation dinner girl hard now lawyer.,Valve Failure,8.6,Under Investigation
INC-04383,SITE-001,2024-10-28,Leak,High,61.1,Quickly necessary deal marriage.,Operator Error,5.6,Closed
INC-01960,SITE-006,2023-09-05,Leak,,31.7,Up until stop notice region.,Corrosion,10.2,Open
INC-01647,SITE-004,2025-10-23,Leak,Medium,78.1,Enjoy challenge question film rest white enough.,Valve Failure,17.7,Open
INC-04347,SITE-006,2024-06-12,Spill ,Critical,56.9,Four law response politics today imagine medical wrong create result meet wind right.,Sensor Malfunction,4.6,Under Investigation
INC-02177,SITE-002,13/05/2026,,Low,88.3,Spend suggest phone career just foreign nothing fight he.,Operator Error,18.2,Open
INC-04941,SITE-006,2025-08-06,leak ,,64.1,Concern standard hot teach particularly present look star how federal assume ground.,Corrosion,4.6,Closed
INC-01544,SITE-006,2024-08-10,Near Miss,Medium,88.9,Heart lawyer discussion try.,Third-party Damage,9.0,Closed
INC-05762,SITE-004,07/15/2026,Fire,Low,90.4,Whom information up clear keep candidate next none fire away sing whether.,Valve Failure,3.4,Open
INC-02028,SITE-006,2024-03-18,Near Miss,Medium,75.1,Action despite laugh require anything measure room.,Operator Error,6.9,Open
INC-01621,SITE-003,05/06/2026,Fire,Medium,88.2,Already according carry purpose government from effect prevent begin clearly especially me author chair key.,Corrosion,11.7,Under Investigation
INC-02917,SITE-005,2026-02-14,Equipment Failure,High,40.6,Who level third gas before tell explain all occur stand leg gas.,Sensor Malfunction,6.7,Open
INC-02162,SITE-006,2026-06-18,Equipment Failure,,44.2,Page war build response small final item.,Material Fatigue,4.5,Open
INC-00406,SITE-003,2024-10-28,Spill,Low,90.5,Minute special local several thing responsibility matter study matter present.,Sensor Malfunction,9.5,Open
INC-01341,SITE-003,16/06/2026,Equipment Failure,Critical,-5.0,One yes night different become later hand cover station peace question two.,Operator Error,8.9,Closed
INC-04959,SITE-003,2025-01-23,Spill ,Critical,39.2,Best nice will continue real majority save lot choice value result which sport nor use would child.,,4.0,Closed
INC-03285,SITE-002,2026-10-01,Near Miss,Medium,70.6,Reduce accept field affect evening.,Material Fatigue,5.5,Closed
INC-03759,SITE-002,2024-01-16T00:00:00Z,NEAR MISS,Medium,69.1,Officer move leg all dog top win against pattern social hand thought something one plant.,Corrosion,19.2,Open
INC-02485,SITE-005,2024-10-07,NEAR MISS,High,38.5,Across gas sister for great respond myself protect necessary.,Valve Failure,8.3,Open
INC-05970,SITE-006,2023-11-28,,Critical,34.4,Science support avoid card fire Mrs.,Corrosion,10.1,Under Investigation
INC-04704,SITE-001,05/23/2026,Equipment Failure,Low,91.5,Activity face a well behind sort yourself.,Valve Failure,7.8,Open
INC-00587,SITE-005,2024-04-29,Leak,Low,85.7,Finish toward future into probably either control area across stage.,Material Fatigue,12.3,Open
INC-03441,SITE-004,12/05/2026,Spill,Medium,66.1,Operation name place suddenly.,Sensor Malfunction,9.2,Open
INC-01929,SITE-002,2024-03-26,Equipment Failure,Medium,82.8,Magazine view pick lawyer east brother thought.,Corrosion,6.7,Closed
INC-04575,SITE-005,2025-02-10,Near Miss,Low,80.9,Decade television school by activity debate particularly bar sometimes change statement collection pick country kitchen interview realize third.,Valve Failure,8.8,Closed
INC-01009,SITE-001,30-Jul-2024,NEAR MISS,Medium,91.5,Food job against new health sure mention light similar audience usually.,Operator Error,5.4,Closed
INC-04968,SITE-003,2025-11-02,Leak,Medium,68.4,Environment reason half if major set me night wonder necessary real rather.,Valve Failure,9.7,Under Investigation
INC-05564,SITE-006,2023-10-23,Leak,High,66.3,Drug expect across care visit.,Third-party Damage,9.5,Open
INC-05300,SITE-006,2024-01-28,Leak, High,54.0,Suggest professional though visit nature entire team happy general meeting age us like order.,Third-party Damage,12.0,Closed
INC-04392,SITE-006,2024-02-20,Spill,High,84.4,Political save very.,Operator Error,3.3,Open
INC-04420,SITE-002,2026-02-08,Equipment Failure,Low,88.1,Myself do generation center between outside attorney scene difficult.,Corrosion,5.8,Closed
INC-02221,SITE-005,2026-06-22,near-miss,High,63.7,Debate study agent staff view material worry.,Valve Failure,8.2,Closed
INC-01600,SITE-005,2024-02-24,Equipment Failure,High,60.7,Woman explain baby last well machine keep.,Operator Error,13.0,Closed
INC-02850,SITE-003,2023-12-06,Fire ,,32.1,City citizen guy trouble outside situation represent south just year money.,Valve Failure,7.6,Under Investigation
INC-04270,SITE-002,22-Feb-2026,Spill,Critical,58.5,Professional sea let amount fire police film agree value relate moment upon their give.,Valve Failure,8.3,Open
INC-03126,SITE-001,2025-04-14,Equipment Failure,High,46.8,Phone nature activity sort car that.,Third-party Damage,2.1,Closed
INC-01551,SITE-003,2024-02-28,Near Miss,Medium,72.9,Response apply effort enjoy ever task agreement music property boy west.,Operator Error,6.9,Open
INC-01526,SITE-003,2025-09-11,Near Miss,Medium,67.7,Both learn right region class able under require spring.,Sensor Malfunction,13.3,Under Investigation
INC-00998,SITE-001,29-Nov-2025,Near Miss,Medium,87.2,Ask hard particular alone produce either study star hope difficult manage medical machine.,Operator Error,1.7,Under Investigation
INC-02551,SITE-006,2026-07-18,,Critical,46.2,Enter like front reveal environment majority home economic.,Third-party Damage,5.7,Under Investigation
INC-02079,SITE-004,2024-06-06,Equipment Failure,Medium,80.0,Especially gas drive avoid company industry take.,Valve Failure,12.5,Open
INC-03054,SITE-003,2025-02-18,Leak,Low,87.6,Daughter game less success attorney six.,,6.4,Under Investigation
INC-03876,SITE-002,2024-02-20,Spill,Critical,30.4,Source record responsibility ask marriage after answer especially low anyone take others.,Material Fatigue,6.7,Closed
INC-02494,SITE-004,2026-06-01,Spill,High,57.8,Their sing hospital anything mother identify plan shake number.,Third-party Damage,45.2,Under Investigation
INC-04350,SITE-002,2023-10-27,Near Miss,High,56.2,Coach brother international during eight into minute easy off rest wonder future author.,Valve Failure,7.3,Under Investigation
INC-05744,SITE-003,2024-02-15,Spill,Critical,37.6,Dark recently work argue walk ok ahead some everyone more follow ahead necessary front.,Material Fatigue,6.0,Under Investigation
INC-04346,SITE-003,2024-04-21,Equipment Failure,High,-12.3,Him rock him five save the worry pick first single environmental food force many four.,,2.2,Open
INC-00861,SITE-003,03/29/2025,Equipment Failure,Critical,76.1,Able little piece baby expect send where development same open radio later.,Sensor Malfunction,6.1,Under Investigation
INC-05847,SITE-002,2025-09-16,Leak,Low,84.5,Sign toward three natural sure pick nearly add cost.,Operator Error,1.8,Open
INC-04564,SITE-003,02/24/2024,Spill,High,45.6,Son traditional above billion mean operation series professor lot soon strategy environmental mouth nation hospital.,Material Fatigue,10.4,Closed
INC-03108,SITE-002,2026-04-04T00:00:00Z,Equipment Failure,Medium,78.8,Society threat traditional although present admit set authority although back as central Mr.,Corrosion,12.1,Closed
INC-03045,SITE-003,2023-10-01,Fire,,33.4,Want size family strategy reason inside adult watch seat son tonight Mrs still material.,,7.3,Closed
INC-02465,SITE-006,2026-03-16,Fire,High,59.9,Usually imagine gas executive suffer moment.,Corrosion,2.2,Under Investigation
INC-04013,SITE-002,20/10/2023,Near Miss,HIGH,59.2,Generation season yard daughter consumer over top participant.,Corrosion,19.0,Open
INC-05018,SITE-005,2026-09-01,near miss,Medium,69.9,Cup nothing establish well position would wonder during outside record help.,Material Fatigue,5.9,Closed
INC-04995,SITE-005,2024-02-10,,low,84.5,Forward top whether focus.,Corrosion,10.4,Closed
INC-05162,SITE-003,2024-06-10,Leak,Medium,84.9,Trade put among part really floor today election really policy usually white.,Valve Failure,6.4,Closed
INC-04367,SITE-005,2024-08-27T00:00:00Z,Fire ,High,67.8,Election style expert factor try like strong policy unit.,Operator Error,3.2,Under Investigation
INC-03203,SITE-005,2023-08-25,,Low,96.9,Bring wait church yet appear note he participant ask miss meet dog arrive young over arrive.,Corrosion,4.4,Under Investigation
INC-00319,SITE-004,25/03/2025,Equipment Failure,high,64.5,Month police believe recognize push his.,Valve Failure,5.9,Closed
INC-00991,SITE-003,2024-03-06,Near Miss,Low,84.4,Reality wind suddenly the light fund off near.,Valve Failure,11.8,Closed
INC-00079,SITE-006,06/21/2026,Leak,Medium,70.5,Series result those another consumer animal.,Sensor Malfunction,15.0,Under Investigation
INC-04028,SITE-006,28/11/2023,Spill,HIGH,49.5,Approach marriage road inside have few hope.,Operator Error,3.7,Under Investigation
INC-00779,SITE-003,2024-12-10,Near Miss,High,41.7,During close pressure fact head of glass road.,Valve Failure,10.5,Closed
INC-03370,SITE-002,2024-11-01,Near Miss,Low,86.0,Sport prepare likely tend oil these everything resource stay worry anything clear.,,2.4,Open
INC-03075,SITE-003,2025-02-08,Spill,High,75.8,Customer expect expert perhaps.,Valve Failure,4.1,Closed
INC-05027,SITE-006,2024-09-27,Equipment Failure,Medium,64.5,Purpose order their he past business agency recognize side record recent.,Third-party Damage,14.8,Under Investigation
INC-05364,SITE-001,2025-03-07T00:00:00Z,Near Miss,Low,85.0,Serious spend fight me watch.,,8.1,Under Investigation
INC-02565,SITE-003,2026-07-15T00:00:00Z,Near Miss,High,68.3,Fight really activity suggest Mr watch manage late technology.,Third-party Damage,3.0,Open
INC-03789,SITE-004,2024-01-10,Fire,Medium,93.1,Voice structure open might effect low best mouth they spring vote.,Material Fatigue,4.4,Open
INC-03198,SITE-004,26/01/2025,Equipment Failure,Hi,75.2,Such current usually describe so approach face edge fire back view.,Corrosion,6.7,Open
INC-01334,SITE-001,2024-11-18T00:00:00Z,Spill,Medium,54.4,Office character pull four language simple.,Corrosion,2.7,Under Investigation
INC-04036,SITE-006,2023-10-23,Near Miss,Critical,150.0,Draw reach yet together fear three pressure trial recent program.,Material Fatigue,2.8,Open
INC-04496,SITE-006,2025-06-23,equipment failure,High,45.5,Event network drug I tough stuff machine yes million director catch.,Valve Failure,3.1,Open
INC-04650,SITE-006,05/12/2025,Fire,High,53.9,Drug who certain ground every half seat assume Mrs onto short as big operation.,Valve Failure,12.6,Under Investigation
INC-00848,SITE-003,2024-12-11,Equipment Failure, Critical,48.8,Plan technology second yourself down writer hit trip computer name thought movement green rule.,Corrosion,12.1,Under Investigation
INC-04470,SITE-002,2024-04-17,Leak,Medium ,76.0,Sign reveal stop ball line later.,Corrosion,3.5,Open
INC-03614,SITE-003,2024-05-17,Spill,Medium,56.5,Generation occur certainly affect.,Material Fatigue,9.5,Open
INC-03745,SITE-005,2026-08-18,Spill,High,61.0,Impact education modern put hold population sound international store blood dog act whole bit.,Valve Failure,22.9,Under Investigation
INC-02620,SITE-003,2024-02-19,Equipment Failure,Medium,81.6,Everybody radio hotel across stuff.,Valve Failure,3.8,Closed
INC-03263,SITE-003,26-Jun-2026,Fire,High,66.9,Building still follow lead bad skill officer kind face prove perhaps.,Valve Failure,4.8,Closed
INC-03310,SITE-002,2025-06-03,Fire,Critical,64.6,Image everyone he kid expert debate citizen hit yes miss where raise.,Third-party Damage,7.9,Open
INC-00199,SITE-003,2024-11-21,fire,Critical,47.1,Sure at learn individual easy appear score interview.,Sensor Malfunction,4.4,Closed
INC-04922,SITE-005,15/01/2024, fire,Medium,65.9,Remain send truth bill thought attention above support purpose plan artist may seven son month out.,Third-party Damage,3.6,Under Investigation
INC-00629,SITE-006,2025-02-10,Leak,High,59.0,What role research wear keep friend resource condition later democratic pass state support box.,Operator Error,19.7,Under Investigation
INC-02873,SITE-006,2024-09-18, fire,High,51.1,Use however result miss town better wonder more check father dinner.,Corrosion,2.8,Closed
INC-01859,SITE-005,2025-09-28,Equipment Failure,Low,96.0,Number fly entire use.,Valve Failure,1.7,Open
INC-04220,SITE-003,2024-10-22,Spill,High,-5.0,Partner only something society gun window.,,13.1,Closed
INC-02860,SITE-005,2026-08-29,Near Miss,High,45.6,Score since strong recognize thus accept son relationship type present bill choose serve.,,4.3,Open
INC-03893,SITE-003,30-Apr-2025,Near Miss,high,56.3,Major watch federal bad conference.,Third-party Damage,2.8,Closed
INC-05008,SITE-001,2026-07-03,Near Miss,High,35.3,Mother nearly month man check across simple.,,5.5,Under Investigation
INC-05206,SITE-003,2025-11-02T00:00:00Z,Fire,High,70.8,Mother program party board.,Valve Failure,1.3,Open
INC-03255,SITE-002,10-Apr-2026,Near Miss,Critical,37.4,Already mouth despite discuss government fine.,Corrosion,6.2,Open
INC-00471,SITE-006,2026-01-30,Leak,,35.4,Also after for owner help.,Sensor Malfunction,6.8,Closed
INC-01028,SITE-001,2025-01-06,Equipment Failure,Medium ,67.5,Beautiful yard college health shake professional security state design including office doctor plant boy modern.,Third-party Damage,5.2,Under Investigation
INC-05590,SITE-002,2025-08-05,Spill,High,58.4,Rock thought already serious meet simple million camera performance.,,3.9,Under Investigation
INC-01093,SITE-003,2026-01-25,Near Miss,Critical,45.2,Certainly young as piece she agent structure speak best federal cut science mean.,Operator Error,6.0,Open
INC-04180,SITE-006,2026-05-03,Oil Leak,Critical,43.7,She number open employee bed stay exactly.,Valve Failure,4.5,Open
INC-00084,SITE-003,2025-07-08,Equipment Failure,Medium,75.9,Part science change sense company thus prevent since offer tax.,Operator Error,6.0,Closed
INC-00411,SITE-003,2023-11-26,Spill,Critical,65.2,Interesting suggest born behind hear important two ball analysis red several but.,Corrosion,4.5,Closed
INC-05676,SITE-004,2025-02-18,Fire,Low,81.3,All form former challenge ask admit respond similar nothing card where need.,Valve Failure,2.6,Open
INC-05261,SITE-003,2026-03-24,Fire,Critical,54.9,Call edge team each force determine that large conference.,,18.5,Open
INC-04331,SITE-006,2025-03-13,Leak,High,49.1,Summer true age trip behind shoulder.,Corrosion,9.8,Open
INC-01077,SITE-003,2025-11-26,Spill,Medium,79.0,White economy dream every sister imagine can public job which call between college again son serve entire but training do.,Operator Error,4.7,Closed
INC-02636,SITE-002,2023-11-09,Near Miss,Low,85.8,Our base future address collection data risk war together.,Corrosion,9.3,Closed
INC-01429,SITE-002,2023-11-13,Near Miss,Medium,55.1,Development thousand century back thousand society home maintain soldier receive set firm month.,Corrosion,3.0,Under Investigation
INC-04983,SITE-004,2025-02-11,Near Miss,High,49.2,White leave recently job most thousand type.,Operator Error,10.9,Open
INC-05730,SITE-003,12/14/2023,Leak,High,67.8,Contain century think opportunity small hour own age morning fear health but decision director.,,4.3,Under Investigation
INC-01212,SITE-005,2023-08-15,Near Miss,medium,79.6,Site house mention picture lawyer amount response deal.,Valve Failure,14.4,Under Investigation
INC-00740,SITE-004,11/21/2025,Equipment Failure,Medium,89.0,Choice can nor prepare realize clear prevent address American rich city.,,8.2,Under Investigation
INC-01121,SITE-001,2024-08-06,Equipment Failure,Medium,81.5,Billion war many total offer focus fish film.,,9.4,Open
INC-01988,SITE-005,2026-04-13,Spill,Critical,36.7,Save until pass most bill rather rate although fight relationship yard sit apply.,Third-party Damage,3.4,Closed
INC-00367,SITE-005,2026-03-26,Equipment Failure,HIGH,70.6,History agent everyone so group direction industry interest tonight increase movement join key eight trade suffer executive assume.,Material Fatigue,5.3,Closed
INC-02146,SITE-005,02/08/2024,Equipment Failure,Low,77.2,Heart spend face war perhaps local board onto can benefit.,Material Fatigue,1.9,Under Investigation
INC-03741,SITE-003,2024-06-26,Leak,High,54.3,Mention agency score professional current wrong spring.,Valve Failure,9.2,Closed
INC-00881,SITE-002,2023-10-30,Leak,Low,91.1,Popular nature million reflect.,Material Fatigue,12.2,Closed
INC-04349,SITE-005,2023-12-01,Leak,MEDIUM,71.5,Include thank today lay respond top within game put however onto who.,Valve Failure,0.8,Under Investigation
INC-03440,SITE-002,2025-04-19,EQUIPMENT FAILURE,high,52.4,During free six future series produce perhaps to draw develop hour surface attack.,Sensor Malfunction,2.4,Open
INC-03900,SITE-001,2024-02-04,Fire,Low,95.2,Score because one interest music ability toward.,Third-party Damage,3.6,Closed
INC-00901,SITE-006,2026-04-09,Leak,,58.7,Sing trade girl glass floor TV already.,Operator Error,3.6,Closed
INC-05809,SITE-006,2026-06-28,Leak,Critical,55.3,Should book sometimes sometimes simply less with big.,,7.2,Under Investigation
INC-05610,SITE-001,2025-07-13,Leak, High,44.3,Themselves tree again total condition surface under big spring it car.,Material Fatigue,5.9,Closed
INC-01304,SITE-003,2025-05-02,Equipment Failure,Critical,49.2,Apply threat most right purpose mouth single so within most letter.,Corrosion,2.3,Closed
INC-04024,SITE-006,2024-04-03,Leak,Critical,49.1,At a have yet itself amount figure certainly human just people we site each rest.,Valve Failure,3.7,Open
INC-04951,SITE-002,2025-07-14,Equipment Failure,Medium,74.6,Institution car we modern group personal number wish perform relate.,Material Fatigue,9.3,Open
INC-00223,SITE-003,2026-07-13,Spill,Critical,56.9,Sound play the then call them throughout into area.,Sensor Malfunction,3.3,Closed
INC-00915,SITE-006,2025-10-20,Leak,High,-12.3,Son available office parent just myself heart show.,Third-party Damage,11.7,Open
INC-00265,SITE-006,2025-04-06,Leak,Critical,43.6,Beautiful agency environmental morning financial can rise box seek understand not service hour.,Sensor Malfunction,10.1,Open
INC-05073,SITE-002,2024-11-18,Leak,Medium,72.3,Its pull anything cultural base best own might treatment.,Operator Error,19.0,Closed
INC-03213,SITE-005,2023-12-07,Equipment Failure,High,69.3,Bit street treat happy meet picture family wall must if.,Sensor Malfunction,3.6,Open
INC-05498,SITE-001,2024-11-13,Leak,High,54.5,Study contain box whom will place yard language American exactly.,Third-party Damage,3.8,Under Investigation
INC-04157,SITE-004,2025-12-31,Equipment Failure,Low,90.1,Officer manager player few leg go not available option off one law heavy young either political hope make.,Third-party Damage,1.7,Open
INC-00548,SITE-004,2025-01-20,Fire,Medium,83.1,Artist issue night police ok year compare citizen part.,Sensor Malfunction,5.6,Open
INC-03833,SITE-006,2025-09-19,Equipment  Failure,high,56.9,Property anyone subject this police office body weight cut recent.,,20.2,Open
INC-00537,SITE-005,2025-08-04,Spill,,85.0,Operation always happen into cause home song including structure public seat.,Corrosion,2.1,Open
INC-05683,SITE-005,2024-12-03,Near Miss,Medium,74.1,Note or worry scientist join meeting effort already other trial soldier important listen remain threat.,Material Fatigue,9.3,Under Investigation
INC-02981,SITE-001,02/25/2024,Equipment Failure,Critical,47.1,Wife teacher cost attention mean information knowledge physical remember crime.,,5.5,Under Investigation
INC-02097,SITE-001,08/18/2024,Near Miss,Low,92.3,Yard you clearly hit difference nearly reach his middle former few.,Sensor Malfunction,2.2,Closed
INC-05704,SITE-005,2026-03-06,Near Miss,Low,95.4,Rock relationship out room party thus fish record line concern.,Operator Error,8.3,Closed
INC-00164,SITE-003,2026-06-21,Leak,Critical,62.8,Run civil speech trouble sign hand month me.,Material Fatigue,0.6,Under Investigation
INC-01227,SITE-006,2023-08-15,Leak,Critical,51.1,Knowledge bring forward trial administration discuss care table door them other per bill method as.,,13.8,Under Investigation
INC-03919,SITE-001,2024-03-01,Fire,Medium,59.5,Do effort effect trouble season four enough hundred you hour choice.,Material Fatigue,10.4,Closed
INC-03005,SITE-004,2026-02-26,Fire,crit,35.9,Risk amount science become usually bank others treatment voice point measure herself contain million against adult result.,Third-party Damage,12.6,Closed
INC-01637,SITE-005,2023-08-22,Equipment Failure, High,52.8,Want sing skill why station early evidence prepare different.,Sensor Malfunction,13.1,Open
INC-03721,SITE-005,2023-08-08,Equipment Failure,Medium,68.9,Conference point want smile PM continue person baby office half wonder.,Operator Error,11.5,Closed
INC-00663,SITE-004,2026-02-08,,Low,97.8,Figure enter kid share specific weight feeling law.,Sensor Malfunction,1.6,Closed
INC-02248,SITE-003,2025-08-15,Leak, High,64.2,Position building fund win five specific mother cover set you.,Material Fatigue,18.1,Open
INC-02617,SITE-004,2026-03-05,Near Miss,High,54.6,Medical professor happy music focus brother couple quite lawyer could store relationship ok population standard.,Corrosion,11.7,Closed
INC-03011,SITE-004,05/14/2026,Leak,Medium,75.2,Theory miss under yet first.,Material Fatigue,11.1,Closed
INC-05614,SITE-004,2024-04-12,Leak,High,56.5,Method good throw home how.,Third-party Damage,10.7,Closed
INC-02275,SITE-002,2024-03-07,Fire,low,-5.0,Whatever leave own study hotel challenge table PM your.,Sensor Malfunction,23.1,Closed
INC-02846,SITE-003,08/02/2024,Equipment Failure,Medium,83.0,General prevent quickly increase participant among lose five PM possible computer stop.,,4.2,Closed
INC-02539,SITE-004,2024-04-26,Equipment Failure, Critical,46.6,We thought sit factor land business purpose.,Material Fatigue,8.5,Under Investigation
INC-02106,SITE-006,2025-07-31,Spill,Critical,63.6,Field until stay which close thus answer almost.,,12.1,Open
INC-01611,SITE-005,2025-09-28,Fire,Medium,56.3,Result bag let physical often everyone do education.,Material Fatigue,1.3,Open
INC-02063,SITE-004,24/09/2023,Fire,High,53.5,Think experience budget travel recently.,Third-party Damage,6.4,Under Investigation
INC-05807,SITE-001,2025-02-18,Near Miss,Medium,69.1,Hand night where appear majority language sport race clearly focus hair.,Third-party Damage,6.2,Under Investigation
INC-02145,SITE-005,2024-10-12,Fire,high,60.7,One power party audience dream.,Operator Error,7.1,Open
INC-04938,SITE-006,2025-09-20,NEAR MISS,High,44.3,Ready or I century person computer sister age.,Operator Error,2.2,Under Investigation
INC-04875,SITE-003,2025-06-14,Near Miss,Medium,65.5,Child pretty according later art.,Corrosion,5.9,Open
INC-02603,SITE-001,2024-10-28,Spill,Medium,150.0,Meeting public show western.,Sensor Malfunction,4.1,Closed
INC-01827,SITE-005,2025-12-31,Leak,HIGH,73.7,Structure movement way art mother run really.,Third-party Damage,20.7,Under Investigation
INC-05055,SITE-004,22/12/2025,Spill,High,58.1,Black race analysis crime scene approach peace edge professor usually project according car name decision hope.,,8.7,Open
INC-00020,SITE-006,2023-09-24,Leak,Low,91.4,Serious what kid sing hot certain allow we table.,Operator Error,8.4,Under Investigation
INC-01562,SITE-004,2026-06-13,Equipment  Failure,Medium,61.3,Throw man fly how identify figure want.,Operator Error,1.1,Closed
INC-01979,SITE-001,2025-04-10,Leak,Medium,74.4,Data thousand relationship focus center.,Third-party Damage,2.5,Open
INC-03192,SITE-002,2025-04-09,Leak,Medium,84.4,Certain new reason center west camera fly blood.,Material Fatigue,0.4,Under Investigation
INC-01241,SITE-006,2025-08-16,Spill,Low,75.5,Pattern effort suggest none born carry race property not maybe.,Third-party Damage,8.4,Under Investigation
INC-01541,SITE-006,2023-08-07,Spill,Critical,51.9,Raise second respond realize for stop pass success magazine.,,7.2,Under Investigation
INC-02640,SITE-001,2025-10-31,Spill,Low,82.5,Model blue scene present great civil none put final street mention.,Operator Error,3.1,Under Investigation
INC-05696,SITE-002,2025-04-26,equipment failure,Medium,88.6,May your effect full.,Third-party Damage,3.6,Closed
INC-00906,SITE-001,2026-02-07,Spill,LOW,91.3,Begin over matter sure five.,Sensor Malfunction,3.4,Under Investigation
INC-05592,SITE-001,2024-01-24T00:00:00Z,NEAR MISS,Low,97.4,Station last feel reveal must medical might possible focus natural brother put space protect pressure own.,Corrosion,1.1,Under Investigation
INC-04127,SITE-001,15/08/2023,Near Miss,High,56.0,Value up machine store hour pretty say baby citizen.,Sensor Malfunction,4.9,Open
INC-05315,SITE-005,2025-06-28,Spill,Low,78.8,Long rate democratic again also people civil tend property major lawyer good ok full next myself color girl.,Corrosion,5.2,Under Investigation
INC-03013,SITE-003,2026-06-24,Leak,crit,59.7,Should across job sister cover window into wind become threat sit six would item cold game about.,Material Fatigue,7.6,Under Investigation
INC-00710,SITE-005,2024-08-10,Equipment Failure,Medium,74.4,Question fire culture company best growth him case.,,1.8,Open
INC-00982,SITE-004,2024-04-25,SPILL,High,62.2,Floor not author stay company account word certain fine front.,,6.4,Closed
INC-02134,SITE-004,2026-03-28,Equipment Failure,High,59.0,Term tonight economic will list option employee agree focus recently open ability lay point.,Operator Error,4.6,Open
INC-00029,SITE-001,2024-05-11,Equipment Failure,Medium,74.2,With generation behind gas total item foot.,Third-party Damage,9.4,Open
INC-05908,SITE-004,15/10/2023,near-miss,Low,82.0,Participant job church else explain amount probably sit plan others cup her hot participant short.,Sensor Malfunction,3.0,Open
INC-03783,SITE-005,2023-09-22,SPILL,Medium,69.7,Nice television water local know right consider.,Corrosion,15.4,Open
INC-02704,SITE-004,2026-04-29,Leak,Low,85.5,For director less require water.,Valve Failure,1.1,Closed
INC-00237,SITE-001,2026-05-01,Near Miss,Medium,76.3,Finally business during player provide catch space maintain imagine article.,,18.5,Open
INC-01742,SITE-006,2024-11-20,Equipment Failure,,82.1,Put language long town couple sister thank personal store order.,Operator Error,12.3,Under Investigation
INC-01333,SITE-002,12/05/2025,Equipment  Failure,Med,76.0,Out character pull water my realize yard.,Sensor Malfunction,14.6,Under Investigation
INC-00106,SITE-005,2024-02-03,Near Miss,Medium,85.6,Entire hotel small strong return international mind hand.,Third-party Damage,4.0,Closed
INC-01683,SITE-001,2024-06-06,Spill,Medium,88.1,Box today look rate carry bank.,Corrosion,10.7,Closed
INC-05763,SITE-006,2023-10-04,Spill,CRITICAL,45.2,Agency include anyone no knowledge recognize its support yourself site.,Valve Failure,4.6,Under Investigation
INC-02685,SITE-003,08/01/2025,Equipment Failure,High,54.6,Test whole ahead guy expect travel whole.,Valve Failure,8.8,Closed
INC-01887,SITE-003,06/10/2026,Equipment Failure,Medium,64.2,See rich approach tree.,,4.7,Open
INC-03525,SITE-003,2025-07-02,,LOW,87.6,Stop explain commercial detail knowledge several realize production week child.,,7.6,Under Investigation
INC-04703,SITE-001,2024-07-07,Oil Leak,Low,92.3,True far attention pick support type yeah.,Corrosion,11.1,Under Investigation
INC-01440,SITE-003,2024-02-09,Leak,Medium,70.6,Without night receive we dinner base get water base stuff with fly after bank amount note imagine.,Third-party Damage,9.1,Open
INC-00835,SITE-006,2023-07-31T00:00:00Z,Near Miss,High,58.3,Break executive produce begin style really me dark trip age.,Sensor Malfunction,1.6,Open
INC-02810,SITE-001,2025-04-21,Fire,Low,90.0,Season other close style staff.,,2.1,Open
INC-05930,SITE-006,2024-11-15,Equip. Failure,medium,67.8,Add middle hear moment admit job since woman suggest in politics look can challenge offer.,Valve Failure,18.1,Closed
INC-00123,SITE-006,2025-09-18,Near Miss,High,47.9,Catch training a security edge such section blood notice attention use behind.,Valve Failure,2.4,Closed
INC-04561,SITE-002,2023-10-20,Leak,Low,94.9,Some first notice total little above star hand good simply that win Mr that read modern develop perhaps chance.,Third-party Damage,18.1,Closed
INC-04940,SITE-006,2023-09-02,Leak,Critical,40.9,High several amount cell suggest candidate leave view activity.,,7.9,Under Investigation
INC-01272,SITE-003,2023-10-27,equipment failure,Medium,74.5,Air market personal impact statement however minute organization national site.,Corrosion,28.5,Closed
INC-01405,SITE-003,20-Sep-2024,Leak,Med,73.8,Despite debate you game general sister because market list throughout American word.,Operator Error,8.3,Open
INC-04323,SITE-005,2024-10-13T00:00:00Z,Fire,Medium,69.5,Citizen important expert fire former wait what quality represent where data talk city.,Sensor Malfunction,8.9,Under Investigation
INC-05595,SITE-005,2026-02-01,Equipment Failure,Low,83.9,Form make another tree north statement modern listen.,,14.8,Closed
INC-05454,SITE-004,2023-12-16,Near Miss,Low,97.8,Police beat water meeting evening mind me.,Third-party Damage,12.2,Open
INC-02731,SITE-005,2025-10-27,Fire,Low,98.3,Stop type manage investment summer take happen west painting fall center weight area offer clearly law free.,Corrosion,5.1,Open
INC-05675,SITE-003,2025-05-16,,Critical,52.9,Plant shoulder everybody agency resource guess pass.,Valve Failure,7.4,Under Investigation
INC-00491,SITE-002,24-Feb-2026,Spill,Low,93.8,Address short minute concern security beat party.,,1.2,Under Investigation
INC-02759,SITE-002,2025-01-18,Near Miss,High,71.0,Only such college eight.,Valve Failure,1.1,Open
INC-05077,SITE-004,2024-08-31T00:00:00Z,Fire,Medium,77.6,There tree important cup never space once.,Sensor Malfunction,17.9,Under Investigation
INC-05979,SITE-001,02/11/2026,,Low,87.8,Huge former agree most notice.,Third-party Damage,9.3,Closed
INC-00270,SITE-005,2026-08-01,Near Miss,Medium,104.0,Its upon law ready hundred open away laugh exist.,Operator Error,2.1,Under Investigation
INC-02997,SITE-003,2025-12-30,,High,57.4,Change certainly with I break sell hair loss simple even.,,8.2,Open
INC-01983,SITE-003,2024-10-25,Leak,High,38.5,Rich can travel likely seat model ground there put mind decade himself civil control hear factor.,Sensor Malfunction,10.5,Open
INC-00853,SITE-004,2023-08-27,Fire,Critical,35.7,Such discussion program sometimes film dark product foreign share single support watch.,Corrosion,3.2,Under Investigation
INC-05629,SITE-006,2025-12-31,Near Miss,Medium,77.0,Specific concern western west so management source.,,18.3,Under Investigation
INC-00149,SITE-003,2023-08-10,Fire,Critical,45.0,Better us day work while key four.,,22.5,Open
INC-03077,SITE-004,2023-10-16,Fire,High,54.7,New save hundred school environment.,Material Fatigue,5.9,Under Investigation
INC-01370,SITE-004,2024-01-18,Leak,Low,91.0,Data arm situation message rest threat election.,Operator Error,4.1,Under Investigation
INC-00182,SITE-005,2025-10-01,Equipment Failure,Low,86.0,Front another spend conference across quickly station find material.,Sensor Malfunction,12.4,Closed
INC-00140,SITE-005,12/04/2023,Equipment Failure,Critical,31.7,Throughout worry myself side military class table purpose player.,Corrosion,2.9,Under Investigation
INC-00321,SITE-005,2025-01-08,Equipment Failure,Medium,77.4,Interview trip later author health training against process.,Sensor Malfunction,5.7,Closed
INC-02746,SITE-005,2024-09-28,Equipment Failure, High,57.3,Cultural treatment good way various chance together language.,Operator Error,4.1,Under Investigation
INC-05049,SITE-003,26/10/2024,,Critical,39.1,Age project major concern specific threat certain film explain real produce.,Material Fatigue,3.0,Under Investigation
INC-00381,SITE-001,2023-08-30,Leak,Low,94.4,Respond cell story glass fear off for easy drug relate entire which should tend also black.,Sensor Malfunction,8.8,Under Investigation
INC-00713,SITE-004,01/21/2026,Leak,Low,91.6,Line my over lay else where player music condition nor hair successful upon final.,Third-party Damage,5.3,Open
INC-05285,SITE-002,2024-08-20,Equipment Failure,Medium,59.4,Cost out score price social his woman consumer himself.,Third-party Damage,3.6,Under Investigation
INC-03404,SITE-002,12/30/2025,Spill ,Medium,79.1,Model table own great develop every low both live.,Material Fatigue,7.5,Under Investigation
INC-01103,SITE-003,13-Aug-2025,Equipment Failure,High,45.1,Trip hotel similar here others leader.,Valve Failure,2.0,Open
INC-05041,SITE-006,25/01/2025,Spill,Critical,24.7,Cost reflect office amount woman tonight church part debate describe present work Mr part focus citizen it.,Sensor Malfunction,3.3,Under Investigation
INC-05911,SITE-004,2025-02-16,Near Miss,high,64.6,Down serve start perform specific appear alone heart century house type agreement near over by.,Corrosion,1.8,Open
INC-00556,SITE-004,2025-03-01,Equipment Failure,Medium,71.5,There pay defense magazine support.,Material Fatigue,5.7,Under Investigation
INC-05463,SITE-003,19-Nov-2024,Spill,Critical,45.8,Simply eight executive low study.,Material Fatigue,14.5,Open
INC-02814,SITE-002,2023-07-25,Equipment Failure,Medium,80.2,Yard establish yet pay interesting card think college wide scene.,Valve Failure,8.3,Under Investigation
INC-04646,SITE-003,2025-01-12,Spill,Critical,43.6,Option program learn hospital focus social modern everyone get.,Corrosion,4.5,Closed
INC-04926,SITE-003,2025-11-12,Leak,High,70.4,Data specific include may we avoid market minute clear actually.,Corrosion,9.4,Closed
INC-02380,SITE-004,2025-04-02,Equipment Failure,High,51.6,Young shoulder book read affect down civil certain.,Valve Failure,10.1,Under Investigation
INC-03934,SITE-003,27-Oct-2023,Near Miss, High,65.1,South nature media change very professor admit trouble similar boy magazine.,Operator Error,15.1,Open
INC-03658,SITE-002,18/02/2026,Near Miss,,87.8,State yard tend receive attack speech seven voice approach include Congress.,Material Fatigue,10.8,Closed
INC-05568,SITE-005,2025-07-13,Near Miss,CRITICAL,34.7,Development break successful people arrive particularly.,Operator Error,15.3,Closed
INC-02082,SITE-006,2025-08-14,Spill,,23.8,Be area his hundred large member serve open month interest identify product response life.,Operator Error,11.9,Closed
INC-03362,SITE-004,17-Sep-2024,Fire,Low,92.5,Lawyer economy as century claim case.,Operator Error,8.1,Closed
INC-05037,SITE-006,2025-06-03T00:00:00Z,Spill,High,71.4,Put style write fine democratic rise many suffer clear five all prevent for.,Corrosion,23.9,Open
INC-03274,SITE-003,29-Dec-2024,Near Miss,low,98.2,Speech success wind language home value member.,Valve Failure,16.4,Closed
INC-02916,SITE-006,14/08/2023,Leak,High,67.3,Turn other grow share wear if stock according.,Material Fatigue,2.2,Open
INC-00801,SITE-003,2025-11-01,Near Miss,Medium,95.0,Dinner drive seek truth open new listen research more against win.,Sensor Malfunction,7.2,Under Investigation
INC-00415,SITE-006,2023-11-01,Spill,Critical,51.0,Agreement morning program whose public.,Third-party Damage,11.3,Under Investigation
INC-05323,SITE-003,2025-03-24,Leak,Critical,52.2,Black reveal church become child hope mouth develop your after bit knowledge table guess letter entire leader enough partner.,Corrosion,3.0,Under Investigation
INC-02083,SITE-003,2024-06-01,Near Miss,Medium ,82.4,Control understand serve be remember professional mother order raise item.,Third-party Damage,16.8,Open
INC-03983,SITE-002,2024-09-18,Spill,Medium,66.4,Design right general until bed laugh do crime heavy exist century sort fall.,Operator Error,14.8,Closed
INC-05582,SITE-001,2025-10-28,Near Miss,Low,85.5,Long billion sister truth attorney beat cover generation former ten light many hundred state agency should agent among three.,,5.7,Under Investigation
INC-02770,SITE-003,2024-12-26,Leak,Critical,41.0,Mother follow wind today whom common get party across lot test.,,3.6,Closed
INC-05312,SITE-003,2024-10-20,Equipment Failure,High,45.3,Process chance through dog strategy fact accept.,Operator Error,2.5,Open
INC-02347,SITE-003,24-Apr-2024,Spill,Crit,51.9,Wide gas partner family body month activity cause.,,12.5,Open
INC-05915,SITE-001,2025-11-26,Equipment Failure,,83.4,Word training treat environmental political whom out smile word size.,,13.8,Open
INC-04975,SITE-001,12-Nov-2025,NEAR MISS,High,58.8,Add brother artist woman price government west.,Valve Failure,4.5,Under Investigation
INC-04165,SITE-005,2024-06-14,near-miss,Low,93.8,Score focus company car cost prepare production country should particularly although party bag.,,4.0,Closed
INC-05851,SITE-006,2024-07-08,Leak,High,77.1,Beyond relationship cup.,Corrosion,3.0,Closed
INC-01040,SITE-002,2024-03-10,NEAR MISS,Low,87.1,Mrs car movie fire lead western line list growth very.,Valve Failure,27.4,Under Investigation
INC-00736,SITE-001,2024-09-21,Leak,Low,85.4,Never parent especially rise tree play against.,Operator Error,7.1,Closed
INC-00890,SITE-006,2024-04-05,Leak,Medium,60.4,Imagine occur cut ever edge hospital prevent message task after music know.,,10.1,Closed
INC-04345,SITE-003,2024-05-25,Equipment Failure,Low,79.9,Lay hear several budget see.,Sensor Malfunction,8.8,Under Investigation
INC-00540,SITE-005,2024-09-11,Equipment Failure,,63.3,Environmental lot consumer now beat significant its car.,Third-party Damage,18.5,Open
INC-04066,SITE-001,2023-12-21,Leak,Medium,75.7,Five production watch Mrs long back clear green program travel pull.,Third-party Damage,9.4,Under Investigation
INC-04644,SITE-005,2025-06-12,Leak,Low,85.7,Ball including action act special different indeed card network face church why offer middle.,Material Fatigue,12.6,Closed
INC-04923,SITE-001,2024-05-23,Equipment Failure,Low,86.7,Increase heart pressure prepare Congress direction garden way miss.,Third-party Damage,7.3,Closed
INC-05572,SITE-004,2026-06-17,Near Miss,Low,87.5,Different black alone chance manager possible fast bed mean enter their front account card realize region within.,Sensor Malfunction,8.3,Open
INC-05692,SITE-001,2025-01-17,Near Miss,Low,93.9,Key would increase provide make product election.,Third-party Damage,7.5,Closed
INC-01921,SITE-003,2025-02-08,Oil Leak,Low,86.4,Reach pay enough trial.,Corrosion,7.5,Open
INC-05086,SITE-001,2026-03-21,Near Miss,Low,95.0,Language once great national suddenly car.,Corrosion,14.4,Open
INC-03217,SITE-006,2026-03-09,Near Miss,High,39.6,Me interview animal rule professor structure walk scientist just oil discover see fast anyone.,Valve Failure,3.1,Closed
INC-03892,SITE-004,2023-09-24,Near Miss,Medium,76.6,Thousand fire popular quality mouth future sound several pressure represent second.,Material Fatigue,6.9,Under Investigation
INC-01543,SITE-005,2023-10-19,Equipment Failure,High,77.7,Nor money life community kind same term perhaps receive reveal space quite while tell rich.,,5.4,Under Investigation
INC-02202,SITE-005,2023-11-28,Leak,Critical,36.6,Government fall statement social beautiful us call international type wrong pay.,Material Fatigue,1.6,Closed
INC-04313,SITE-001,2025-05-05,Near Miss,High,73.2,Class writer talk leader prepare sing either loss already.,Sensor Malfunction,2.4,Open
INC-04301,SITE-003,07/12/2025,Spill,High,58.2,Each after fund type degree present need former talk might while week office usually court despite.,Third-party Damage,9.4,Open
INC-01985,SITE-006,2024-08-27,Spill,Medium,79.7,Conference color audience bill court director total.,,14.7,Closed
INC-03993,SITE-003,2025-03-21,Leak,Critical,46.6,Off leave reach describe third listen off write door history community.,Corrosion,1.1,Closed
INC-03252,SITE-003,2026-05-13,Spill,Critical,50.0,Every source part already beat cost consider wife form system see indeed onto available nice.,Third-party Damage,9.8,Closed
INC-03461,SITE-005,2026-04-30,Equipment Failure,Medium,77.6,Economic two fish spend through stop vote south.,Third-party Damage,3.7,Open
INC-01753,SITE-006,2025-09-01,Equipment Failure,Critical,49.9,Direction become safe agency what beautiful human through focus effect.,Third-party Damage,10.5,Closed
INC-04587,SITE-004,2024-02-06,Fire,High,53.9,Mention wonder business like note.,,4.1,Open
INC-03562,SITE-004,2026-05-10,Spill,Low,90.8,Last medical learn night year side really recently line everything name enough prove feeling word explain writer shake.,Corrosion,5.2,Under Investigation
INC-02472,SITE-001,2025-05-09,Leak,Low,98.1,Skill civil community prevent administration third season deep act none lot total hope single.,Valve Failure,5.7,Closed
INC-00489,SITE-006,2025-01-02,Spill,Critical,42.8,Else thus exactly mouth have television support kind billion account business game experience way.,,6.9,Under Investigation
INC-02515,SITE-004,2026-03-09,Spill,,82.2,Finally information fast color true option member various carry along thank sister.,Corrosion,2.1,Closed
INC-03366,SITE-003,2024-05-14,Fire,Low,86.7,Many happy charge respond huge.,Sensor Malfunction,2.2,Open
INC-04686,SITE-001,2026-01-14,Equipment Failure,Hi,59.6,Effect current be college common top could seat understand happy glass usually magazine operation probably soon world question cold.,Sensor Malfunction,19.0,Closed
INC-00099,SITE-004,2026-05-03,Leak,Medium,71.5,Middle decide ready fast standard across food teach population leave us leg stock its that Democrat begin say.,Valve Failure,6.1,Closed
INC-01936,SITE-006,2024-07-17,near-miss,High,55.4,Sing understand home of statement court table end Mr play some education third then right machine but all job.,Third-party Damage,6.8,Under Investigation
INC-04091,SITE-001,20-Dec-2023,Spill,Medium,69.7,Kitchen fish cultural because consumer.,Sensor Malfunction,2.8,Under Investigation
INC-00616,SITE-005,2025-06-03,Equipment Failure,High,49.2,Protect back another offer section individual partner.,,1.0,Under Investigation
INC-00477,SITE-005,2024-03-13,Near Miss,Low,89.1,Ever place but range difficult feeling voice training central.,,5.2,Open
INC-04737,SITE-006,2026-09-04,Near Miss,High,49.9,Region understand network start mother.,Material Fatigue,1.2,Closed
INC-00826,SITE-002,2023-08-19,Fire,High,43.3,Mission tax why action memory high wait near key.,Third-party Damage,3.5,Under Investigation
INC-04007,SITE-001,2024-04-14,Near Miss,Critical,34.3,Provide true star tend choose reach.,Material Fatigue,9.1,Open
INC-05115,SITE-006,2024-05-26,Leak,Medium,96.4,Open explain realize if life wonder decision strategy avoid always.,,6.1,Open
INC-03114,SITE-001,2024-04-01,Fire, medium,80.6,Should major top then able day result begin meeting window role network.,Material Fatigue,10.1,Under Investigation
INC-03604,SITE-003,2025-12-27,Near Miss,Medium,76.9,For person administration least yet political quickly early.,Material Fatigue,13.9,Open
INC-02004,SITE-002,2025-09-25,Near Miss,Low,97.1,Health hit point trial.,Third-party Damage,27.4,Under Investigation
INC-03763,SITE-004,17-Dec-2024,Spill,Low,82.6,Form require building but model area finish likely east chance eat.,Sensor Malfunction,12.0,Closed
INC-02988,SITE-003,2024-05-01,Equipment Failure,Critical,42.9,Seat else since begin sound matter can bar policy.,Material Fatigue,1.7,Under Investigation
INC-02426,SITE-004,2026-05-06,Near Miss,medium,66.7,City him manage individual street them key student across TV.,Sensor Malfunction,16.7,Open
INC-00816,SITE-004,2026-02-14,Leak,Medium,74.8,Phone reduce order true front Mrs democratic statement floor lot what.,Operator Error,6.6,Open
INC-00048,SITE-004,2026-03-18,Leak,Hi,75.8,Would office interview former story catch policy tax sure practice order include military.,Corrosion,21.7,Under Investigation
INC-01296,SITE-005,2026-04-08,Leak,Critical,32.7,Watch why card like him myself type stage less knowledge white worry.,Third-party Damage,0.4,Under Investigation
INC-00961,SITE-002,2025-11-02,Equipment Failure,,70.8,Nearly special price the company write there page market need throw employee.,Material Fatigue,1.7,Under Investigation
INC-01853,SITE-004,2024-08-27,Equipment Failure,Medium,61.1,Son establish generation front much choice quality.,Corrosion,4.7,Under Investigation
INC-02156,SITE-002,2024-03-22,Near Miss,High,54.2,Travel meet develop any whole consider.,Sensor Malfunction,39.0,Open
INC-01891,SITE-001,15/08/2023,Near Miss,Low,90.5,Blue response sometimes be follow office Mrs property structure crime program success.,Operator Error,14.5,Open
INC-03605,SITE-001,2025-08-30,Near Miss,Medium,78.3,Thousand ok wear test yes outside break.,Third-party Damage,5.2,Open
INC-01195,SITE-002,2024-04-09,Near Miss,Critical,-0.5,Senior firm voice begin development class task enjoy.,Valve Failure,6.2,Open
INC-05857,SITE-003,2025-04-27,LEAK,High,66.6,Stage water if rest practice.,Third-party Damage,6.8,Open
INC-02524,SITE-002,2023-12-19,Near Miss,High,62.4,Physical everything able man stock campaign though green eight sound.,Third-party Damage,10.6,Under Investigation
INC-03258,SITE-003,02-Aug-2024,Equipment Failure,High,66.6,Thank outside situation real road owner machine.,Material Fatigue,5.8,Closed
INC-04834,SITE-005,2025-05-12,Near Miss,Medium,61.5,Board it Mr develop maintain rate sound miss build certainly discussion side officer next relate prove hear.,Operator Error,3.6,Open
INC-02133,SITE-005,2024-04-16,,High,87.4,Look economy international plan month character single material first office may space base.,Corrosion,2.8,Closed
INC-05597,SITE-001,2024-01-25,Fire,Critical,35.7,From wife difference some knowledge herself when.,Corrosion,18.5,Open
INC-02334,SITE-002,2025-10-13,Equipment  Failure, Critical,44.3,Sit sort new great whose however action movement letter specific nothing candidate us environmental just.,,11.1,Closed
INC-05130,SITE-002,2026-05-03,Leak,Low,90.8,Reason bag husband assume everything argue two political action trip.,Sensor Malfunction,11.5,Open
INC-05446,SITE-006,2024-12-28,leak,,94.4,Main audience real push else leg great benefit certainly.,Third-party Damage,10.3,Under Investigation
INC-03164,SITE-006,2025-01-11,Near Miss, High,70.7,Catch operation walk skin she smile test.,Valve Failure,18.1,Closed
INC-02409,SITE-001,16-Sep-2024,Fire,Medium,82.1,Apply dream go green represent red generation another near.,,14.7,Closed
INC-00926,SITE-005,2023-10-20,Spill,Low,150.0,Agent financial economic fire meeting approach ago ask establish surface compare rich task.,Valve Failure,23.8,Under Investigation
INC-02895,SITE-003,2024-10-03,Fire,Medium,79.3,Now others study do course drop local improve see road choice table still herself loss sure.,Sensor Malfunction,5.8,Closed
INC-05561,SITE-003,2025-11-22,Near Miss,Medium,94.3,Tend plan player right TV not compare test century religious those south read themselves mind.,,12.3,Open
INC-05816,SITE-005,2024-06-08,Fire,High,69.1,Fill out upon bar director politics main court size movement story herself story wife.,Material Fatigue,4.5,Closed
INC-02768,SITE-003,2026-07-08,Leak,high,47.0,Alone dinner message enter price concern quite base put site then.,Operator Error,4.3,Closed
INC-01137,SITE-006,2026-06-06,Fire,Critical,53.2,Up different at however scientist get direction carry central relationship other camera education.,Third-party Damage,15.4,Under Investigation
INC-05055,SITE-004,22/12/2025,Spill,High,58.1,Black race analysis crime scene approach peace edge professor usually project according car name decision hope.,,8.7,Open
INC-00686,SITE-003,2026-04-04,Spill,High,60.4,My six piece wide low force perhaps TV.,Corrosion,3.2,Under Investigation
INC-05198,SITE-006,2023-07-23,,Critical,29.4,Major politics individual too story under major yard forward condition president lay campaign recently throw by west.,Valve Failure,15.2,Under Investigation
INC-01765,SITE-006,2024-08-03,Fire,Critical,42.3,Accept yourself red live body office color dark.,,7.1,Open
INC-03232,SITE-003,2025-05-12,Leak,High,57.4,Form thing she perform site dream.,Material Fatigue,9.4,Open
INC-01011,SITE-002,2025-12-11,Oil Leak,Low,81.1,Hit case meet she parent early network.,Operator Error,3.0,Open
INC-04461,SITE-001,2025-10-14,Fire,High,73.2,Beautiful response great example response crime trip speak artist interview painting determine century soldier receive region.,Valve Failure,5.7,Open
INC-05701,SITE-006,2024-05-21,Spill,High,62.9,Field nice television structure accept born east trouble arrive with cold effort themselves.,Valve Failure,1.3,Open
INC-04535,SITE-004,2026-02-04,Fire,Low,88.4,Level technology human guess general admit live even much could.,,1.9,Closed
INC-00802,SITE-003,2025-06-21,Equipment Failure,HIGH,73.3,Name meet decide hard culture if because admit expert but side avoid game add Mrs western.,Valve Failure,2.4,Open
INC-01397,SITE-005,2023-07-24,Near Miss,Low,85.6,Without guess more president health clear yourself surface.,Corrosion,16.0,Open
INC-01893,SITE-004,2025-06-11,Spill ,Medium,62.7,Of everybody remain develop out particular something sea ever.,,5.6,Open
INC-04878,SITE-006,2024-09-30,Near Miss,High,62.3,Loss cup economy most stay care provide writer your surface finally far.,Corrosion,8.0,Under Investigation
INC-05621,SITE-004,2025-05-18,Equipment Failure,Hi,66.6,Kitchen leg happy growth risk.,Operator Error,1.5,Closed
INC-01710,SITE-004,2023-10-26,Equipment Failure,Lo,82.3,Religious environment son speech week land now too style letter those ever.,Valve Failure,5.9,Closed
INC-02772,SITE-006,2023-11-25,,Medium,61.1,Admit long east win book offer a information peace quality shake.,Corrosion,3.3,Closed
INC-01166,SITE-002,05/18/2026,Fire,,66.5,Get reflect exactly although of if political bit bag everybody expert else.,Operator Error,1.0,Closed
INC-04525,SITE-002,2025-12-24,FIRE,High,73.8,Their national organization so ago note listen lot form his training anyone next official.,Sensor Malfunction,5.1,Closed
INC-02392,SITE-002,2024-05-03,Leak,High,60.4,Push finish speak light customer field chair whom four can lead and.,Corrosion,9.0,Open
INC-02587,SITE-004,2025-02-23,Equipment Failure,High,60.0,Fine draw bed while positive sure set not production away.,Material Fatigue,1.6,Under Investigation
INC-03839,SITE-004,2024-04-26,Leak,Medium,70.5,Lose box state ask ask garden where seat.,Sensor Malfunction,12.8,Open
INC-03492,SITE-003,2023-10-04T00:00:00Z,Equipment Failure,critical,70.8,No nor form instead film million.,Corrosion,5.4,Under Investigation
INC-00664,SITE-003,23/07/2023, Leak,High,76.4,Story issue human ago send couple speak smile standard.,Third-party Damage,6.1,Closed
INC-04379,SITE-006,2025-01-26,Fire,high,63.2,Where get notice others scientist item commercial huge.,Material Fatigue,5.4,Open
INC-04152,SITE-003,10/11/2024,Leak,High,60.7,Go simply agent.,Corrosion,11.1,Closed
INC-04025,SITE-006,2025-05-25,Spill,Critical,55.6,Girl whatever chance sell stock reflect in.,Third-party Damage,11.1,Under Investigation
INC-02397,SITE-005,2024-07-31,,Medium ,81.9,Appear create both himself wonder war despite usually.,,11.9,Closed
INC-02276,SITE-003,2025-09-28,Equipment Failure,High,68.4,Model that probably class sign medical guy yes feel day force writer material market.,Third-party Damage,21.2,Closed
INC-05443,SITE-003,2024-09-09,,High,66.6,Activity organization sometimes staff environmental foot.,Corrosion,11.3,Under Investigation
INC-01799,SITE-002,2026-07-26,Equipment Failure,Medium,68.9,Drug several everything store in majority common cold stop however source system table.,Corrosion,15.1,Closed
INC-03280,SITE-003,2023-10-27,Leak,High,65.2,Set kitchen society price southern.,Sensor Malfunction,8.5,Closed
INC-03437,SITE-006,2026-05-31,Spill, High,64.0,During run start manager heart image imagine place wife edge answer national she administration collection.,Operator Error,4.2,Closed
INC-05870,SITE-001,2023-12-14,Spill,Critical,39.6,Must anything team security send although ball field single.,Operator Error,11.1,Open
INC-03378,SITE-005,12/16/2024,Fire,Medium,79.6,Couple though lead write range just race between.,Sensor Malfunction,13.9,Open
INC-03832,SITE-001,2023-08-20,Near Miss,High,40.2,Company price information national condition indeed reality condition whose bank thousand tough.,Valve Failure,7.4,Under Investigation
INC-01207,SITE-001,2024-04-26,Fire,Medium,64.6,Certain doctor prevent might late run eight source.,,6.4,Open
INC-05094,SITE-001,2023-07-31,Leak,Low,95.4,World word tough agreement.,Corrosion,13.3,Closed
INC-05679,SITE-001,2025-07-22,Leak,Medium,72.6,Brother there fly also.,Third-party Damage,8.9,Under Investigation
INC-00231,SITE-001,2024-06-01,Near Miss,Low,85.3,Town recent spring medical this one TV fire produce church whom pull.,Corrosion,14.6,Open
INC-05748,SITE-003,2025-04-19,Spill,High,58.1,Community us degree full month season within force shake task defense focus now behind.,,15.5,Open
INC-04866,SITE-003,2025-01-15,Spill,Medium,89.8,Stuff should imagine throughout address husband them.,Third-party Damage,14.8,Closed
INC-03156,SITE-003,2023-11-07,Leak,Critical,67.6,Child establish much right throw up star American or in model.,,2.9,Closed
INC-05124,SITE-005,2025-12-11,Leak,Low,91.9,Seek edge stop however become particular whether herself.,Third-party Damage,5.1,Closed
INC-01943,SITE-003,2025-06-17,Spill,Critical,24.0,Recently bag decision school allow wish image early phone history.,Material Fatigue,2.2,Open
INC-05298,SITE-004,2026-04-09T00:00:00Z,Fire,Low,80.2,Scene rich offer professor.,Material Fatigue,7.1,Open
INC-01390,SITE-006,2023-09-11,Near Miss,High,80.2,State since rather season one reduce.,Valve Failure,3.7,Under Investigation
INC-02563,SITE-003,2025-11-08,Equipment Failure,High,73.8,Shoulder late different at city religious quite.,Material Fatigue,4.3,Under Investigation
INC-04080,SITE-006,2023-10-06,Near Miss,,83.3,Wide type blue east send tonight memory TV.,Corrosion,8.7,Open
INC-02010,SITE-002,2024-07-01,Near Miss,Medium,73.4,Discussion follow study state order natural body gun order Congress wall discuss human he all fire century structure.,Third-party Damage,11.4,Under Investigation
INC-05674,SITE-001,2023-12-23,NEAR MISS, High,65.0,Statement section radio save back per bill others first experience production laugh everybody trouble.,Corrosion,4.9,Closed
INC-00692,SITE-001,2024-05-20,Equipment Failure,Critical,59.7,Street check should whatever.,Material Fatigue,5.6,Open
INC-05168,SITE-003,2023-10-10,Equipment Failure,Low,89.5,Best purpose mention while possible.,Operator Error,2.3,Closed
INC-00304,SITE-003,2024-12-31,Near Miss,HIGH,52.6,Around movie them everyone base return born write pull become hard.,Corrosion,16.7,Closed
INC-00711,SITE-004,2024-07-14,Leak,Low,89.4,Several glass around answer near phone clearly realize.,Material Fatigue,7.5,Open
INC-02311,SITE-003,2024-09-18,Equipment Failure,Critical,64.0,Simply sign play too read especially rule already this Congress relationship price.,Third-party Damage,8.3,Open
INC-01696,SITE-004,12/11/2025,Near Miss,Medium,-5.0,Action air structure start these learn trial give she information development television maybe authority several suddenly huge staff popular.,Material Fatigue,18.8,Under Investigation
INC-00100,SITE-003,2023-10-31,Near Miss, Critical,30.5,Issue young discussion above wife task plan recognize anything around leader medical.,Valve Failure,10.5,Closed
INC-01524,SITE-003,2023-12-25,Fire,Medium,71.1,Development who expect together institution require.,Third-party Damage,12.9,Open
INC-05609,SITE-003,2024-05-07,Leak,High,72.0,Foreign daughter turn especially.,Third-party Damage,3.5,Closed
INC-05785,SITE-001,2025-08-08,Leak,Critical,25.3,Rule agency present outside seven rate coach make miss heavy miss somebody age billion suddenly pull suddenly game.,Sensor Malfunction,3.3,Open
INC-05165,SITE-001,2026-07-09,Leak,Critical,44.4,Live politics sport cut special list factor Republican ten.,,5.7,Under Investigation
INC-03168,SITE-002,2026-01-21,Fire,Low,86.3,Crime here rather visit lead social door yes everyone book society consumer positive do prove.,Third-party Damage,0.3,Open
INC-04471,SITE-001,2026-08-27,Equipment Failure,Low,99.6,On parent fact nearly soon role mother attention example successful five pull middle figure view buy rich.,Third-party Damage,3.0,Under Investigation
INC-02277,SITE-002,09/21/2024,Spill,Medium,77.2,Outside staff thousand reason human participant American news should painting no expect line material.,Operator Error,3.6,Open
INC-03932,SITE-003,2025-08-26,Leak,Medium,84.7,Person will news represent world future race quickly which.,,9.1,Under Investigation
INC-04298,SITE-005,13-Jul-2025,Equipment Failure,Low,87.5,Yeah expect window difficult story song bar probably.,Material Fatigue,3.9,Closed
INC-02745,SITE-003,2025-11-02T00:00:00Z,SPILL,crit,30.4,Study political their believe present Republican care.,,4.7,Under Investigation
INC-05050,SITE-004,2026-01-26,Leak,Medium,-12.3,Really star man accept since space popular final sort them south between word.,Valve Failure,7.6,Open
INC-02816,SITE-006,2024-05-30,Leak,High,66.8,Significant first really machine lawyer responsibility himself of reason card let class.,Corrosion,9.7,Open
INC-04785,SITE-003,2026-05-14,,Medium,78.5,Else around vote more end him amount apply raise yard couple fact however born Republican attack stuff.,Sensor Malfunction,1.6,Closed
INC-04957,SITE-002,2024-12-05,Fire,Critical,63.3,Message take name pass.,Third-party Damage,3.1,Under Investigation
INC-05849,SITE-001,2024-01-16,Fire,Low,104.0,Into follow before goal material.,Valve Failure,11.7,Closed
INC-01183,SITE-003,2025-07-29,Near Miss,Medium,64.4,Someone without record score player style some although.,Valve Failure,10.4,Under Investigation
INC-00441,SITE-004,2024-04-12,Near Miss,Low,150.0,Wait field middle beyond direction amount.,Third-party Damage,0.5,Under Investigation
INC-00200,SITE-003,2023-09-18,Spill,Critical,13.2,Three situation opportunity agent about state service cover.,Sensor Malfunction,9.1,Open
INC-03091,SITE-006,2025-02-14,Near Miss, medium,71.1,Trade win your either.,Sensor Malfunction,3.9,Closed
INC-05869,SITE-001,2025-07-12,Near Miss,High,63.5,Live president customer approach more argue employee book everything today leave cover they.,Corrosion,11.0,Open
INC-03591,SITE-005,2024-08-07,Leak,Low,91.4,Get generation age section future anything woman Mr recently.,Material Fatigue,6.8,Under Investigation
INC-00128,SITE-003,2026-05-27,,Medium,67.7,Evening take next require benefit above.,,2.3,Under Investigation
INC-05668,SITE-004,2024-10-19,Near Miss,Low,84.1,Focus health less story chance commercial would argue.,Third-party Damage,7.3,Closed
INC-02432,SITE-005,2026-03-26,Fire,Medium,74.7,Simply high information wish sure assume point include candidate pull be state year officer line.,Valve Failure,6.5,Closed
INC-00362,SITE-006,10/10/2025,Fire,High,52.5,Analysis visit as democratic TV enter walk wait medical.,,7.1,Under Investigation
INC-00492,SITE-003,2024-06-04,Near Miss,Hi,64.3,Talk town enter consumer career worry up.,Material Fatigue,5.4,Closed
INC-03965,SITE-001,2024-06-21,Spill,Low,79.6,Husband leader cut race computer health from miss.,,11.5,Open
INC-00030,SITE-001,2023-09-07,Equipment Failure,Low,81.4,Become treatment bill great change study environmental we time ball prevent personal nice Mrs direction gas fact painting.,Valve Failure,10.9,Under Investigation
INC-05072,SITE-006,05-May-2025,Equipment Failure,High,77.4,Seek tax table sea make development send recognize long meeting.,Third-party Damage,10.0,Open
INC-05360,SITE-001,2025-12-11,Near Miss,Low,85.0,Option hospital simply kid system mother care during sport laugh marriage.,Operator Error,9.8,Open
INC-03771,SITE-002,2025-01-28,near-miss,Medium,71.6,Much for window to rule alone too avoid collection audience.,Operator Error,3.9,Under Investigation
INC-03468,SITE-006,2023-10-03,Spill,Critical,37.8,Simple water minute country dinner according born treat north president subject feel might learn such skill.,Material Fatigue,9.3,Closed
INC-01648,SITE-001,07/23/2025,Spill,Low,84.6,Sister whatever leave interest wide field stop step.,Corrosion,1.3,Under Investigation
INC-00205,SITE-004,2024-12-14,Near Miss,Medium,72.6,Middle job wife year play direction environmental.,,24.9,Open
INC-05949,SITE-002,2025-05-28,Equipment Failure,Low,82.7,Teacher information manager total gas station clearly instead performance read lawyer material town indeed still.,Sensor Malfunction,3.3,Under Investigation
INC-05867,SITE-003,2025-11-16,Fire,High,65.5,Generation cell always political break power study concern hard both.,Material Fatigue,3.9,Under Investigation
INC-05487,SITE-006,2024-03-29,Near Miss,High,66.4,Share character until particular else similar prepare end professor four.,Sensor Malfunction,4.7,Under Investigation
INC-02354,SITE-004,2024-07-15,Spill,Critical,35.1,National police travel already already debate matter half.,Material Fatigue,9.1,Under Investigation
INC-03155,SITE-001,16-Feb-2025,,Critical,40.3,Point notice different green agent bar hold.,Material Fatigue,7.4,Open
INC-05806,SITE-003,2026-01-10,Near Miss,High,54.4,Recognize majority investment window happy different despite everyone result energy performance century.,,6.6,Closed
INC-01791,SITE-002,2025-11-30,Leak,High,60.9,Final deal enter forget growth will worry let account war center base.,Material Fatigue,7.2,Under Investigation
INC-00120,SITE-002,2023-08-25,Fire,Medium,79.6,Choice white century under receive my able strategy hotel.,Corrosion,8.5,Under Investigation
INC-05713,SITE-003,2025-03-10,Equipment Failure,High,48.9,Suffer explain statement teach agency run.,Sensor Malfunction,5.0,Open
INC-05854,SITE-006,2025-07-10,EQUIPMENT FAILURE,Critical,35.7,Site beautiful world of source who talk power early performance energy environmental risk lose between possible continue.,Material Fatigue,6.3,Under Investigation
INC-00206,SITE-005,2024-01-12,Near Miss,Low,94.9,Establish operation radio dog put cover somebody child where.,Corrosion,11.8,Closed
INC-05584,SITE-001,2025-11-17,Near Miss,Low,92.7,Determine woman week those character.,,2.5,Closed
INC-01697,SITE-004,01/25/2025,Spill,Critical,48.7,Share expect member production art name community.,Operator Error,16.4,Under Investigation
INC-01352,SITE-003,2025-07-06,Fire,Critical,36.2,Enjoy tax foreign six exactly majority animal interview.,Material Fatigue,1.4,Under Investigation
INC-00130,SITE-005,2023-11-11T00:00:00Z,Near Miss,Medium,74.9,Strong piece pay with reason hotel start which.,Third-party Damage,6.5,Open
INC-03383,SITE-005,2025-03-17,Equip. Failure,,77.1,Safe these see performance walk picture with necessary gun and even.,Corrosion,2.6,Open
INC-01583,SITE-002,2025-10-30,Leak,Low,86.7,Why character scientist whole.,Corrosion,4.6,Under Investigation
INC-01407,SITE-001,2023-12-16,Leak,Low,88.7,Always turn service that bad opportunity join evidence radio Democrat cup consider serve including research responsibility everybody lot story.,Third-party Damage,1.7,Under Investigation
INC-02672,SITE-006,2025-12-16,equipment failure,Critical,37.0,Tend without decide note read source way about need relate often.,Sensor Malfunction,10.8,Under Investigation
INC-01931,SITE-001,02/09/2026,Near Miss,Low,96.9,Hotel thing close serious.,Third-party Damage,6.2,Closed
INC-04666,SITE-005,2023-09-04,Leak,Medium,66.6,Dog student training let entire often easy move reason whom.,Third-party Damage,6.0,Under Investigation
INC-04027,SITE-006,2024-12-06,Leak,Critical,51.5,Lay miss good among exactly group time responsibility charge.,Operator Error,11.7,Under Investigation
INC-01218,SITE-006,2024-10-03,Spill ,High,45.1,Read painting father cut painting may recently order.,,3.6,Under Investigation
INC-02882,SITE-003,2025-07-11,Equipment Failure,Critical,56.0,Century through personal ball fine.,,3.3,Under Investigation
INC-00528,SITE-006,2025-03-31,leak,High,55.2,Talk put film machine several.,,3.9,Under Investigation
INC-01158,SITE-005,2025-05-03,Leak,Low,-12.3,Manager clearly safe both coach long.,Corrosion,3.4,Open
INC-04459,SITE-004,2025-01-23,Fire,High,104.0,Similar usually some perhaps enjoy well tough dream focus food data movie fear.,Operator Error,4.6,Closed
INC-04155,SITE-001,2023-07-27,fire,Medium,77.6,However down ready do fire side stage number goal himself.,Sensor Malfunction,7.5,Under Investigation
INC-02263,SITE-002,2025-05-13,Leak,Medium,88.8,Force arm return art bed sense again.,Material Fatigue,2.8,Under Investigation
INC-04855,SITE-004,2024-07-09,Leak,Low,86.5,Us keep garden letter actually because clearly.,Operator Error,4.2,Closed
INC-02708,SITE-002,2025-08-08,Spill,High,72.2,Control sure notice stuff Democrat to degree writer.,Sensor Malfunction,6.3,Open
INC-01374,SITE-003,2025-12-25,Spill,Medium,70.1,Open city seat all service rest yet goal until their.,Valve Failure,7.7,Closed
INC-03017,SITE-003,2025-05-12,Spill,High,50.1,Defense continue family central Mr find throw politics reach leave conference professional.,,12.4,Closed
INC-01473,SITE-002,2025-08-09,Leak,Medium ,67.9,Rule most receive should something buy run day head focus nothing today message.,Corrosion,9.3,Open
INC-04275,SITE-003,2026-03-18,Leak,High,53.3,Bring task half door value peace focus several local relationship big social meet guy attention discuss anything.,,3.4,Closed
INC-03914,SITE-004,2026-03-31,Near Miss,High,56.3,Wrong big bad fund lot.,Third-party Damage,5.5,Under Investigation
INC-02043,SITE-003,04-Dec-2025,Equipment Failure,Medium,83.8,Evening space candidate crime speak rise fact attack back know.,,10.9,Closed
INC-04831,SITE-004,05/26/2025,Leak,High,60.9,Energy continue few itself usually star window.,Sensor Malfunction,5.1,Under Investigation
INC-01023,SITE-004,2023-09-19,Fire,low,87.6,Option born boy bring try medical sport true certain inside reflect world management performance term quality.,Corrosion,8.7,Open
INC-05357,SITE-001,2024-08-30,Fire,Medium,79.3,Reveal language art effect summer already discover address.,Material Fatigue,6.3,Open
INC-01074,SITE-003,2024-09-16, spill ,Critical,51.4,Professor weight deal move movie certain.,,4.1,Under Investigation
INC-02158,SITE-006,2025-02-24,Leak,Critical,63.4,Newspaper miss beat interesting.,Operator Error,3.1,Under Investigation
INC-00464,SITE-002,2024-07-18,Near Miss,Medium,74.5,Always follow education can until situation hit when answer control when.,Operator Error,32.7,Closed
INC-05975,SITE-005,15/10/2025,Equipment Failure,Low,91.1,West three seat letter former board he over TV each.,Material Fatigue,2.7,Closed
INC-00895,SITE-002,2026-10-01,fire,Low,74.3,Quickly chance respond many help many night.,Operator Error,4.3,Open
INC-04476,SITE-006,2024-10-22,Leak,Critical,42.1,Here year issue those over candidate land once my choice.,Sensor Malfunction,5.4,Under Investigation
INC-04411,SITE-003,28-Aug-2024,Leak,Critical,55.9,Truth subject writer street bar letter miss stay protect fear head in.,Corrosion,12.2,Closed
INC-00790,SITE-004,13/11/2024,Equipment  Failure,Medium,86.6,Prevent anyone year mouth it style he nothing power there old red white chance.,Material Fatigue,6.7,Under Investigation
INC-02894,SITE-001,2026-03-16,Leak,MEDIUM,87.2,Boy which adult measure American blue event event.,,11.1,Under Investigation
INC-00070,SITE-003,2024-11-30,Leak,low,89.1,Deep so technology show rock decide establish despite phone operation approach site every.,,13.6,Open
INC-01845,SITE-001,2025-05-11,Fire,Low,85.5,Image history majority finish type idea style.,,13.5,Closed
INC-01427,SITE-003,31-Aug-2024,Near Miss,low ,84.6,Lose must identify wife claim purpose speak form of head.,Third-party Damage,2.4,Open
INC-04717,SITE-006,2024-11-27,Leak,High,75.0,Level not pass such author general author.,,5.2,Closed
INC-00565,SITE-003,16/01/2024,Leak,Medium,-0.5,Happy go impact drop war democratic box significant anyone series speech.,,8.6,Closed
INC-02367,SITE-001,16-Aug-2025,Fire,Medium,64.1,Mean fear newspaper recently worker too continue respond road itself carry appear.,Sensor Malfunction,28.4,Closed
INC-02507,SITE-006,2026-06-30,Near Miss,Critical,39.1,Hand indeed serious walk future whose affect she middle.,Valve Failure,3.6,Open
INC-00419,SITE-006,2023-08-31,Leak,Medium,62.2,Get call structure clear great expect stuff important seem guess program.,,0.4,Closed
INC-03289,SITE-001,2025-02-08,Equipment Failure,High,71.1,Eat medical ground condition small else report.,Corrosion,4.3,Under Investigation
INC-04038,SITE-006,2024-02-14,Spill,High,64.4,Include something memory case by forward culture agree teacher believe left plant whom.,Sensor Malfunction,12.1,Closed
INC-03022,SITE-006,2024-11-06,Fire,Low,89.0,Real good show maybe truth buy instead unit something.,Valve Failure,3.6,Closed
INC-03450,SITE-006,01/08/2026,Near Miss,High,58.2,Defense rock lose cut during few member age memory somebody each direction.,,7.5,Under Investigation
INC-00211,SITE-002,2025-11-10,Equipment Failure,Medium,77.9,Item spend trouble store establish under.,,9.4,Under Investigation
INC-00291,SITE-001,2026-02-28T00:00:00Z,Spill,MEDIUM,64.1,Determine same dream themselves job last person full doctor matter.,,5.7,Open
INC-04653,SITE-004,2024-05-25,Equipment Failure,Low,86.0,Identify federal nature edge chance.,Valve Failure,5.0,Closed
INC-05958,SITE-001,2025-01-07,Near Miss,Critical,24.5,Democrat strategy vote knowledge someone respond explain player art focus situation.,Valve Failure,16.1,Under Investigation
INC-01308,SITE-001,2023-10-13,Leak,Low,81.7,Great music dark shake that detail suddenly.,Material Fatigue,3.6,Under Investigation
INC-01589,SITE-002,2026-01-31,Near Miss,Medium,88.8,People place game while reason company age.,Third-party Damage,9.0,Open
INC-03533,SITE-001,07/09/2025,Leak,Medium,59.2,Most recent writer billion us make my.,Valve Failure,12.8,Open
INC-04280,SITE-003,2024-10-20,Leak,High,54.5,Close simple population section.,Material Fatigue,19.0,Open
INC-05980,SITE-004,17/05/2024,Equipment Failure,Critical,53.3,Actually fill sing relate either save design since feel office ability player food issue far.,Third-party Damage,0.8,Closed
INC-04650,SITE-006,05/12/2025,Fire,High,53.9,Drug who certain ground every half seat assume Mrs onto short as big operation.,Valve Failure,12.6,Under Investigation
INC-04464,SITE-004,2024-02-17,EQUIPMENT FAILURE,Low,83.6,Usually ability management say bar special.,Operator Error,4.5,Under Investigation
INC-03238,SITE-003,2025-12-13,Leak,CRITICAL,36.6,Probably remember nearly impact model weight store then fear.,Third-party Damage,0.6,Closed
INC-00804,SITE-002,2023-07-25,Near Miss,Low,82.3,Tonight coach gun establish beyond main recently ago raise various form report.,,7.7,Under Investigation
INC-00523,SITE-006,2026-06-29,Equipment Failure,Medium,77.8,Memory entire conference pattern away stuff down season attack in.,,8.0,Open
INC-02219,SITE-001,2026-01-31,Spill,Critical,51.2,Black garden fire mouth thousand eat word carry four treat.,Third-party Damage,3.2,Closed
INC-04450,SITE-005,2023-12-13,Leak,Medium,78.4,Want sound whose when according interest film light.,Valve Failure,3.0,Under Investigation
INC-03337,SITE-003,2024-05-23,Equipment Failure,High,70.2,Close boy difference outside then rule compare study marriage exactly would bank.,Third-party Damage,27.9,Closed
INC-02752,SITE-001,2025-08-25,near-miss,Medium,84.9,Various decade through firm very same institution order culture tree receive son inside majority Republican.,Material Fatigue,7.6,Closed
INC-01178,SITE-002,2024-08-24,NEAR MISS,Med,61.8,Often young such themselves organization hand such here glass evidence drive choose physical usually write physical.,Valve Failure,1.7,Under Investigation
INC-04533,SITE-002,2025-04-18,Equipment Failure,Critical,49.3,Half play short necessary organization test vote now woman wear above.,Valve Failure,5.7,Open
INC-03026,SITE-002,2026-03-01,Equipment Failure,High,68.9,Least PM discuss health control foot find national big ahead information campaign particular.,Material Fatigue,11.8,Closed
INC-02849,SITE-006,2025-02-09,Leak,High,59.2,Worry above the grow recent individual image store must idea.,Third-party Damage,4.3,Under Investigation
INC-02541,SITE-003,2023-08-08,Leak,,50.4,Outside pay before Mrs something close personal she different modern.,,2.2,Closed
INC-04398,SITE-005,2025-06-20,Equipment Failure,Critical,40.7,Unit short by budget upon.,Operator Error,6.7,Open
INC-00235,SITE-001,06-Mar-2025,Fire,Low,104.0,Range hard sure attack yard happen ask goal be player.,Corrosion,6.6,Closed
INC-02227,SITE-001,2024-10-21,leak ,High,50.0,Must company chair evidence color center.,Material Fatigue,11.2,Under Investigation
INC-01935,SITE-006,2025-12-03,Leak,Medium,79.8,Beautiful manage like along red seven fast face gas heavy.,Operator Error,9.0,Closed
INC-00781,SITE-003,2025-02-28,Leak,High,51.5,Attack civil identify account development capital direction.,Valve Failure,6.7,Under Investigation
INC-01369,SITE-002,2023-08-25,Spill,Low,77.6,Sea move sing to some bed statement those plan meet until be forget we often.,Operator Error,0.8,Open
INC-05960,SITE-003,2025-10-25, spill ,Hi,49.1,Support at about such worry prove century black.,Material Fatigue,2.7,Open
INC-04078,SITE-006,2024-09-24,Spill,Critical,69.9,Budget likely community over represent visit deal herself hit sea she possible.,Sensor Malfunction,19.0,Closed
INC-02872,SITE-004,2023-09-25,Equipment Failure,Low,87.9,Phone speech pull leader still society idea experience TV former impact visit.,,8.7,Under Investigation
INC-05213,SITE-005,2024-12-17,,Low,80.0,Fear situation fast able prevent language nor structure reduce baby common minute.,Valve Failure,4.0,Open
INC-00277,SITE-003,2025-01-06,Leak,High,52.0,Father anything street cost allow involve other sell trade project church often down woman build.,Valve Failure,22.4,Closed
INC-02373,SITE-005,2023-12-13,Equipment Failure,Medium,71.3,Natural who build war rock voice notice out point myself.,Sensor Malfunction,7.9,Open
INC-05499,SITE-006,2024-02-08,Equipment Failure,High,45.5,Wrong say none capital trouble something region in both ten chair clear my relate stuff window.,Sensor Malfunction,25.9,Closed
INC-02588,SITE-006,2025-05-12,Equipment Failure,Critical,55.8,Record car security store from series activity.,Valve Failure,2.1,Closed
INC-03451,SITE-001,2023-09-09,Near Miss,Medium,79.4,Trial we rate key girl long play challenge development memory dinner usually agree red into.,Third-party Damage,22.0,Closed
INC-02545,SITE-002,2025-09-08,,Critical,42.1,Walk heart risk decision finally.,Material Fatigue,5.8,Open
INC-05779,SITE-001,2023-09-02,Near Miss,Low,81.3,Apply recently among reflect really near eat east company everyone contain.,Sensor Malfunction,17.3,Open
INC-03389,SITE-003,2023-10-12,Spill,Medium,82.7,Time interesting race listen college Republican begin hotel game only avoid instead power Mr operation card bill significant agree.,Material Fatigue,13.1,Under Investigation
INC-04996,SITE-006,2024-12-08,Spill,CRITICAL,50.9,Call within generation could dinner charge wonder day coach she.,,1.5,Under Investigation
INC-04592,SITE-003,02/22/2025,Leak,High,56.0,Sign hit message hear again to any detail bank.,Material Fatigue,4.4,Open
INC-01618,SITE-002,2026-01-10,Spill,Low,88.2,To ever themselves do kid.,,5.5,Under Investigation
INC-02046,SITE-004,2025-06-09,Near Miss,Critical,44.9,Smile court past.,,16.2,Closed
INC-01759,SITE-004,2026-03-07,SPILL,Critical,36.7,Tough professor goal ago daughter tend skin kind full begin that recognize inside affect.,Third-party Damage,3.4,Closed
INC-05359,SITE-003,2025-04-19,Equipment Failure,High,54.4,Expect first seem parent care continue a stock apply reveal around take education out beyond without.,Sensor Malfunction,2.5,Open
INC-00627,SITE-004,03/16/2026,Leak,Low,93.0,Tax organization us magazine type per tonight office someone any.,Sensor Malfunction,1.1,Closed
INC-02081,SITE-003,2026-07-04,,High,79.4,Best moment risk ground particular human truth himself can.,Valve Failure,1.9,Under Investigation
INC-03669,SITE-002,2024-07-25,,Medium,69.5,North section but gas wear one several rather government less low relationship score.,Material Fatigue,1.9,Closed
INC-04107,SITE-002,2026-03-09,Near Miss,Medium,83.0,Huge rather order help guess attorney thousand.,Sensor Malfunction,12.7,Open
INC-04322,SITE-004,2025-02-26,,Low,91.9,Wait family possible situation price our discussion.,Sensor Malfunction,5.7,Closed
INC-00481,SITE-001,2026-08-22,Fire ,Low,82.1,Approach less though industry choose easy pretty full go indeed doctor seat dog responsibility agreement ask its.,Operator Error,5.9,Under Investigation
INC-05258,SITE-006,2023-12-04,Leak,Critical,67.4,Try throughout laugh set carry concern believe democratic eight stay former Republican.,Operator Error,11.6,Under Investigation
INC-02364,SITE-004,2025-03-21,Fire,LOW,87.5,Goal sense it important.,Operator Error,3.6,Open
INC-02325,SITE-002,2025-01-11,Near Miss,Critical,68.5,Company product image while find to chance cost away teach.,Third-party Damage,5.4,Under Investigation
INC-00374,SITE-004,2025-09-21,Near Miss,Low,80.3,Follow throughout line most south responsibility cause standard outside people enough to task data response owner middle.,Corrosion,14.7,Open
INC-03548,SITE-005,2025-04-15,Equipment Failure,Low,87.3,Involve former fact cover act forget agent down even safe commercial together then some figure.,Sensor Malfunction,7.6,Closed
INC-01449,SITE-005,2025-11-12,Leak,High,65.5,Himself sport ten woman either.,Material Fatigue,7.8,Under Investigation
INC-03302,SITE-006,2024-09-29,Fire,High,63.1,Low himself national amount suddenly smile policy central perhaps professor improve whether another.,Third-party Damage,1.3,Closed
INC-05288,SITE-004,2026-07-17,Fire, Low,83.7,Area beautiful hour early ask great customer poor thousand author apply level poor bad.,Corrosion,17.3,Under Investigation
INC-03963,SITE-004,2023-11-24,Leak,Low,-5.0,West each fine fund determine off investment coach team energy truth shake cost least will.,Third-party Damage,5.9,Under Investigation
INC-05654,SITE-001,2024-07-14,Leak,Medium,68.4,Think however learn father nation attorney tough miss compare include.,Valve Failure,5.1,Open
INC-05398,SITE-004,2025-01-04,Fire ,Low,88.3,Eight mean soldier easy able identify be care join.,Material Fatigue,1.2,Closed
INC-02403,SITE-006,2026-05-10,Leak,Critical,39.2,Choose single court computer yeah although stuff close.,Valve Failure,8.2,Closed
INC-00355,SITE-004,2024-05-12,Near Miss,High,49.1,Bring later score street put remember democratic unit parent good book work wait oil.,Operator Error,9.0,Open
INC-05978,SITE-005,2024-04-12,Fire,medium,69.8,Seek education month assume but expect effort enjoy north.,Valve Failure,6.8,Open
INC-03696,SITE-001,2026-05-26,Near Miss,Low,88.3,Show teach land agency model here easy brother yourself music way phone painting her owner.,,8.0,Under Investigation
INC-05580,SITE-002,2024-02-18T00:00:00Z,EQUIPMENT FAILURE,Medium,85.3,Entire family offer run at particular role officer just north.,Material Fatigue,9.8,Under Investigation
INC-05731,SITE-004,2026-07-15,Equipment Failure,Critical,42.0,Order strategy conference use ago order organization left improve wind.,Sensor Malfunction,1.8,Under Investigation
INC-00857,SITE-002,2025-06-18,Near Miss,Low,91.7,Move score fight person.,Corrosion,13.0,Open
INC-02319,SITE-005,09/19/2023,Fire,Low,86.1,Lay compare herself relate sign age simply.,Third-party Damage,12.8,Under Investigation
INC-04033,SITE-006,2025-11-27,Near Miss,High,35.3,Traditional computer car project magazine myself decide when improve.,Operator Error,2.4,Closed
INC-01154,SITE-005,2023-08-17,Near Miss,Critical,64.7,Blue ok serve serve according cover decision American total no them wonder year.,,2.7,Under Investigation
INC-03426,SITE-003,2023-10-04,Near Miss,Low,90.1,Walk hit citizen change work.,,4.3,Under Investigation
INC-05283,SITE-004,2025-01-28,Oil Leak,Low,96.0,Should four next final.,Operator Error,1.4,Closed
INC-00967,SITE-006,2026-10-16,spill,,49.9,Challenge defense officer eye result maybe stay.,Valve Failure,7.0,Closed
INC-05178,SITE-006,2024-07-20,Leak, Critical,34.9,Three future image church hospital team do yet few education officer.,,3.9,Under Investigation
INC-01744,SITE-006,2023-11-18,Near Miss,High,58.5,Daughter deal role leader best head age marriage fill within.,Valve Failure,4.3,Closed
INC-02154,SITE-006,2023-07-27,SPILL,High,67.9,Easy my south officer sea control girl sea.,Corrosion,8.9,Under Investigation
INC-03882,SITE-003,01-Sep-2025,Leak,,63.3,Form radio to term radio son six pick himself whole fight race.,,3.4,Under Investigation
INC-02726,SITE-005,31-Jul-2024,Near Miss,Critical,24.1,Put investment by kid.,Valve Failure,4.5,Open
INC-00653,SITE-006,2025-03-02,Leak,High,61.5,Decision save boy form account board official population.,Third-party Damage,6.0,Under Investigation
INC-04918,SITE-006,2024-07-25,Leak,High,40.8,Right customer listen give pressure way order international research little listen.,Third-party Damage,9.1,Open
INC-02297,SITE-004,2025-05-15,Equipment Failure,Low,95.1,Bill trial small TV I ask arm.,,4.6,Open
INC-05080,SITE-002,2024-11-19T00:00:00Z,Fire, medium,73.4,Across down away fear away discussion economic smile increase marriage rich.,Sensor Malfunction,7.0,Under Investigation
INC-05585,SITE-004,2024-12-24,Near Miss,High,66.8,Direction chair toward current themselves add treatment nearly agent information much dog.,Valve Failure,5.4,Under Investigation
INC-05450,SITE-005,2026-05-13,Minor Spill,Low,97.8,Million set scientist able opportunity direction less sometimes population smile.,Material Fatigue,13.9,Under Investigation
INC-01276,SITE-002,27/08/2025,Leak,Medium,63.0,West pass pass quality.,Third-party Damage,11.8,Open
INC-01099,SITE-002,27-Feb-2024,Fire,Low,88.7,Image special sea large.,Third-party Damage,6.0,Open
INC-00463,SITE-002,2024-08-29,Near Miss,Low,97.6,Their number just budget its official.,Third-party Damage,4.4,Open
INC-05671,SITE-004,2025-03-29,near miss,Low,87.6,Go whom society seven owner article administration together.,,4.4,Open
INC-00456,SITE-006,2026-03-31,Spill,Critical,52.7,Southern catch far rather environment quality main finally seem.,Third-party Damage,7.0,Closed
INC-03621,SITE-002,2023-12-16,Spill,High,58.1,Change think worker energy father social through top.,Corrosion,11.3,Open
INC-00568,SITE-005,2025-12-06,Equipment Failure, Low,95.9,Summer later explain environment fire within ago.,Sensor Malfunction,4.6,Open
INC-05543,SITE-004,2023-11-06,Leak,Low,81.2,Alone would federal day challenge land offer list camera type thing must close drop responsibility of.,,21.8,Open
INC-05546,SITE-003,2025-08-13T00:00:00Z,Leak,Hi,69.3,Reduce rich above quickly risk poor energy study.,Corrosion,7.2,Open
INC-01767,SITE-006,31-Aug-2023,Near Miss,Critical,30.7,Ahead enter four they together everybody first indicate.,Operator Error,7.3,Under Investigation
INC-02980,SITE-003,2026-05-30,Fire,High,46.8,Way different executive own economic it couple argue well among window move item hour hundred.,,16.5,Closed
INC-01116,SITE-003,2026-05-09,,Medium,86.9,Air table keep career medical this from scene attention push food vote arm.,Corrosion,6.0,Under Investigation
INC-00122,SITE-004,2024-11-14,Spill,High,65.7,Maintain organization itself director though name note star baby market less compare piece surface region.,Operator Error,7.3,Closed
INC-04454,SITE-004,2025-03-24,Leak,Low,85.4,To smile us turn behind turn hair plant.,Operator Error,13.8,Open
INC-05714,SITE-003,2025-01-23,Spill,Low,92.1,Enter back until company bed story onto however fire concern human see method various statement.,Sensor Malfunction,5.5,Closed
INC-05473,SITE-003,2024-09-30,FIRE,Medium,83.1,Prevent head skin each much me at detail type everything herself.,Corrosion,11.7,Closed
INC-04899,SITE-003,30/05/2024,,Medium,66.6,Hair simple again truth one upon develop.,Operator Error,4.8,Closed
INC-00111,SITE-003,2026-06-24,Leak,HIGH,65.4,Night these yes many federal off her budget people.,Corrosion,11.9,Closed
INC-01437,SITE-003,2025-04-15,Spill,Medium,-12.3,Save study challenge brother town chance evening financial determine family into see decision though place team seven ago else store again.,,4.5,Closed
INC-01993,SITE-002,2025-09-22,Near Miss, medium,66.9,Challenge about tonight suddenly trial director poor point animal sport.,Third-party Damage,1.2,Closed
INC-00363,SITE-003,2025-06-24,Leak,High,55.6,Whose figure child police movement everybody care baby.,Operator Error,7.1,Under Investigation
INC-05423,SITE-006,31/12/2025,Near Miss,high,69.1,Town go people voice day ever forward future performance card my feeling responsibility cut best miss two statement community.,Sensor Malfunction,2.7,Open
INC-00348,SITE-001,2026-04-23,Leak,Medium,93.5,Clear idea increase staff business production another low represent.,Material Fatigue,13.4,Open
INC-02029,SITE-006,2024-04-18,Spill,High,68.3,Protect security health TV building science edge where man cultural.,Third-party Damage,5.3,Open
INC-04749,SITE-003,12-Jun-2024,Equipment Failure,High,56.6,Senior world budget pretty training home live pattern.,Operator Error,1.4,Open
INC-01904,SITE-006,2024-04-19,Spill,High,74.4,Meeting lawyer describe window drive deep company business world discuss end begin.,Operator Error,3.1,Under Investigation
INC-04191,SITE-002,2025-03-22,Near Miss,Medium,76.0,Time college every meet very ability adult listen reality right heavy state high.,Valve Failure,4.0,Closed
INC-00189,SITE-002,2024-08-20,Spill,Low,87.9,Art adult action herself moment action.,Sensor Malfunction,2.9,Under Investigation
INC-04467,SITE-005,2024-08-26,Equipment Failure,High,58.0,It clear five whom forget cut course weight class parent.,Operator Error,2.2,Closed
INC-02478,SITE-004,2025-10-29,Equipment Failure,Medium,83.0,Mean and anything southern rather picture lay report save American fact class.,Corrosion,14.3,Under Investigation
INC-02922,SITE-006,2026-03-09,Near Miss,Medium,63.9,Food glass war relationship another daughter hotel six entire campaign determine yes less generation program.,Material Fatigue,9.4,Open
INC-02683,SITE-003,2026-03-27,Spill,Medium,69.5,Old news by garden collection drive woman add size attention wonder ahead news around property.,,16.4,Under Investigation
INC-04426,SITE-003,2025-12-11,Equipment Failure,Critical,47.4,Suggest final class quality center tax himself.,,11.2,Under Investigation
INC-00261,SITE-003,2025-03-08,Leak,Medium,71.7,Size environment low player across beat product let young.,Third-party Damage,4.3,Open
INC-02932,SITE-001,2026-10-02,Equipment Failure,High,69.8,Training right line area indeed.,Material Fatigue,7.6,Open
INC-01399,SITE-002,2024-07-21,Equipment Failure,Medium,88.0,Next center should with reality better change task.,Material Fatigue,0.9,Closed
INC-05791,SITE-005,2024-09-29,Leak,Low,91.9,Collection improve describe receive left left remember.,,5.8,Closed
INC-01246,SITE-003,2024-07-01,Spill,Medium,67.7,Air summer player dark talk.,Corrosion,5.6,Open
INC-00453,SITE-002,2024-02-09,Equipment Failure,Medium,84.9,Room difference trial form dream human sing avoid budget PM cup thank between phone.,Material Fatigue,3.3,Closed
INC-03846,SITE-002,2026-02-06,Leak,Medium,84.0,Campaign democratic in anyone professor begin better number present market green benefit instead check guy audience.,Corrosion,2.9,Under Investigation
INC-00482,SITE-003,2026-04-27,Equipment Failure,Medium,75.9,Difficult bad movement image interesting marriage able lot say until way service few social happy she follow.,Corrosion,15.4,Under Investigation
INC-03020,SITE-004,2025-11-12,Near Miss,Low,75.4,Until president three road.,Valve Failure,14.4,Closed
INC-01479,SITE-001,2025-01-01,,Low,87.5,Happy across this money bed.,Corrosion,11.6,Under Investigation
INC-04259,SITE-002,17/04/2025,Spill,low,84.4,Community song need truth foot second deal.,Valve Failure,6.8,Closed
INC-05254,SITE-003,2023-09-28,,High,63.2,Degree natural positive game add star off different news clear defense field home dream medical floor accept put small.,Material Fatigue,1.7,Closed
INC-04142,SITE-003,2025-01-15,,Critical,31.2,Difficult meet bank wide kitchen someone myself.,Operator Error,4.2,Open
INC-03802,SITE-004,2025-08-08,Spill,critical,25.7,Process decision career whatever window require.,Valve Failure,4.3,Under Investigation
INC-04252,SITE-002,2025-01-24,Spill,MEDIUM,76.3,Election window area peace foreign pretty agency method tree Mr program.,Sensor Malfunction,21.8,Open
INC-05052,SITE-003,2025-04-23,Equipment Failure,High,63.1,Always money customer then red sport exactly.,Sensor Malfunction,7.1,Open
INC-04407,SITE-005,2023-11-10,Equipment Failure,Critical,36.1,Model environment themselves including partner eight top wide size score tonight low performance success believe nothing.,Third-party Damage,11.5,Closed
INC-01876,SITE-006,2025-01-12,Leak,High,81.7,Sound area by computer imagine myself own.,Operator Error,5.2,Under Investigation
INC-03200,SITE-001,2026-05-13,Leak,Low,99.1,Market eat hear light sport also simply address picture federal idea executive under.,Material Fatigue,11.1,Closed
INC-05522,SITE-006,2024-10-10,Near Miss,Critical,59.2,Which third west training who which three start.,Sensor Malfunction,10.7,Closed
INC-00943,SITE-001,2025-06-24,Leak,Medium,76.2,Heart adult hand share baby remain difference represent suddenly trip nature one both win.,Corrosion,10.9,Open
INC-05217,SITE-006,2025-07-31,Spill,Hi,75.9,Republican that moment their discuss else floor.,Sensor Malfunction,0.2,Open
INC-02047,SITE-005,2025-09-17,Spill,Medium,73.8,She no suddenly system health evidence.,Material Fatigue,1.4,Closed
INC-00880,SITE-003,2024-04-06,Spill,High,104.0,Low discussion hold end sometimes keep pick.,Valve Failure,3.8,Open
INC-00401,SITE-001,2024-09-13,Near Miss,Medium,67.8,Accept party our character decide say couple young personal run.,Sensor Malfunction,8.2,Closed
INC-01803,SITE-006,2025-12-20,Fire,High,54.6,Arm edge wind future pretty should tend pull.,Corrosion,7.1,Closed
INC-05827,SITE-001,2023-10-30,Spill,High,77.3,Compare star from as source may boy deep individual above available himself drop evidence time road.,Material Fatigue,9.0,Under Investigation
INC-03298,SITE-004,2024-12-02,Spill,Medium,70.5,Door after our term seem against sometimes often democratic they meeting.,Valve Failure,3.9,Open
INC-00092,SITE-004,2026-06-24,Leak,low,86.0,Interest deep sense believe try news those.,Valve Failure,1.1,Open
INC-01806,SITE-005,2025-11-08,near miss,medium,80.0,Sit house thus lawyer factor task media answer sometimes.,,12.3,Closed
INC-03712,SITE-003,31-Mar-2026,Leak,Low,85.8,Opportunity among writer staff.,,2.2,Open
INC-01249,SITE-002,2024-12-30,Equipment Failure,,51.3,No central artist month she wide officer beat center prepare method.,,2.1,Closed
INC-01270,SITE-004,2025-12-28,Equipment Failure,Medium,77.5,President seat field image security tonight accept every foreign sense front meeting toward which strategy authority soon message training weight.,,10.3,Under Investigation
INC-05537,SITE-004,2023-09-15,Near Miss,Low,94.2,View election single girl space our choice whom morning.,Third-party Damage,9.7,Open
INC-00582,SITE-001,17/11/2025,Equipment Failure,High,150.0,Then occur speak sing hold gas else.,Material Fatigue,12.1,Closed
INC-00346,SITE-005,2026-05-31,Equip. Failure,Low,98.7,Fly peace appear tough face where leg throw receive carry government system class above.,Corrosion,4.0,Under Investigation
INC-04813,SITE-004,2025-03-13T00:00:00Z,Equipment Failure,Medium,68.2,Common discussion stock standard speak think least mission plan our laugh run professional.,Operator Error,4.3,Open
INC-03199,SITE-006,2026-07-15,Equipment Failure,Critical,58.7,Five of father service east among school any entire sister process far include.,Third-party Damage,17.2,Open
INC-03913,SITE-003,2025-02-26,Equipment Failure,Critical,59.3,Member sport west hundred government benefit.,Material Fatigue,6.4,Under Investigation
INC-00744,SITE-003,2024-10-09,Fire,Crit,55.5,They fund pull financial head thought learn.,Valve Failure,4.0,Open
INC-02868,SITE-003,2025-08-19,,Critical,34.6,Generation art clearly want.,Corrosion,4.1,Under Investigation
INC-01488,SITE-003,05/31/2025,Leak,,56.6,Chair there exist example need past fall ever water population.,Corrosion,6.5,Closed
INC-05243,SITE-006,2026-03-07,Fire,High,51.2,Person break eye dark must rock lawyer able place alone after.,Sensor Malfunction,3.8,Closed
INC-03137,SITE-003,2024-11-11,fire,High,61.8,Along animal since research information.,Valve Failure,3.8,Closed
INC-01133,SITE-001,2026-04-09,Near Miss,Medium,83.7,Lose meet green east buy security hope candidate miss.,Valve Failure,4.6,Under Investigation
INC-05599,SITE-003,2024-08-27,Near Miss,Medium,81.5,Live machine one money take tree sister per.,Valve Failure,2.8,Under Investigation
INC-05321,SITE-003,2025-05-31,Equipment Failure, Critical,17.7,Day trouble identify identify structure.,Sensor Malfunction,14.4,Under Investigation
INC-04874,SITE-002,2025-11-25,Near Miss,Med,76.6,Response process system marriage peace their home above region establish just morning.,Corrosion,14.1,Open
INC-04916,SITE-006,2026-07-23,Leak,CRITICAL,52.6,Good idea nothing while nothing large require.,Material Fatigue,4.7,Under Investigation
INC-04777,SITE-003,2026-02-18,Equipment Failure,High,58.3,Herself prevent bad picture health teacher young quite seek beautiful next reason car themselves language or.,Material Fatigue,6.3,Open
INC-05453,SITE-002,2026-03-25,Near Miss,Low,84.8,Poor day international front edge million indicate fund.,Sensor Malfunction,4.4,Open
INC-04250,SITE-003,2025-01-20,Near Miss,,72.7,Floor draw break performance.,Sensor Malfunction,5.5,Closed
INC-03322,SITE-001,2024-05-12,Equipment Failure, Low,93.7,Behavior responsibility serious bar two many never.,Corrosion,2.8,Under Investigation
INC-04429,SITE-003,2026-01-11,Equipment Failure,Critical,22.5,Example get rule sometimes each exist figure military position.,,2.1,Under Investigation
INC-01564,SITE-006,2024-06-07,Spill,,-5.0,Among watch respond treat indeed art claim than down red deep movie product scientist.,Sensor Malfunction,4.7,Closed
INC-04269,SITE-003,2023-12-04,Leak,Low,76.9,Me information more rich billion leave main environmental model energy war set.,Sensor Malfunction,1.4,Open
INC-05929,SITE-003,23-Feb-2024,,Critical,28.1,Middle people road let bill once sell have end expert laugh likely wide affect.,Material Fatigue,20.9,Open
INC-05123,SITE-002,2024-01-22,Spill,Lo,91.8,People goal only without.,,6.3,Open
INC-04960,SITE-004,2026-09-01,Equipment Failure,Low,84.9,Live feel knowledge serve act relationship control near billion bill surface yourself.,Valve Failure,8.0,Under Investigation
INC-04638,SITE-004,2025-06-27,Equipment Failure,Low,88.9,Performance affect you issue force door computer physical happy spend play crime score.,Third-party Damage,2.5,Under Investigation
INC-05877,SITE-001,2026-04-10T00:00:00Z,Leak,,81.1,Public recent election nice join.,,10.7,Open
INC-05721,SITE-001,14/10/2024,Fire,Medium,68.0,Grow nature health.,Corrosion,3.8,Open
INC-02595,SITE-004,2023-08-22T00:00:00Z,Spill,High,47.5,Today size outside people answer foot morning his adult happen test identify.,Valve Failure,7.0,Under Investigation
INC-05872,SITE-004,2025-03-01,Equipment Failure,Medium,85.1,Between democratic several address itself hospital.,Third-party Damage,7.4,Closed
INC-05136,SITE-005,2025-02-06,Near Miss,Low,84.3,World car opportunity mind center sound.,Valve Failure,4.3,Closed
INC-03829,SITE-001,2025-07-06,Spill,,68.3,Type ready stage result keep gas cultural because authority care only free.,Operator Error,4.0,Under Investigation
INC-00350,SITE-003,2023-11-14T00:00:00Z,Leak,critical,49.7,Meet executive well skin make visit what trade former bar beautiful here.,Operator Error,4.3,Open
INC-02399,SITE-005,2026-05-25,Equipment Failure,low ,84.4,Put investment seem scene church pattern I service.,Operator Error,3.6,Closed
INC-03161,SITE-003,2025-01-22,Equipment Failure,Critical,33.5,Media myself answer argue current feeling remember point.,,0.4,Open
INC-02259,SITE-002,2023-09-17,Fire,Medium,68.9,Tough describe center walk physical major.,Third-party Damage,8.1,Under Investigation
INC-03517,SITE-006,2024-05-27,Spill, Critical,30.8,Surface family political behavior seat bed anyone red magazine manager describe hour.,,7.1,Closed
INC-04545,SITE-002,2024-09-06T00:00:00Z,EQUIPMENT FAILURE,low,95.3,Type interesting officer general after lawyer another president story can name hope what.,Material Fatigue,2.3,Open
INC-00119,SITE-004,2024-12-26,Near Miss,,61.6,Line may enter very personal window company modern wonder.,Operator Error,2.2,Under Investigation
INC-03364,SITE-005,21/11/2024,Leak,Low,86.5,Decision run he case particularly important.,Third-party Damage,5.2,Closed
INC-01090,SITE-003,01/15/2025,Leak,Low,86.7,Focus court difference involve around check let night can specific.,Operator Error,4.4,Closed
INC-04391,SITE-004,2025-01-24,Equipment Failure,Low,92.2,Member town seat born laugh financial Republican would reality.,Sensor Malfunction,17.3,Open
INC-04930,SITE-005,2025-09-09,Equipment Failure,High,53.6,Travel ago act different one sense hot return attention stop order three.,Valve Failure,9.8,Under Investigation
INC-03288,SITE-006,2023-08-17,Leak,Medium,72.4,List list when article special general can seat.,Material Fatigue,0.1,Under Investigation
INC-01281,SITE-006,2023-10-26,Fire,Medium,71.2,Energy mother start close difficult laugh television magazine past.,Valve Failure,6.5,Under Investigation
INC-02053,SITE-004,2024-05-08,Near Miss,High,57.9,Senior political their continue scientist also baby allow time every.,Valve Failure,9.5,Closed
INC-03848,SITE-002,22-Sep-2023,Near Miss,Low,84.5,Detail top big place such college position.,Corrosion,7.5,Open
INC-02152,SITE-001,05-Oct-2025,Spill,High,58.1,Clear dream last treatment allow assume professor including reality where image south letter.,,15.1,Open
INC-02055,SITE-006,01/20/2026,SPILL,critical,45.6,Be top single pick who positive cut manager thing site travel.,Third-party Damage,5.1,Open
INC-02948,SITE-003,2025-01-02T00:00:00Z,Fire,High,51.7,Expert list nor year start office.,Third-party Damage,18.9,Under Investigation
INC-04718,SITE-003,2025-02-25,Leak,CRITICAL,63.3,Shake economic factor newspaper daughter good child often significant fish seek hope.,Corrosion,8.7,Open
INC-00015,SITE-003,2026-09-27,Spill,Critical,48.2,Dark study environment behind quality today play wait cold during city part cost close.,Corrosion,8.7,Under Investigation
INC-04223,SITE-003,2024-03-22,Equipment Failure,High,43.1,East evening southern real really safe exist no size share size.,Operator Error,2.5,Open
INC-03581,SITE-004,2025-10-10T00:00:00Z,Near Miss,Low,91.4,Foreign one might work cost cultural issue whatever.,Operator Error,3.0,Closed
INC-03196,SITE-002,2024-09-28,Equipment Failure,High,54.9,Bill career expert dog agent property politics economy up.,Material Fatigue,1.0,Closed
INC-02757,SITE-006,2024-05-12,Spill, High,64.0,Run begin executive do star specific food door film.,,16.6,Closed
INC-01974,SITE-003,2023-10-30,Leak,Critical,62.1,Phone Democrat ago Mr direction piece forward nice ahead.,Operator Error,19.9,Under Investigation
INC-00345,SITE-002,2026-03-22,NEAR MISS,Critical,32.8,Nothing space task.,Valve Failure,3.6,Closed
INC-02497,SITE-006,2024-08-21,Equipment Failure,Critical,47.5,Star reach mouth security special unit nor.,Valve Failure,12.7,Closed
INC-04507,SITE-005,2025-04-30,Near Miss,MEDIUM,85.1,Friend hear collection country spring social lawyer arm house popular eye effect song behind behind street car above.,Material Fatigue,5.3,Under Investigation
INC-01578,SITE-001,2025-05-17,Spill,Medium,78.9,Act instead whose movie brother relate throw history public long law culture you apply.,Sensor Malfunction,12.7,Closed
INC-03895,SITE-002,2025-02-11,Spill,Medium,72.9,Grow tend case born letter change dark contain.,,18.7,Under Investigation
INC-03924,SITE-002,2025-04-16,Equipment Failure,High,53.0,Allow material scientist church far available type avoid explain century term attorney thank full pull year wish.,Valve Failure,8.7,Closed
INC-01466,SITE-003,2024-01-14,FIRE,CRITICAL,-12.3,Difference add coach fast pretty resource eat.,Material Fatigue,6.3,Under Investigation
INC-00649,SITE-005,2025-08-13,Leak,Low,98.1,Sit will public western six hard president hand hard tell far student.,Sensor Malfunction,12.2,Under Investigation
INC-03237,SITE-002,2025-11-14T00:00:00Z,equipment failure,Low,92.6,Art country candidate fight real science Democrat room.,Valve Failure,16.7,Under Investigation
INC-03062,SITE-004,2024-01-12,Fire,Medium,80.1,Few but full car through job nice really seven economy think memory major house capital own radio.,Third-party Damage,11.7,Under Investigation
INC-03177,SITE-001,2024-12-23,Near Miss,Med,74.8,Political arrive audience suddenly history father author surface.,,1.5,Closed
INC-00821,SITE-001,2026-10-01,Fire,Low,89.1,Pass machine whose table democratic.,Material Fatigue,12.0,Closed
INC-04240,SITE-005,17-Jan-2025,Spill,Low,150.0,Real public company leave among lot walk this seek relationship church few.,Corrosion,5.8,Under Investigation
INC-05379,SITE-006,2025-09-17,,Critical,36.7,Example kind attention fire even human hope about peace quite meeting room.,Valve Failure,21.7,Under Investigation
INC-03233,SITE-002,22-Apr-2024,Spill,Medium,70.9,No produce practice fish hotel kitchen simply customer.,Operator Error,3.4,Under Investigation
INC-02372,SITE-004,2025-06-05,Near Miss,medium,89.4,Idea enjoy dog oil face.,Material Fatigue,17.6,Closed
INC-02941,SITE-005,2023-11-22,,Low,82.0,Page design out call age director case on crime why.,Operator Error,3.6,Under Investigation
INC-03160,SITE-003,2023-12-07,Leak,Critical,104.0,Upon mention argue voice discover gun prepare.,Material Fatigue,8.5,Under Investigation
INC-04482,SITE-003,2025-04-12,Near Miss,Medium,59.9,Do soldier reflect cost your career stuff debate.,Material Fatigue,26.5,Closed
INC-00254,SITE-005,2024-07-03,Equipment Failure,Critical,40.3,Shake build popular father car his stage Mr apply herself where.,Valve Failure,14.1,Closed
INC-04978,SITE-001,2026-06-02,Spill,LOW,83.5,Those oil mind effort market seven election expert full establish draw focus seek enough.,Material Fatigue,24.4,Open
INC-02956,SITE-005,2024-08-08,Near Miss,High,87.8,Voice approach for good government season hospital special human pretty cause right see radio high.,Sensor Malfunction,14.9,Open
INC-04415,SITE-006,07/08/2025,Spill,High,58.3,Relate simply himself improve civil security south draw left.,Corrosion,11.6,Under Investigation
INC-01439,SITE-002,09-Nov-2024,Near Miss,Medium,83.8,Together cup do rise society lead book movement such for.,Corrosion,5.0,Open
INC-04660,SITE-003,2025-12-13,Equipment Failure,High,66.2,Age guy member that company computer.,,8.4,Closed
INC-02413,SITE-001,2025-07-20,Leak,,97.6,Mr include size nature well find.,Third-party Damage,15.4,Closed
INC-02071,SITE-003,2025-05-07,Near Miss,Low,87.3,Reason place boy establish serious factor meeting each can decide standard.,Operator Error,5.2,Open
INC-00322,SITE-005,2026-04-15,Near Miss,Low,85.8,Medical item left theory rest bit against.,,3.2,Open
INC-01532,SITE-002,2025-05-04,Equipment Failure,Low,94.3,Occur me international growth kid care staff whether article.,Corrosion,17.4,Under Investigation
INC-04776,SITE-005,2025-11-17,Equipment Failure,Medium,65.0,Detail shake response main feel service health seem entire ability prepare like boy as blood.,Valve Failure,4.7,Open
INC-05864,SITE-001,2024-05-03,Equipment Failure,Medium,78.4,Smile other suffer wait tough war seat activity none guy parent newspaper him even bed water toward thank everyone.,Operator Error,3.0,Closed
INC-03536,SITE-003,17-Sep-2023,Leak,High,53.6,Detail measure gas else story keep administration relationship arrive source movie say right.,Third-party Damage,4.4,Closed
INC-02546,SITE-005,2024-09-25,Leak,Low,91.2,Bring card just black board magazine stand rather blood artist want.,Sensor Malfunction,9.5,Open
INC-03356,SITE-006,2024-02-23,Leak,Medium,67.6,Exist change student speak best measure daughter Democrat year.,Corrosion,9.3,Under Investigation
INC-01813,SITE-006,2026-07-11,NEAR MISS,Critical,50.0,Group ball visit throughout gas fill job most.,Corrosion,26.2,Closed
INC-02791,SITE-005,08/05/2024,Near Miss,Low,83.4,Great attention city protect writer fact your economic personal response sound quality.,Operator Error,8.4,Open
INC-04401,SITE-001,2026-04-02,Near Miss,Critical,50.9,Husband forward become need point here back.,Valve Failure,7.0,Open
INC-05727,SITE-005,2025-12-14,Equipment Failure,Medium,82.5,Letter agent case computer never yes suddenly specific interesting offer.,Material Fatigue,22.1,Under Investigation
INC-01415,SITE-006,2025-05-05,Near Miss,High,54.2,Activity serious glass east bar risk perhaps wish this coach economy carry paper.,Material Fatigue,5.6,Open
INC-04503,SITE-001,2024-04-13,Leak,Low,94.1,Attorney compare specific away move pretty.,Corrosion,6.0,Open
INC-00514,SITE-001,21/08/2023,,Critical,58.2,These consider notice threat material good truth use very be around laugh reveal whatever.,Valve Failure,13.4,Under Investigation
INC-05433,SITE-001,2024-12-17,Near Miss,Medium ,61.2,Foot mother should community section with husband range future certainly rest week long quality which either list short major old.,Corrosion,21.9,Closed
INC-04004,SITE-001,2025-06-02,Near Miss,Medium,76.4,It none network offer soon place seven every.,Corrosion,10.0,Under Investigation
INC-04681,SITE-003,26/11/2024,Leak,Med,71.2,Federal pattern dog budget still PM on water.,,8.7,Closed
INC-04748,SITE-005,2023-09-09,Equipment Failure,Low,84.4,Business raise without chance.,Material Fatigue,12.0,Under Investigation
INC-01510,SITE-001,2025-02-23,Equipment Failure,Medium,60.3,Truth born back rich.,,9.6,Open
INC-04057,SITE-005,2024-02-21,Near Miss,Medium,78.1,But story address beyond house example so.,Material Fatigue,11.2,Closed
INC-00975,SITE-003,11/25/2023,Equipment Failure,High,61.7,Pick five each air money keep full nation house staff child him get.,Valve Failure,3.1,Closed
INC-01622,SITE-003,2025-08-03,Spill,High,78.0,Short understand contain somebody three degree first author positive stuff modern coach majority city admit loss same hotel.,Material Fatigue,1.5,Under Investigation
INC-00493,SITE-003,2024-05-16T00:00:00Z,Spill,High,60.1,Occur try yourself piece write southern respond father receive there wish investment believe wide beyond quite your card.,,11.8,Closed
INC-05740,SITE-002,2026-06-01,Fire,,67.9,Bag subject here she in traditional reason notice leave book apply if.,Corrosion,17.7,Under Investigation
INC-04810,SITE-002,2024-03-19,Fire,Medium,76.4,Present just anyone election establish sea tonight me bit bar hair spring.,Operator Error,12.4,Open
INC-04893,SITE-005,02/05/2025,Near Miss,Low,94.9,Weight mention campaign yard talk base peace require public so energy decide.,,11.9,Open
INC-00461,SITE-001,2026-03-09,Leak,Medium,75.5,Back myself various over brother affect similar they imagine.,,7.2,Under Investigation
INC-05175,SITE-006,2026-07-25,Fire,High,48.9,Ten church move good feel alone type six which.,Operator Error,6.9,Open
INC-00253,SITE-002,2024-03-09,Near Miss,Medium,74.0,Space manage start than interest indeed foot sister much baby.,Third-party Damage,6.9,Closed
INC-05849,SITE-001,2024-01-16,Fire,Low,104.0,Into follow before goal material.,Valve Failure,11.7,Closed
INC-03575,SITE-003,2023-10-08, fire,Critical,45.5,Wonder threat hospital six age guess military then hotel change among class community news involve together blue.,Operator Error,9.3,Open
INC-03505,SITE-004,2026-10-03,Near Miss,Hi,59.7,Suggest image new remain able together he senior themselves.,Material Fatigue,9.3,Closed
INC-02318,SITE-003,2025-06-11,Equipment Failure,Critical,52.0,Ready laugh table population politics require official yet.,Valve Failure,6.2,Open
INC-00573,SITE-004,2025-04-03,Near Miss,,48.2,Call air my resource teacher scene.,Operator Error,2.7,Open
INC-01222,SITE-003,2025-11-21,Leak,Crit,38.5,Red fire help able even good country center read herself school.,,4.8,Under Investigation
INC-03113,SITE-006,2024-06-07T00:00:00Z,Leak,High,60.1,Hope while protect gun member key form dark price.,Valve Failure,11.6,Under Investigation
INC-00307,SITE-002,2024-02-29T00:00:00Z,Equipment Failure,Medium,59.6,Area current spend sister arm couple garden use.,Valve Failure,11.7,Closed
INC-05500,SITE-002,2026-01-15,near miss,Low,96.6,Yourself contain culture the seven now also contain.,Corrosion,1.1,Closed
INC-03024,SITE-004,2024-04-07,Leak,High,58.5,Science dream generation choose check act end peace billion good.,Valve Failure,8.5,Under Investigation
INC-01196,SITE-005,2025-05-22,Equipment Failure,Medium ,68.1,Fly there start ability nearly chair rate.,Material Fatigue,5.6,Closed
INC-00995,SITE-005,2026-05-18,Near Miss,Medium,81.4,Camera hear quickly away deal character heart tough prevent view strategy.,,9.6,Closed
INC-01786,SITE-002,2023-12-11,Near Miss, medium,69.2,Leave purpose seven floor outside ever full may organization available write set human level piece girl.,Material Fatigue,4.9,Open
INC-05801,SITE-003,03/22/2026,Spill,Critical,50.3,Build stage area body hour race expert.,Corrosion,3.4,Under Investigation
INC-00031,SITE-001,2025-01-30,Leak,Low,85.0,Mission nice much task drive shake side short.,Third-party Damage,4.7,Closed
INC-05390,SITE-004,2025-08-22,Near Miss,low,95.1,Forward bill boy head go girl tax you fund Congress such put wish record trial strong include something charge keep.,Corrosion,9.6,Closed
INC-00133,SITE-002,2023-11-24,Near Miss,Low,88.8,Hope personal sport recently check according skin than become result late.,Corrosion,7.6,Closed
INC-00470,SITE-001,2024-08-15,Near Miss,Low,94.7,Increase style party better magazine task window fire system spend population particularly return.,Valve Failure,1.7,Closed
INC-05387,SITE-001,03-Nov-2023,Equipment  Failure,Medium,67.9,Within cultural common particular memory.,Corrosion,3.9,Closed
INC-04891,SITE-006,2024-11-30,Equipment Failure,High,69.1,Test many up should morning father forget social consumer five upon picture gun.,Sensor Malfunction,3.1,Closed
INC-01467,SITE-004,2025-04-30,EQUIPMENT FAILURE,Medium,64.0,Blue reduce difficult treat she research defense understand it next wait wonder light task either need pressure.,,4.6,Closed
INC-02778,SITE-002,2025-11-18,Equipment Failure, Low,91.6,Specific serve central explain put five sea because across board center agency box.,Sensor Malfunction,5.7,Open
INC-04256,SITE-004,2023-08-04,Equipment Failure,Low,83.7,Early career new notice body garden city fall sign debate.,Corrosion,9.5,Open
INC-02951,SITE-006,2026-04-28T00:00:00Z,Leak,Critical,47.6,Method find large although nice either necessary minute need.,Sensor Malfunction,12.1,Open
INC-00089,SITE-006,2025-12-09,Leak,Critical,51.4,Generation politics audience state place since movie partner indeed detail.,Sensor Malfunction,2.9,Open
INC-04696,SITE-003,2024-02-26,Fire,High,78.6,Consider political answer his tell top figure try single sing him which international development no bring.,,4.5,Open
INC-00753,SITE-002,2026-08-15,Equipment Failure,Critical,63.2,Culture picture knowledge speech himself though TV result.,Third-party Damage,14.9,Open
INC-01549,SITE-003,2025-02-27,Near Miss,High,71.3,Discussion decision sense agreement father necessary address region.,Operator Error,7.6,Closed
INC-01135,SITE-003,31-Jan-2024,Equipment Failure,Critical,26.3,Whose industry win open.,Valve Failure,3.7,Closed
INC-03873,SITE-001,2023-10-03T00:00:00Z,Near Miss,Low,86.6,End mention behavior land data economy room.,Sensor Malfunction,6.9,Closed
INC-03435,SITE-004,2025-05-04,Spill,High,57.5,Share road thus early painting church education.,Valve Failure,2.2,Closed
INC-02087,SITE-004,2026-07-17,Fire,Low,88.8,Quickly item medical various no call person force owner might.,Valve Failure,4.6,Closed
INC-02331,SITE-005,2025-03-27,Equipment Failure,Low,83.2,Very wait plan style writer plant fast garden very others environment life have.,Operator Error,8.2,Closed
INC-01700,SITE-005,11/18/2023,Leak,Low,86.6,Agent agent wear minute old little nice authority.,Valve Failure,16.7,Open
INC-05948,SITE-001,2026-04-07,Equipment Failure,Medium,65.2,Manage fly future factor food wonder maintain.,Operator Error,5.7,Closed
INC-01254,SITE-002,2024-10-30,Leak,,63.5,Big marriage Mrs forget discover ok scientist.,Valve Failure,17.8,Open
INC-01037,SITE-004,2024-06-09,Fire,Medium,57.1,Collection type institution agent figure.,Third-party Damage,3.8,Open
INC-02819,SITE-001,06/06/2025,Equipment Failure,High,48.4,Man run theory amount job site purpose.,Third-party Damage,18.9,Open
INC-03519,SITE-003,2026-06-04,,High,72.7,Beat I lose first enjoy appear face see.,Sensor Malfunction,5.7,Closed
INC-05091,SITE-003,2025-05-29,Near Miss,High,52.8,Information include ability agent none expect method financial material leave list.,Third-party Damage,9.5,Under Investigation
INC-04246,SITE-003,2026-03-16,Spill,high,57.7,Game fine film director security culture edge old.,Sensor Malfunction,13.5,Open
INC-04405,SITE-004,2024-12-15,NEAR MISS,High,60.0,Type per keep small drive employee of bed without first discuss.,Corrosion,14.8,Open
INC-00369,SITE-004,2023-10-18,Spill,Critical,58.7,Boy get current support common magazine its write land order science according fire wrong very will.,Valve Failure,1.0,Closed
INC-01282,SITE-005,2025-09-05,Near Miss,High,70.5,Opportunity air indicate within fast because sister thank cut spring building account.,Valve Failure,3.4,Open
INC-02119,SITE-001,2025-09-23,Leak,Low,77.3,Baby certain leader stop company yourself plant like she white whose agent.,Valve Failure,7.9,Under Investigation
INC-04010,SITE-005,2024-02-29,Near Miss,Low,82.4,More expect range family discover can my.,Third-party Damage,8.8,Under Investigation
INC-04647,SITE-002,2026-03-28T00:00:00Z,Equipment Failure,,84.5,Future into try employee data ready game travel join charge seven our produce.,Third-party Damage,11.9,Closed
INC-03380,SITE-005,04-Aug-2023,Near Miss,High,53.3,Establish them guy human economy skin continue.,Third-party Damage,5.6,Closed
INC-02377,SITE-004,2023-12-28,Fire,Medium,79.0,Anyone whether third receive party thing off meet great policy.,Third-party Damage,12.1,Under Investigation
INC-04876,SITE-002,2025-12-31,Near Miss,,79.9,Could discussion soon brother positive this range past mouth meet.,Sensor Malfunction,14.0,Closed
INC-01000,SITE-003,2025-07-23,Fire,,63.8,Which myself Mrs involve per commercial feeling box.,Operator Error,5.0,Open
INC-05346,SITE-004,2025-09-05,Near Miss,,75.2,Growth next side senior forget bad do.,Third-party Damage,7.5,Closed
INC-01358,SITE-005,18-Jul-2026,Spill ,Medium,86.7,Effect hard point remember way lot commercial music form up somebody while general right public first.,,12.2,Closed
INC-02999,SITE-003,2023-08-09, Leak,Critical,71.1,According through themselves number window real.,,20.4,Closed
INC-00005,SITE-006,2026-01-14,Leak,High,71.4,Prove expert nor art door pull tree.,Valve Failure,11.6,Closed
INC-00178,SITE-005,2026-04-15,Equipment Failure,Low,79.6,Appear including card computer positive home ago.,,3.5,Closed
INC-00529,SITE-003,27/12/2024,Leak,Critical,50.8,Career them fear minute happen another instead fill he tax let else to determine beyond produce throughout program child.,Sensor Malfunction,5.5,Open
INC-02989,SITE-003,30/04/2025,Leak,High,55.1,Interview rather politics actually always small family.,Operator Error,7.4,Under Investigation
INC-04184,SITE-003,2023-08-16,Leak,High,58.9,Future board thought what magazine soon soldier economic send night political western truth least sometimes.,Third-party Damage,2.9,Open
INC-03724,SITE-001,2024-05-05,spill,High,71.7,Our child show daughter product opportunity.,,13.1,Under Investigation
INC-00705,SITE-003,2025-06-11,Leak,High,45.7,Safe let watch eight dog.,,10.9,Under Investigation
INC-01114,SITE-004,2023-08-18,Near Miss,Low,87.0,On future remain section stage education rock light shake approach money work some wear me majority country.,Valve Failure,0.3,Closed
INC-05169,SITE-005,2026-05-18,Spill,Medium,74.8,However six leg film use.,Sensor Malfunction,3.6,Under Investigation
INC-03816,SITE-005,2025-07-30,Equipment Failure,High,57.6,I ask where collection week feel quickly country those.,Corrosion,16.6,Open
INC-02701,SITE-004,2025-04-11,Spill,Medium,90.7,Himself animal traditional rock part since political road.,Corrosion,8.1,Closed
INC-02848,SITE-001,2025-02-08,Fire,low,90.8,Investment head style yes expert paper reduce full former.,Sensor Malfunction,14.3,Under Investigation
INC-04888,SITE-005,2025-09-17,Equipment Failure,High,78.3,Firm feeling pretty language prevent dog lot knowledge they movie.,Sensor Malfunction,6.6,Closed
INC-04516,SITE-004,18-Sep-2024,Equipment Failure,Low,84.7,Shoulder adult ready with wear history draw idea huge condition piece.,Valve Failure,12.5,Closed
INC-03914,SITE-004,2026-03-31,Near Miss,High,56.3,Wrong big bad fund lot.,Third-party Damage,5.5,Under Investigation
INC-03416,SITE-003,2024-01-07T00:00:00Z,Spill, High,60.6,Fact various raise could authority walk.,Corrosion,6.4,Open
INC-03935,SITE-001,2025-04-25,Equipment Failure,Medium,-12.3,Morning money chair wide himself professional.,Third-party Damage,9.1,Open
INC-01820,SITE-002,2026-06-05,Near Miss,Low,95.5,Foot simply act performance property land.,Material Fatigue,3.3,Closed
INC-05244,SITE-006,2026-07-02,Fire,High,68.0,Better art cause need address region why pass similar opportunity someone the close human quality receive always.,Operator Error,13.6,Closed
INC-01205,SITE-002,2024-09-15,Leak,low,77.9,Someone trip civil of almost evidence.,Operator Error,10.8,Under Investigation
INC-05780,SITE-005,2023-12-10,Near Miss,Low,83.4,Answer summer public month artist.,Operator Error,14.1,Closed
INC-01278,SITE-005,06/06/2025,Near Miss,High,69.8,Federal authority rest picture ok.,Sensor Malfunction,0.1,Under Investigation
INC-03332,SITE-006,2025-02-03,Equipment Failure,Medium,75.0,Interest information trial may such prove significant stop student loss.,Valve Failure,2.3,Under Investigation
INC-03906,SITE-006,2024-12-01,Near Miss,Critical,34.0,Performance police service thank worker house professor issue us.,Valve Failure,10.5,Closed
INC-00931,SITE-004,2024-11-28,near miss,Low,90.4,Need particularly sense while tend make relationship sound success.,Third-party Damage,6.8,Open
INC-02214,SITE-006,2024-02-25,Spill,Critical,47.1,Quickly rich toward activity its check rather seek another.,Sensor Malfunction,15.3,Open
INC-00681,SITE-004,2024-11-14,Equipment Failure,Medium,82.9,Group stay south great no or magazine whatever these since how not often.,Valve Failure,7.5,Open
INC-00829,SITE-006,20-Aug-2023,Spill,Low,90.2,Second world cost could head which represent large make Mrs share reality choose door assume.,Material Fatigue,9.3,Under Investigation
INC-03321,SITE-002,2026-03-07T00:00:00Z,Equipment Failure,Medium,68.3,Two young pretty there yeah challenge accept south shoulder protect exactly seven can book born ground can poor.,,5.2,Under Investigation
INC-02166,SITE-002,2025-10-13,Fire,High,48.8,Where resource risk sing shake political audience attack.,Sensor Malfunction,5.9,Closed
INC-01004,SITE-006,2026-04-09,Leak,Low,82.7,Parent where woman true to authority decision month lead company upon present strong order want.,Sensor Malfunction,5.4,Open
INC-01153,SITE-004,2025-04-07,,High,65.9,Moment see thought that matter nice painting let nearly manage agent.,Operator Error,3.3,Closed
INC-05199,SITE-005,2026-06-07,Spill,High,72.5,Responsibility blood generation southern safe work attorney win professor case movie exactly anyone sort.,Third-party Damage,2.7,Under Investigation
INC-02799,SITE-001,08/21/2025,Fire,Med,85.6,Join their tough there do industry student his skin rather.,Valve Failure,9.3,Under Investigation
INC-00839,SITE-005,2024-06-29,Leak,Medium,63.0,Type parent bed wear news pass good reality rich arm.,Material Fatigue,2.6,Under Investigation
INC-01694,SITE-006,2025-04-17,Leak,Hi,68.7,Hour or hard thousand performance middle natural without example serious energy reason example enough.,Sensor Malfunction,32.1,Closed
INC-03928,SITE-006,07/10/2023,Spill,Medium,70.6,Director recognize year get seek campaign cut inside toward meet.,Operator Error,8.9,Open
INC-00574,SITE-004,2026-02-03,Leak,Medium,66.7,Prevent today realize follow image weight.,Operator Error,38.8,Closed
INC-00169,SITE-005,2023-09-12,Spill,Medium,115.7,Clearly factor each green chance soon.,Corrosion,6.9,Under Investigation
INC-02653,SITE-001,2023-09-08,Near Miss,Med,81.4,Turn positive decision price six movie by hour feel theory statement southern especially.,Material Fatigue,6.0,Under Investigation
INC-00902,SITE-002,2025-08-04T00:00:00Z,Leak,Low,84.0,Today art themselves nation measure magazine culture measure drug pull affect force.,Third-party Damage,6.0,Under Investigation
INC-02864,SITE-002,30/01/2026,Equipment Failure,Medium,74.1,Finally election rest much inside recent similar arm.,Material Fatigue,5.6,Under Investigation
INC-01223,SITE-005,2025-10-18,Spill,Critical,72.7,Source hotel check level wide situation success.,Material Fatigue,6.4,Closed
INC-02065,SITE-002,2024-09-18,Equipment Failure,Lo,98.7,Buy situation I add company ever.,Operator Error,1.4,Open
INC-03149,SITE-002,2024-06-14,Near Miss,Low,88.9,Nothing important reflect lot measure at bit development young parent entire song use wear.,Corrosion,8.1,Open
INC-04374,SITE-006,2024-08-27,Spill,Medium,81.9,Conference play machine call.,Third-party Damage,5.5,Under Investigation
INC-01728,SITE-003,12-Nov-2025,Minor Spill,Medium,86.7,Present alone structure including by early various role top military.,Corrosion,4.7,Closed
INC-05953,SITE-002,14/03/2025,Equipment Failure,medium,77.8,After fill knowledge listen station morning.,Valve Failure,16.3,Closed
INC-05291,SITE-002,2024-09-22,Near Miss,Low,87.1,Before young paper use television wear box my.,Valve Failure,6.5,Under Investigation
INC-00786,SITE-003,07/02/2026,Spill,,76.0,Information himself return from issue audience out draw goal news various.,Third-party Damage,8.7,Open
INC-01043,SITE-003,10/09/2025,Spill,High,43.0,Father somebody son room mention suddenly design begin bad our.,Third-party Damage,5.3,Closed
INC-03408,SITE-003,2024-01-16,LEAK,Medium,82.5,White service throw southern Mr knowledge over deep few executive theory girl.,Operator Error,3.6,Under Investigation
INC-01197,SITE-002,2025-08-31,Leak,High,65.1,Work suddenly by south put available.,Third-party Damage,1.2,Under Investigation
INC-01612,SITE-006,2023-11-26,Leak,High,65.1,Two standard check agent perhaps feel gas woman class whom scene of administration food professor.,Material Fatigue,11.9,Under Investigation
INC-05205,SITE-006,2024-01-16,Spill,Medium,75.4,Heart main choose happen station few various interview home some wear pick soon right.,Corrosion,7.9,Open
INC-01661,SITE-002,2026-08-30,Leak,Critical,35.6,Consider candidate decision consider effort cost.,Corrosion,13.7,Under Investigation
INC-02416,SITE-006,16/08/2024,Leak,Low,91.9,Important list black hit specific full require.,Valve Failure,21.7,Under Investigation
INC-00665,SITE-004,10-Mar-2024, spill ,Low,81.0,Close return data section forget station bag me score citizen.,Third-party Damage,6.4,Under Investigation
INC-05424,SITE-002,2024-07-26,Equipment Failure,High,47.6,Hour song consider security imagine operation media out.,Material Fatigue,9.5,Open
INC-04976,SITE-004,2025-05-14T00:00:00Z,Equipment Failure,Medium,68.7,Reflect pressure Congress of stand respond.,Sensor Malfunction,6.8,Under Investigation
INC-02581,SITE-004,11/15/2023,,Low,90.2,Every first much stuff read late.,Operator Error,8.1,Under Investigation
INC-01797,SITE-006,2023-08-16,Spill,Low,80.7,Least with pass treatment yard community board box huge enjoy.,Material Fatigue,7.0,Open
INC-02289,SITE-001,2024-05-14,EQUIPMENT FAILURE,Medium,67.5,Interesting force officer ten player represent lay we pass lose professor.,Valve Failure,18.0,Closed
INC-03836,SITE-002,2024-09-22,Fire,Low,97.1,Term eye detail certain who somebody north letter authority feel allow.,Third-party Damage,6.0,Under Investigation
INC-05771,SITE-002,2024-10-11,Fire,High,81.2,After start wall some visit minute coach nothing produce student.,Corrosion,6.5,Open
INC-00822,SITE-006,2026-06-02,Spill,Low,89.8,Well truth without she assume where radio exist white nearly lot positive.,Material Fatigue,6.8,Under Investigation
INC-02247,SITE-004,2025-03-12,Fire ,Medium,60.0,Affect impact mean beat media stop catch through.,Operator Error,13.7,Closed
INC-00648,SITE-002,2024-01-11,Near Miss,Medium,77.6,Size film yes everything huge beautiful idea various some news show.,Corrosion,8.9,Closed
INC-02908,SITE-004,2024-11-03,Near Miss,High,67.4,Despite factor adult second compare check pull.,Valve Failure,14.7,Open
INC-03455,SITE-005,2026-02-25T00:00:00Z,Equipment Failure,Medium,74.7,Culture this state everyone want toward.,Corrosion,2.7,Open
INC-04919,SITE-001,06-Oct-2024,Equipment Failure,High,58.3,Until explain fact other common.,Corrosion,12.5,Closed
INC-04836,SITE-001,2023-12-24,,High,67.8,Success drive good develop training art.,Valve Failure,9.5,Open
INC-02089,SITE-003,2025-02-17,Fire,High,46.4,Green result amount pick source chance word account decision.,Third-party Damage,14.0,Under Investigation
INC-01631,SITE-001,2023-10-23,Spill,High,56.7,Would father among its trouble similar field close color fund wife success building live rather.,Material Fatigue,16.7,Under Investigation
INC-04883,SITE-003,2026-05-14,Equipment Failure,High,68.9,Nearly see technology if fact until hotel usually few manager each.,Sensor Malfunction,19.8,Closed
INC-03361,SITE-004,2024-03-08,Equipment Failure,Medium,71.1,Center grow interest whatever represent black production.,,5.6,Open
INC-05562,SITE-001,2026-02-27,Near Miss, High,62.4,Police firm assume pull produce.,Material Fatigue,14.9,Closed
INC-03267,SITE-005,2023-11-11,Fire,Critical,57.9,Not national matter side baby for sometimes.,Third-party Damage,11.9,Closed
INC-04641,SITE-002,2025-02-27,,HIGH,56.3,Color enough away finally person admit hospital cultural factor call style international even old.,Material Fatigue,4.6,Under Investigation
INC-02910,SITE-003,04/22/2025,Leak,,87.8,Likely move forget public dog matter along commercial change customer push when heart ready tax you hope.,Corrosion,4.6,Open
INC-00894,SITE-003,2026-04-07,Leak,Medium,88.1,Require child student put.,Sensor Malfunction,2.6,Closed
INC-02593,SITE-002,2024-06-21,Leak,Medium,70.1,Specific surface just chance open conference.,Sensor Malfunction,6.9,Open
INC-04880,SITE-002,2025-07-16,Equipment Failure,,60.3,Foreign give media send it able reflect option section dog.,Third-party Damage,5.3,Open
INC-01464,SITE-003,2024-02-23,Near Miss,Low,84.4,Much general the become find loss.,Valve Failure,12.4,Under Investigation
INC-03805,SITE-003,2024-12-23,,High,67.7,Management throw will base seem month name yes thousand culture production others watch.,Material Fatigue,2.2,Open
INC-01898,SITE-006,2025-02-27,Fire,Lo,96.1,Why after old stage simply exactly voice civil modern husband spend character once.,Operator Error,16.1,Closed
INC-04789,SITE-005,2026-07-02,Equipment Failure,Critical,54.9,Manager future four of author happen meet TV high bed.,Corrosion,4.4,Open
INC-03283,SITE-004,2025-12-06,Equipment Failure,High,63.7,Toward yes international father practice cut only claim a.,Material Fatigue,5.7,Under Investigation
INC-05138,SITE-005,2024-12-14,Equipment Failure,Critical,55.9,Congress board tough miss father do world decision material would almost effort despite prepare heart fight evening sing budget action.,Material Fatigue,12.6,Closed
INC-02618,SITE-003,2025-10-30,Near Miss,High,51.4,Mean rise improve benefit wide beyond market professional they day.,Material Fatigue,4.2,Open
INC-05523,SITE-002,2024-01-19,Near Miss,Medium,84.4,Find line yet live turn town financial food industry design yard source structure she.,Valve Failure,7.9,Under Investigation
INC-01883,SITE-005,2024-03-26,equipment failure,High,68.1,Address argue part college Mrs like research particularly receive employee their customer new that.,Corrosion,8.3,Open
INC-00519,SITE-001,2026-04-30,Equipment Failure,Med,77.8,Money fact again special clearly time ten.,,8.1,Open
INC-04289,SITE-006,2025-01-26,Spill,HIGH,62.1,Quite anything front again surface film college skill bed health by last perform.,Operator Error,6.6,Under Investigation
INC-03545,SITE-003,2026-03-18,Spill,Critical,36.0,Local sound who run.,Third-party Damage,9.8,Under Investigation
INC-01240,SITE-006,2025-08-01,Leak,Critical,57.0,Exactly room I industry structure couple poor maybe none need among several increase group think.,,6.4,Closed
INC-01271,SITE-006,2023-09-02,Leak,Critical,38.4,Same draw include language appear none real ball industry girl.,Material Fatigue,9.9,Under Investigation
INC-05480,SITE-003,2026-01-28,Spill,Critical,35.6,Risk perhaps represent guy fall nearly through certainly.,Valve Failure,8.6,Closed
INC-05769,SITE-006,2026-05-28,Near Miss,Medium,80.1,Energy cup seat practice sport dream factor same whose director hold more question energy similar their.,Sensor Malfunction,0.4,Closed
INC-03596,SITE-005,2026-03-20,Equipment Failure,Low,92.7,Mouth grow already method expect successful low break word best work affect table wrong onto that.,Operator Error,13.0,Open
INC-03166,SITE-002,2025-07-05,,Medium,79.8,Nation stand hear free anything pick social medical from three foot TV treat drop war.,Corrosion,5.7,Open
INC-02345,SITE-003,2025-02-19,Leak,MEDIUM,86.3,Glass best deal suddenly off receive the claim.,Material Fatigue,6.2,Closed
INC-02637,SITE-001,2024-03-28,Near Miss,Low,95.5,Feel thing next manager certainly far southern to market all or to.,Material Fatigue,2.8,Open
INC-01355,SITE-003,2024-11-15,Equip. Failure,Hi,56.8,Skin southern throughout mean experience left upon not.,Corrosion,12.2,Under Investigation
INC-03027,SITE-003,2026-09-26,Leak,,97.7,Agent available method create law check us here.,Sensor Malfunction,10.4,Open
INC-00944,SITE-003,2025-08-09,Spill,Medium,69.3,Coach change whatever push investment choose standard great hotel item daughter small coach early friend bar beat though history.,Corrosion,1.1,Open
INC-00875,SITE-002,2023-08-14,Spill,Medium,75.4,Determine way change beyond board act back serious phone.,Valve Failure,5.7,Closed
INC-00689,SITE-004,2025-08-17,Fire,High,66.3,Various surface wear clear threat create beat consider believe better mother.,Operator Error,1.6,Under Investigation
INC-00385,SITE-001,2023-12-09,Equipment Failure,High,55.8,After care trade six company through want test thing lawyer official sister recognize rise admit know value evidence election.,Operator Error,4.2,Open
INC-03530,SITE-006,2024-08-27,Equipment Failure,Low,85.7,Subject add government follow different those similar office wonder.,Valve Failure,1.8,Under Investigation
INC-05733,SITE-001,2024-07-27,Equipment Failure,High,56.6,Little central agency similar store across state.,Corrosion,12.9,Under Investigation
INC-02774,SITE-001,2024-04-25,Fire ,High,71.0,Able make plan respond practice assume everything eye picture sure type detail more executive character cup among population.,Material Fatigue,9.2,Open
INC-00305,SITE-003,2023-12-25T00:00:00Z,Spill,Medium,79.9,Apply ever within commercial public rate us growth need.,Third-party Damage,3.8,Open
INC-00226,SITE-005,2023-09-14,Fire,Low,91.6,Writer none face paper simply source street tonight.,Third-party Damage,1.7,Under Investigation
INC-02781,SITE-003,2024-12-20T00:00:00Z,Near Miss,crit,52.0,Fall religious until event among including marriage choice thus describe hope especially data rather Mr each thus.,Third-party Damage,17.6,Closed
INC-00153,SITE-002,2025-07-13,Spill,Medium,69.3,Season sound baby nearly special.,Third-party Damage,14.4,Closed
INC-00135,SITE-002,2025-05-31,Spill,Medium,81.8,Number town figure later relationship analysis message sense goal eight thousand in politics within pull pretty high wrong country under.,Third-party Damage,6.8,Under Investigation
INC-04032,SITE-003,2025-03-29,Spill,Medium,73.5,Than receive do significant produce ever fact turn three purpose street report foot place fund weight pattern.,Operator Error,3.8,Under Investigation
INC-05319,SITE-001,2024-12-09,Equipment Failure,Low,82.6,Item down environmental beat various.,Valve Failure,9.6,Closed
INC-04163,SITE-001,2023-11-09,near miss,Critical,44.9,Break third group best.,Valve Failure,5.6,Closed
INC-05087,SITE-006,2026-07-02,Spill,Critical,42.1,Question peace matter tend hit significant lawyer mother body teach national true foot bag figure moment magazine it.,Material Fatigue,3.9,Under Investigation
INC-04348,SITE-006,09/06/2025,Leak,Medium,87.4,Authority itself network he build factor say actually help space exactly around require pressure already wish vote.,Sensor Malfunction,2.7,Under Investigation
INC-04502,SITE-003,2025-03-17,Leak, Critical,46.5,Front magazine movement during series improve peace program dark bag court force store different.,Valve Failure,1.4,Closed
INC-00151,SITE-005,2024-06-16,Equipment Failure,Low,87.1,Policy prepare task action responsibility avoid measure often other feeling base.,Material Fatigue,3.6,Open
INC-03985,SITE-003,2026-04-14,Leak,Medium,69.4,Form conference social once any film newspaper parent support wish.,Material Fatigue,1.7,Closed
INC-00637,SITE-006,2024-06-01,Leak,High,82.8,Wall wonder herself single community indeed professional interesting establish design moment.,Corrosion,6.4,Closed
INC-05038,SITE-003,2025-08-01, Leak,High,48.6,Evidence read church within ground condition process animal impact.,Valve Failure,4.3,Under Investigation
INC-03315,SITE-001,2025-01-30,Near Miss,Low,104.0,Seem popular hour this although company able letter military include hold president.,Material Fatigue,10.0,Open
INC-02167,SITE-004,2025-08-14,Leak,Low,78.3,Second bit response this front scientist oil owner character.,,6.6,Open
INC-02614,SITE-003,2026-01-11,Leak,High,-12.3,Fall quality official church follow together style administration power.,Material Fatigue,12.5,Open
INC-02104,SITE-006,2026-07-14,Spill,Medium,72.9,Community off either manage fast expect class many.,Valve Failure,2.8,Closed
INC-04760,SITE-003,2024-02-13,Leak,Hi,44.3,Weight under western drive generation out work answer from woman almost daughter thought just.,Sensor Malfunction,0.8,Under Investigation
INC-04552,SITE-003,2025-02-25,leak,crit,53.2,Group see the special again half wall official interest later young specific behavior indicate.,,5.2,Open
INC-04083,SITE-001,2024-02-13,Fire,High,62.7,Movement tell that culture table present win.,Corrosion,7.6,Under Investigation
INC-01424,SITE-005,2025-11-09,Fire,Medium ,87.0,Couple around TV writer summer smile news participant group plan natural.,Valve Failure,8.6,Under Investigation
INC-02928,SITE-002,2025-08-18,Spill,HIGH,51.8,Do trip world difference class on there next different necessary director easy return that four significant better bank participant reason.,,2.1,Closed
INC-02859,SITE-006,2023-11-27,Leak,Critical,44.1,Toward present institution until research bank computer send the television hope store.,Sensor Malfunction,11.9,Open
INC-04303,SITE-004,2026-04-01,Spill,Low,89.1,Begin physical prove entire.,Corrosion,0.7,Open
INC-03150,SITE-006,2025-07-25,Equipment Failure,Critical,55.4,What around response evidence drive instead strategy open seven.,,4.2,Open
INC-02143,SITE-002,2025-01-19,Near Miss,Low,92.0,Care medical Mr degree mention under bring bring life tough.,Sensor Malfunction,2.0,Closed
INC-05127,SITE-001,2025-03-25,Equipment Failure,Low,100.0,Nice night foot product present attorney citizen high discover author near assume cost dog almost.,Corrosion,15.1,Closed
INC-02698,SITE-003,2026-05-14T00:00:00Z,NEAR MISS,High,66.1,Ago become across between record authority various drive investment.,Sensor Malfunction,9.1,Closed
INC-03065,SITE-004,2025-02-17,Near Miss,Medium,77.4,Couple base performance natural again data try learn same brother front investment up writer down wear.,Corrosion,4.8,Open
INC-05725,SITE-005,2025-07-10,Leak,High,61.6,Themselves executive line word agreement behind stage.,Third-party Damage,5.9,Closed
INC-00349,SITE-003,2024-03-04,Leak,Critical,39.6,Answer religious reveal effect a program born.,Sensor Malfunction,7.9,Open
INC-00177,SITE-004,2025-04-08, spill ,Critical,58.7,Including term far size.,Corrosion,2.8,Open
INC-00872,SITE-004,2026-05-16,Equipment Failure,High,58.6,Relate participant this physical help home task pick take activity back down.,Material Fatigue,9.6,Closed
INC-00709,SITE-005,10/29/2023,Near Miss,Low,76.4,Score response activity fight hear out sometimes any.,Corrosion,1.5,Closed
INC-02032,SITE-002,2024-12-19,Fire,Low,92.1,Effort whole marriage there hot land feeling agent sound.,Operator Error,9.5,Under Investigation
INC-04421,SITE-003,2025-08-11, spill ,High,50.7,Hotel hit machine system really mention continue myself.,,2.7,Open
INC-04273,SITE-005,2025-04-01,Fire,Medium,66.0,Democrat let to color show will third.,Valve Failure,20.3,Closed
INC-03750,SITE-005,2023-10-17,Near Miss,Low,88.6,Five cover avoid design sure allow hundred leg to movie deep mother author respond practice.,Material Fatigue,8.7,Closed
INC-05821,SITE-006,2023-07-29,Leak,High,56.1,Idea include girl image return Republican matter possible speak daughter century political another soon eye.,Corrosion,3.3,Open
INC-05848,SITE-001,2024-07-08,Leak,Med,85.4,Republican director respond city whether take although later wonder responsibility father soon first foot.,Operator Error,2.7,Under Investigation
INC-04781,SITE-006,24-Apr-2024,Spill,High,69.8,Task when the year since article daughter government.,Third-party Damage,4.5,Closed
INC-05234,SITE-004,2024-04-27,Equipment Failure,Medium,70.7,Project all forget red walk article deep nor walk occur difference air number.,,19.0,Under Investigation
INC-01746,SITE-004,2024-09-04,Near Miss,Low,85.5,World produce fact watch generation rule wide north hot oil election best require firm wind son moment list.,Sensor Malfunction,8.2,Closed
INC-04892,SITE-001,2026-02-02,LEAK,Medium,66.0,Act project concern note investment blue customer find miss can space say property condition minute if though.,Material Fatigue,18.0,Closed
INC-01356,SITE-006,2024-06-26,Oil Leak,Critical,44.1,Couple product news store care keep present able treat where.,Valve Failure,6.3,Closed
INC-03850,SITE-001,2026-07-07,Fire ,Low,89.8,Herself inside night there attention feeling last media.,Operator Error,14.3,Under Investigation
INC-05334,SITE-004,2024-03-24,Near Miss,Medium,73.8,Dinner PM her race arrive individual treat feel clearly feeling.,Corrosion,12.1,Closed
INC-03881,SITE-005,2025-11-10,Equipment Failure,Medium,81.5,Capital budget stay project happy focus fact enjoy around shake parent new she hotel.,Sensor Malfunction,11.6,Under Investigation
INC-02352,SITE-006,2026-05-14,Spill,High,50.4,Tell perform source friend real figure teach position necessary green section type job price star.,Operator Error,7.8,Under Investigation
INC-01184,SITE-006,2024-10-25,Leak,High,51.1,The hair return to lose trouble single a on ago.,Operator Error,1.2,Closed
INC-05129,SITE-004,2024-03-18,fire,Medium,86.9,Performance to everyone inside teacher hard open final contain wide million with their hold buy worker.,Third-party Damage,2.7,Under Investigation
INC-05347,SITE-003,2026-06-30,Spill,Critical,54.3,Real truth direction camera bed word difficult.,,6.4,Under Investigation
INC-00768,SITE-004,2025-12-23,Leak,High,65.4,Risk try not prepare leader at man near size step.,Material Fatigue,23.7,Open
INC-01991,SITE-002,2023-08-29,Equipment Failure,,68.3,Table will leg several long office election cut mention simple wear population body drop some support.,,28.6,Under Investigation
INC-04237,SITE-002,2024-04-09,Spill,High,67.1,Run eight go thought player though officer show capital stock.,Operator Error,2.2,Open
INC-01412,SITE-004,2024-01-06,Equipment Failure,Medium,61.1,School thousand exist room whole world million rise player.,,14.1,Open
INC-04009,SITE-002,2025-07-11,Spill,Critical,57.8,Short purpose card their account there reality officer growth news company.,Material Fatigue,8.4,Under Investigation
INC-05022,SITE-002,2025-10-27,Spill,Low,88.6,Goal middle ahead arm process goal interesting.,Third-party Damage,4.0,Closed
INC-03793,SITE-005,26/01/2024,Spill,High,61.0,National indicate trouble old form agency recent vote this room street attention available something of last opportunity.,,5.8,Open
INC-03730,SITE-006,2025-05-20,Near Miss,High,68.4,Summer magazine huge drop both whole follow stand.,,9.0,Under Investigation
INC-04029,SITE-002,2024-12-18,Near Miss,Low,80.4,Statement those figure pressure.,Operator Error,5.1,Under Investigation
INC-04447,SITE-003,2026-06-09, Leak,,43.7,Store table station rich new adult.,Valve Failure,16.5,Closed
INC-02967,SITE-003,2024-06-06,Near Miss,High,51.7,Design piece peace someone allow senior part assume reality why attack especially somebody.,Sensor Malfunction,3.0,Closed
INC-05273,SITE-004,2024-02-16,Near Miss,Medium,65.6,Side not off Mrs herself difficult answer.,Third-party Damage,2.5,Open
INC-00734,SITE-003,2025-12-05,Leak,Critical,58.7,You successful describe share small energy which short decade worry ability pick stay total wonder us there than key.,Operator Error,6.7,Open
INC-03464,SITE-006,2025-10-12,Leak,Critical,41.9,Around whether war fly someone outside activity save success I cut.,Valve Failure,12.8,Under Investigation
INC-05257,SITE-003,2023-12-13,EQUIPMENT FAILURE,Medium,80.1,Pretty already outside last much civil example population stay.,Valve Failure,11.1,Under Investigation
INC-00851,SITE-001,2025-07-13,Equipment Failure,Low,90.4,Million trouble cold leg.,Valve Failure,8.3,Closed
INC-05074,SITE-005,2024-09-22T00:00:00Z,Near Miss,High,53.3,Window truth return add news message.,,1.3,Closed
INC-05477,SITE-006,2023-11-07,Equipment Failure,High,54.2,Them whose protect coach wrong others couple these.,,12.7,Closed
INC-05759,SITE-006,2025-02-15,Leak,High,67.4,Early page land own day source bar matter environment beat.,,11.7,Open
INC-01508,SITE-006,2023-09-10,Leak,Critical,33.2,Above that relate majority edge sport whether throw character class feel.,,16.2,Under Investigation
INC-05600,SITE-006,07/08/2023,Equipment Failure,Critical,31.4,Draw beat operation offer middle trade here line record share age bag.,Operator Error,8.9,Closed
INC-00706,SITE-003,2026-07-12,Spill,Critical,35.3,Break middle dream continue provide spring store market chance couple identify.,,3.0,Open
INC-00124,SITE-001,2026-05-29,Equipment Failure,Medium,71.1,Possible bill seem American clearly garden discover wide pull cultural laugh generation plan degree trouble might discussion.,Valve Failure,11.4,Closed
INC-03559,SITE-004,2023-11-07,Leak,Low,82.7,To act across writer drop total begin change.,Sensor Malfunction,2.7,Open
INC-02560,SITE-006,2025-02-12,Leak,Critical,48.5,Compare cover threat their a matter serve continue western.,Sensor Malfunction,41.0,Open
INC-01287,SITE-001,06/24/2024,Near Miss,Low,81.5,Miss ability middle buy finally tell present car center former.,Corrosion,2.8,Open
INC-05666,SITE-006,2024-01-13,,,46.4,Rather media center media news together walk amount.,Valve Failure,14.7,Open
INC-02332,SITE-005,2024-08-26,Leak,Low,98.2,Black as language car per Congress imagine almost everyone somebody.,,2.1,Closed
INC-03344,SITE-003,2023-11-25,NEAR MISS,Critical,30.8,Home ahead center recognize.,Sensor Malfunction,0.8,Open
INC-02756,SITE-003,2025-06-30, spill ,Critical,-12.3,Garden question law which attack professional suggest situation after lawyer first management.,,19.8,Open
INC-02787,SITE-005,2025-02-27,Equipment Failure,medium,69.5,While happen risk weight term offer street.,,17.2,Closed
INC-01722,SITE-001,2025-06-18,Leak,Critical,45.3,Manage information left generation later difference within bank plant recent drug clearly dream political test arm board company interest.,Operator Error,6.2,Under Investigation
INC-04937,SITE-006,2025-09-16,Near Miss,High,54.4,Nor partner director experience nature production low.,Valve Failure,11.2,Open
INC-05489,SITE-006,2026-04-18,Equipment Failure,Critical,41.7,Level ago ball animal class contain better reality hair present chance foreign executive.,Material Fatigue,13.1,Open
INC-01519,SITE-006,2024-07-10,Oil Leak,High,66.9,Best though you indeed letter speak research nothing stuff top language work.,Third-party Damage,19.3,Open
INC-03102,SITE-006,03/10/2025,Leak,Low,79.4,Professor reality down way security eat base easy write.,Corrosion,6.0,Open
INC-05020,SITE-001,2024-11-23,Near Miss,Low,100.0,Enter important sport need someone memory number carry population capital less step thus.,Valve Failure,4.3,Closed
INC-05509,SITE-006,2024-01-23,Near Miss,High,61.3,Factor right follow more safe use beyond member six guy teach him us second find.,Sensor Malfunction,11.6,Closed
INC-04085,SITE-005,2025-09-28,Near Miss,Medium,85.5,Address protect apply hair structure.,Third-party Damage,8.2,Open
INC-04719,SITE-004,2026-02-16T00:00:00Z,Fire,Medium,83.9,Material people space everyone about man affect in government popular later make computer.,Corrosion,14.7,Under Investigation
INC-05689,SITE-003,2024-02-21,Leak,Critical,55.3,Black shoulder set prevent medical pattern per art blue pretty leader already step.,Operator Error,4.8,Under Investigation
INC-00898,SITE-006,2025-04-08T00:00:00Z,EQUIPMENT FAILURE,High,53.6,Show peace through necessary rather class black company meeting laugh discussion follow.,Material Fatigue,2.2,Closed
INC-02529,SITE-002,2025-10-10,Equipment Failure,Critical,54.1,Decade front improve writer dinner tree report between race best state include special mind recognize identify.,Valve Failure,2.0,Closed
INC-02423,SITE-006,2024-03-19T00:00:00Z,Fire,Critical,29.0,Good move our available seat relationship firm any bar television save ask them.,Sensor Malfunction,1.3,Under Investigation
INC-00776,SITE-006,13/10/2025,Leak,High,70.0,Heart suggest identify no explain build station catch trade.,,12.6,Closed
INC-03551,SITE-003,2025-12-04,Equipment Failure,Medium,71.4,Speak expert eye heart situation serve cultural often shake result apply final ball say window.,Sensor Malfunction,6.7,Open
INC-01934,SITE-003,2024-11-17,Leak,High,40.5,Happen design worry medical security stop during shoulder direction once imagine.,,6.2,Open
INC-03507,SITE-002,2023-09-14,Fire,Low,84.4,Build support brother apply computer chair school Democrat buy.,Corrosion,18.8,Closed
INC-03118,SITE-001,2026-03-27,Leak,Low,91.9,Least century big church late scientist perhaps threat prove traditional tend let necessary peace.,Sensor Malfunction,2.1,Under Investigation
INC-01972,SITE-004,2023-10-19,Equipment Failure,Medium,60.9,Research scene guy civil across catch.,Sensor Malfunction,11.9,Open
INC-03031,SITE-001,2024-05-14,Leak,Medium,84.8,Quickly thousand man structure force claim those example.,Corrosion,4.2,Closed
INC-04022,SITE-006,16/02/2024,Leak,Critical,27.8,Perform see cut miss population end class.,Third-party Damage,1.5,Closed
INC-05964,SITE-006,2024-07-04,Leak,Medium,82.1,Senior behavior list painting cut through cultural rest.,Material Fatigue,2.2,Under Investigation
INC-01650,SITE-005,12/02/2024,,Low,82.0,Air meeting college fear back party up attention.,Sensor Malfunction,12.8,Open
INC-00451,SITE-001,2025-12-24,near-miss,Medium,92.6,Bed eye rest people political word health admit mind issue really structure.,Third-party Damage,19.5,Open
INC-00968,SITE-002,01/02/2025,Near Miss,Medium,79.1,Smile edge development not order goal line certainly executive own trouble person summer very do agent whom.,Sensor Malfunction,2.6,Open
INC-00251,SITE-001,2023-09-20,Near Miss,High,57.9,Suddenly bank plan name news home health herself to receive strategy physical assume win.,Corrosion,2.9,Under Investigation
INC-03938,SITE-004,2023-09-10,near miss,Low,85.7,Human watch artist weight share fight fly person point.,Valve Failure,12.6,Open
INC-04317,SITE-003,2025-01-27,Fire,Critical,45.7,Heart degree almost attorney argue financial behavior in site especially.,Sensor Malfunction,9.6,Open
INC-03206,SITE-001,2024-02-08,Equipment Failure,Low,69.9,Man six various area car case option example responsibility stuff table series possible plan.,Corrosion,11.6,Closed
INC-01500,SITE-005,2025-07-08,Equipment Failure,Low,88.9,Drug choice wear president sister rock move in style still nearly send hotel voice model occur entire agent most.,,12.4,Under Investigation
INC-01669,SITE-004,2023-11-14,Leak,Low,96.5,Pm ahead alone around voice relationship my especially necessary number.,Corrosion,10.9,Open
INC-01886,SITE-001,2024-07-20T00:00:00Z,Equipment Failure,Medium,90.4,Much fear because produce discuss wind model condition born positive state term tough.,Corrosion,0.9,Closed
INC-04738,SITE-004,2024-02-05,Equipment Failure,Low,86.2,Purpose phone address care choose time.,,4.5,Under Investigation
INC-03788,SITE-005,2024-07-07,Leak,,84.8,Return program million all time.,Material Fatigue,2.9,Closed
INC-02417,SITE-004,2023-08-27,Spill,,67.9,School economic method side treat maintain.,Valve Failure,18.2,Closed
INC-04042,SITE-003,11-May-2024,Near Miss,High,62.4,Act event Mrs operation his store write.,Operator Error,18.2,Closed
INC-02369,SITE-004,2025-07-15,Leak,Critical,60.2,Perhaps during must town issue.,Third-party Damage,7.0,Under Investigation
INC-02557,SITE-006,2024-05-03,Leak,Critical,50.9,Process responsibility word talk.,Corrosion,3.8,Closed
INC-02985,SITE-006,01-Jan-2024,Fire,Critical,34.5,Continue possible arm because identify past scene visit amount food.,Valve Failure,2.7,Open
INC-04134,SITE-001,2025-03-21T00:00:00Z,Spill,Low,86.3,Help tend change power fear else few ask trip accept.,Sensor Malfunction,8.3,Open
INC-05881,SITE-004,2023-07-27,Near Miss,Low,93.3,Worry physical consumer sit right bag.,,13.9,Closed
INC-03586,SITE-005,05/10/2025,Equipment Failure, High,64.0,Perform first both state story receive that economy.,Operator Error,10.7,Closed
INC-01656,SITE-003,2024-03-19,Equipment Failure,High,74.5,Industry public second fish though a production more summer near color concern him heart who pressure mind.,Valve Failure,4.4,Closed
INC-01926,SITE-006,2024-09-06,Leak,High,65.0,Week social north really single.,,21.8,Closed
INC-02665,SITE-006,2024-08-05,Spill,high,51.6,Red bank inside team western big message improve down.,Corrosion,10.4,Open
INC-01664,SITE-001,2023-12-21,Equipment Failure,Critical,47.9,When radio yeah last woman themselves view play defense home front either to.,Sensor Malfunction,12.9,Under Investigation
INC-01162,SITE-005,2024-11-26,,Medium,64.8,Seek environment great stand human mission sure stay little Republican.,Operator Error,2.3,Open
INC-03936,SITE-003,2024-02-23,Spill ,High,60.3,Water certainly stage material pay everybody identify cover situation.,Material Fatigue,8.3,Open
INC-00310,SITE-005,2025-09-29,Near Miss,Medium,80.4,Where growth stage pretty on week sign.,Corrosion,5.7,Closed
INC-03042,SITE-001,2023-11-28,Near Miss,High,48.8,Alone industry forward letter article three.,Corrosion,8.0,Under Investigation
INC-01775,SITE-004,2024-02-08,Near Miss,Low,83.4,Less better drug many agent body resource effort.,Sensor Malfunction,12.7,Open
INC-04828,SITE-001,2025-08-08,Near Miss,Low,86.1,Change network listen learn.,Corrosion,8.1,Under Investigation
INC-01200,SITE-005,2025-11-12,Fire,Low,86.5,Without that own situation player old walk particularly receive region strong.,Corrosion,10.4,Open
INC-00418,SITE-005,03/06/2025,Near Miss,High,59.0,Current through nothing left detail take room clearly serve section cost share glass.,Corrosion,2.9,Open
INC-04689,SITE-006,2023-11-15,Spill,High,61.5,Support peace lead person day education to plan lead choose major church agent return none set force.,,12.2,Under Investigation
INC-02733,SITE-006,2026-07-07,Leak,Critical,62.4,Yard week doctor choice these us four specific question since seat bar glass others either.,Third-party Damage,2.5,Open
INC-05240,SITE-004,27/06/2024,,Medium,-12.3,Under when amount pattern between memory if name some may less choice skin speak reason though.,Sensor Malfunction,14.8,Under Investigation
INC-00932,SITE-006,2025-11-06,Spill,,52.0,Positive born then impact star force.,Operator Error,5.6,Open
INC-00125,SITE-004,24/10/2024,Equipment Failure,Low,93.0,Discover this radio type who when lose body find magazine medical within while turn.,Operator Error,11.5,Open
INC-05901,SITE-003,2025-08-27,Spill,Low,90.8,Church answer lose civil indeed try on together every.,,4.8,Closed
INC-00246,SITE-002,01-Nov-2024,Near Miss,Medium,65.8,Away everyone finally hour word across several car thought cover total official moment before high indeed cultural participant nor less.,Valve Failure,9.7,Open
INC-02939,SITE-004,2025-06-17,Spill,Medium,83.6,Fill economic seem seven yet treat arrive image foreign mind team.,Material Fatigue,2.2,Closed
INC-03369,SITE-002,2025-02-10,Fire,crit,35.0,Worry line follow miss fill security.,Material Fatigue,2.4,Open
INC-05618,SITE-006,2025-05-31,Leak,High,61.6,Hospital whether when ask however station that.,Material Fatigue,0.4,Open
INC-03527,SITE-001,2024-12-30,Fire,low ,85.5,Mean later than ground.,Material Fatigue,4.8,Open
INC-00184,SITE-002,2023-12-20,Equipment Failure,Medium,74.8,Suggest light stand anyone science notice story town beat certain lawyer build.,Operator Error,8.1,Closed
INC-00741,SITE-001,2023-12-17,Equipment Failure,Medium,74.7,Mrs common end full this feeling majority bag inside goal include manage.,Corrosion,2.9,Under Investigation
INC-00248,SITE-002,2025-05-28,Near Miss,Low,93.6,Dinner prepare prove old high hear onto goal onto party enough score woman rich.,Material Fatigue,3.0,Closed
INC-01892,SITE-003,13-Jul-2025,Fire,,50.3,Father second conference dinner may together phone develop could theory good within throughout we.,,16.0,Closed
INC-04569,SITE-002,2024-01-26,Equipment Failure,Low,95.2,Set trial result music wide standard table senior account mission just sometimes question police fund shake Congress imagine finally leader rate.,Operator Error,11.2,Open
INC-03179,SITE-006,12/22/2023,Leak,High,46.9,Race marriage into church pay easy sign but agency pass your page.,Third-party Damage,3.4,Closed
INC-04162,SITE-003,2024-05-06,Near Miss,High,49.0,Claim task admit occur.,Sensor Malfunction,0.2,Closed
INC-05058,SITE-001,2023-11-27,Leak,High,52.0,Protect arrive life sister article power doctor six father agree car mouth.,Sensor Malfunction,6.1,Closed
INC-02955,SITE-002,2024-02-03,near miss,Lo,99.6,Plant attention join good beyond agency few left answer answer forward.,Valve Failure,16.3,Open
INC-05661,SITE-003,2024-02-24,Leak,CRITICAL,66.3,Lawyer sell sort road data draw father source health.,,5.9,Open
INC-04062,SITE-003,2026-02-22,Equipment Failure,High,60.0,Sea because reduce media world art protect agency participant defense chair you whether lay finally.,Valve Failure,2.7,Open
INC-04992,SITE-005,2026-04-26,Equipment Failure,Medium,63.0,Member year open project stay charge research thing others technology message true.,Operator Error,15.0,Open
INC-05965,SITE-003,2024-03-01,Spill,Low,93.7,Fish new top person thousand middle begin evidence give southern idea option establish interesting.,Material Fatigue,3.1,Closed
INC-04558,SITE-005,2026-03-28,Equipment Failure,Critical,53.7,Join fall check area place single age money include.,Third-party Damage,18.7,Closed
INC-05919,SITE-001,31-Jan-2026,Near Miss,Low,85.3,Thought across contain affect.,Valve Failure,13.9,Open
INC-01889,SITE-001,2023-08-27,Fire,High,54.6,Account movie dark join any true.,Material Fatigue,18.4,Under Investigation
INC-01918,SITE-006,2025-06-04,Leak,High,65.9,Speech more fill west over fight participant high happen some.,Corrosion,19.9,Closed
INC-01371,SITE-004,2024-01-09,Spill,High,61.3,Behind doctor house himself bed recent result.,Valve Failure,9.0,Closed
INC-00597,SITE-005,2024-05-20,Leak,Medium,75.5,Once organization military young important role notice method factor.,Valve Failure,3.9,Closed
INC-03971,SITE-005,2025-05-14,Equipment Failure,Medium,70.2,Theory per company toward.,Sensor Malfunction,4.4,Closed
INC-05890,SITE-003,2026-06-17T00:00:00Z,Leak,Medium,71.7,Know quality foreign great ready difference.,Corrosion,2.5,Closed
INC-02649,SITE-005,2024-08-29,,Medium,87.2,Together color subject market sort onto perhaps scientist school I possible beautiful.,,2.9,Closed
INC-03458,SITE-001,2024-11-07,Near  Miss,Medium,78.3,Move wide deep perform base election during history person term focus just accept with think program whole cell truth home.,Operator Error,12.6,Under Investigation
INC-04328,SITE-004,15/09/2023,Equipment Failure,,-5.0,This this future.,Valve Failure,27.7,Open
INC-05512,SITE-002,2025-03-20,Near Miss,high,57.1,Can machine ground friend take idea majority nature understand respond science start family this both room.,Sensor Malfunction,5.8,Under Investigation
INC-00497,SITE-006,2023-12-05,Leak,Medium,80.6,Final food land per boy yet seek ready subject explain dream.,Material Fatigue,5.5,Closed
INC-03434,SITE-004,2023-11-24,Near Miss,Medium,71.2,What part develop sea order ever personal.,Sensor Malfunction,11.6,Closed
INC-03662,SITE-005,2023-09-11,Equipment  Failure,High,68.4,National key hold modern television quite identify government sign all.,Valve Failure,14.1,Open
INC-00496,SITE-003,2024-07-26,Near Miss,Critical,56.0,Over expect remember.,Operator Error,5.4,Under Investigation
INC-00033,SITE-006,2025-10-27,Leak,Critical,44.8,Class begin store resource amount level yard modern price door conference radio detail style.,Valve Failure,13.0,Under Investigation
INC-05636,SITE-004,08/04/2025,Leak,Low,77.5,Stay charge whole process your matter knowledge.,Sensor Malfunction,12.4,Under Investigation
INC-02291,SITE-002,2026-06-22,Near Miss,Medium,76.0,Throw yeah painting place me fight trip activity name seek its religious into true.,Valve Failure,13.0,Under Investigation
INC-05923,SITE-003,2026-08-31,Leak,critical,49.3,Bank point information unit point energy future wait.,Operator Error,5.5,Open
INC-03971,SITE-005,2025-05-14,Equipment Failure,Medium,70.2,Theory per company toward.,Sensor Malfunction,4.4,Closed
INC-03635,SITE-004,2024-07-23,Near Miss,Medium,72.5,Reduce direction manager wind state us alone including happy contain drug statement.,Sensor Malfunction,3.1,Closed
INC-05752,SITE-004,11-Apr-2026,Fire,High,50.5,Talk design force last television military some great generation activity.,Corrosion,13.3,Under Investigation
INC-05046,SITE-006,2026-04-21,Near Miss,High,66.2,Decade build magazine any image area great goal available idea.,Third-party Damage,4.5,Under Investigation
INC-01675,SITE-002,2024-12-02,Fire,High,49.0,Miss indicate test white economy use.,,0.8,Under Investigation
INC-04544,SITE-006,2024-08-05,Leak,High,44.2,Daughter interest should community candidate college series answer four food do ask physical.,Material Fatigue,13.9,Under Investigation
INC-00003,SITE-002,2025-07-16,Equip. Failure,Medium,-5.0,Old east sea together station strong together media writer land five hair son.,Operator Error,6.3,Closed
INC-03367,SITE-003,2024-03-07,leak,High,49.5,Range rate rise group picture.,,2.6,Under Investigation
INC-01044,SITE-006,2024-09-16,Leak,low,94.1,Suggest song avoid citizen behind throughout.,Third-party Damage,5.1,Open
INC-03043,SITE-004,2024-10-12T00:00:00Z,Fire,MEDIUM,84.4,Whose someone toward town remain different whom difference economic attorney under gas analysis them.,Sensor Malfunction,3.2,Closed
INC-01129,SITE-003,2025-09-02T00:00:00Z,Near Miss,Critical,30.1,Election risk water theory that myself purpose moment.,,9.0,Closed
INC-00767,SITE-002,2026-05-22,Equipment Failure,Low,88.7,Early choice push kind.,Material Fatigue,12.9,Under Investigation
INC-00158,SITE-003,2023-10-15,Leak,High,72.1,Pm tax perform still too even action despite perform create decision fly model.,Third-party Damage,10.4,Closed
INC-05413,SITE-003,2025-01-27,Near Miss,High,53.4,Company decision be girl present tell over buy loss I.,Operator Error,10.7,Closed
INC-01649,SITE-006,2024-08-22,Spill,Critical,54.0,Work half respond information somebody reveal top pass kind western surface score attention sure low huge.,Corrosion,2.9,Closed
INC-05880,SITE-001,11-Jan-2024,Fire,Low,85.4,Red apply Democrat hit six reason war strategy truth better beautiful letter.,Operator Error,5.6,Closed
INC-04616,SITE-003,2024-04-26,Leak,Medium,83.2,Forward woman seat serve community weight new write.,,2.1,Under Investigation
INC-03867,SITE-004,23-Feb-2025,Spill,Low,84.6,Tell find discuss medical road position especially likely ground cover.,Third-party Damage,18.1,Open
INC-04138,SITE-005,2025-07-20,Fire,Medium,69.6,Class million attack over way that dream thus.,Corrosion,6.1,Open
INC-01165,SITE-005,2024-03-05,Near Miss,Critical,-12.3,Paper share someone future loss tell.,,6.9,Open
INC-02793,SITE-003,2025-03-11,Leak,Low,85.4,Hair low method card red already be happy letter society remember nearly interest.,,9.9,Under Investigation
INC-02807,SITE-005,2026-04-17,Equipment Failure,High,51.6,Good yard second something fill idea up five range huge line land company authority.,Third-party Damage,9.7,Under Investigation
INC-00017,SITE-004,2024-08-06,Spill,crit,35.9,May drive age lot form know find.,Material Fatigue,13.6,Closed
INC-03210,SITE-001,2024-07-20,Fire,Low,96.6,Improve discussion parent worker represent develop coach watch night away week work price action on voice glass subject officer painting.,Operator Error,12.3,Under Investigation
INC-02315,SITE-004,30-Jul-2023,Leak,Low,85.3,Easy rest popular college various individual policy dark teacher throw board.,Third-party Damage,15.3,Closed
INC-00437,SITE-004,2024-01-15,Spill,High,77.4,Great beat campaign board paper large ready fish store task election.,Operator Error,4.8,Closed
INC-05201,SITE-006,2024-10-27,Fire,Medium,71.9,Key administration hour tell ground when like.,Material Fatigue,15.3,Closed
INC-02817,SITE-004,2025-01-13,Spill,High,63.0,Look glass present decide voice stock rock week we speak generation tree scene.,,9.8,Open
INC-02408,SITE-003,2024-04-11,Leak,Critical,61.1,Paper always area capital city decision.,Third-party Damage,6.0,Open
INC-05766,SITE-002,2025-11-02,Near Miss,Medium,81.3,Floor system crime walk activity chair situation growth class.,,9.4,Open
INC-05757,SITE-004,2024-04-06,Near Miss,Low,94.0,Strategy half identify not really team newspaper relate number boy left.,Corrosion,7.9,Open
INC-04169,SITE-001,2024-06-20,Near Miss,High,65.0,East beyond blood lay green fear child help.,Operator Error,16.2,Closed
INC-02321,SITE-006,2026-02-08,Spill,High,59.9,Travel shake side appear national capital official southern trip society less.,Operator Error,5.6,Under Investigation
INC-04905,SITE-006,2023-12-21,Equipment Failure,Critical,42.9,Life need probably good water western at conference score something although.,,5.3,Open
INC-04039,SITE-004,06/18/2026,Equip. Failure,Low,85.8,Air executive painting another accept leader general seat.,Sensor Malfunction,11.3,Open
INC-05559,SITE-005,2023-09-23,Near Miss,MEDIUM,73.5,Stop job everything share everyone seven bank choose stuff thus class.,Material Fatigue,12.6,Open
INC-00176,SITE-006,2025-11-09,Spill,High,42.8,The heart mind present subject environmental management tell sort citizen.,Material Fatigue,4.3,Open
INC-05942,SITE-006,2025-07-14,Leak,Critical,57.0,Camera outside act feeling risk realize page audience why detail change fast exist they herself.,Material Fatigue,1.0,Under Investigation
INC-00902,SITE-002,2025-08-04T00:00:00Z,Leak,Low,84.0,Today art themselves nation measure magazine culture measure drug pull affect force.,Third-party Damage,6.0,Under Investigation
INC-02552,SITE-003,2023-08-06,Near Miss,High,67.7,Since history value left main first tax report play party walk but former road.,Operator Error,18.8,Open
INC-00221,SITE-004,2023-09-04,Near Miss,High,46.4,Animal do player student prepare kind doctor sign behavior attention direction magazine short so guy easy someone career.,Valve Failure,13.8,Under Investigation
INC-00896,SITE-003,2023-11-07,Near Miss,High,47.7,Price teach large series dog most herself order dark.,Third-party Damage,1.6,Closed
INC-03845,SITE-006,06/17/2026,Spill,Critical,24.7,Factor shake thus individual western begin well manage seven hotel.,Material Fatigue,6.6,Closed
INC-03029,SITE-001,05/18/2025,,Low,85.7,Play region method purpose future clear trade.,Operator Error,8.2,Closed
INC-01290,SITE-005,2023-12-29,Near Miss,Low,-12.3,True federal sort officer month when machine police military decide guy term whether bit worker.,Sensor Malfunction,1.8,Closed
INC-02113,SITE-006,2026-05-03,,High,58.0,Social amount expect ground break yeah crime collection drive together great position activity.,Third-party Damage,3.5,Open
INC-03476,SITE-005,2025-01-24,Leak,Med,80.6,Pass certainly prevent music over sense artist.,Operator Error,4.1,Under Investigation
INC-02950,SITE-006,2026-01-03,Leak,Medium,74.3,Marriage catch cover throughout type sure similar assume practice at avoid financial manager stay image maybe international often.,Sensor Malfunction,2.3,Under Investigation
INC-04853,SITE-001,12/14/2023,Spill,Low,88.7,Bad heavy building building different.,Valve Failure,0.8,Under Investigation
INC-02091,SITE-003,2026-09-30,Leak,High,62.0,Heart share article economic themselves nothing seven better low up drop friend enter arm computer.,Material Fatigue,6.8,Closed
INC-02305,SITE-001,2024-03-21T00:00:00Z,Near Miss,low ,84.6,Citizen gas range call remain while network interesting today close space reason.,,9.8,Closed
INC-00920,SITE-002,2025-02-03,Near Miss,High,150.0,Send grow concern would population off expert else inside language their suddenly.,Operator Error,12.8,Closed
INC-05990,SITE-002,2025-04-16,Near Miss,Medium,69.8,Necessary leg experience Republican one those nearly choose identify history.,Valve Failure,15.6,Closed
INC-00823,SITE-005,2025-02-27,Near Miss,,86.5,Hear mother discover region.,,5.7,Open
INC-02338,SITE-004,2024-08-26,Leak,Low,84.3,Challenge short medical she step leader that cause consumer international.,Material Fatigue,6.2,Open
INC-02681,SITE-003,2025-07-27T00:00:00Z,Equip. Failure, medium,67.6,Fight from opportunity local might natural mind raise performance.,Corrosion,3.9,Closed
INC-04215,SITE-005,03/11/2025,Fire,Low,87.8,Out happen rich woman rule federal ahead business be author approach determine statement company.,Operator Error,5.2,Under Investigation
INC-04821,SITE-005,2024-01-07,Near Miss,Low,85.1,Have low take language morning travel central voice court professor dream father ground site other.,Operator Error,8.3,Open
INC-00447,SITE-001,2024-11-16,Near Miss,Low,84.9,Spend war stay foot most together campaign owner statement reach.,Third-party Damage,11.5,Open
INC-00282,SITE-006,04/11/2026,SPILL,Low,83.4,Full seven produce current me anything find lose amount very military quickly.,Corrosion,7.8,Open
INC-02067,SITE-006,2023-12-24,Leak,,46.8,Power foot nice sell mission nor per become last eat administration give language home question deal.,Material Fatigue,5.5,Open
INC-05976,SITE-005,2023-10-17,,Medium,76.7,Catch carry investment growth inside direction thing alone beyond unit dog future small.,Material Fatigue,1.2,Closed
INC-00553,SITE-006,2025-09-28,Leak,Critical,44.2,Turn who doctor really machine series figure.,Corrosion,7.9,Closed
INC-02469,SITE-003,08-Jan-2024,Near Miss,High,64.2,Voice design contain others interview possible capital team create new grow.,Corrosion,16.8,Under Investigation
INC-02592,SITE-003,11/03/2024,Leak,crit,21.4,Leave process hospital peace along beyond him natural oil difficult television left a.,Third-party Damage,4.2,Under Investigation
INC-03818,SITE-006,2024-09-15,Leak,Med,64.0,Class for true easy prevent charge away certain.,Valve Failure,2.0,Open
INC-03951,SITE-006,2024-08-31,Spill,Medium,72.7,Social see most study reality individual future compare entire half boy.,Valve Failure,5.0,Closed
INC-01651,SITE-004,2024-11-27,Leak,Medium,93.3,Artist participant new because task still employee.,Corrosion,2.5,Open
INC-00585,SITE-004,2024-05-09,Equipment Failure,Low,84.3,Else parent move become once scientist pay between may claim fall measure.,,3.3,Under Investigation
INC-04073,SITE-005,2026-06-15,Equipment Failure,high,56.9,Network moment she we dream weight write ten reality employee baby soldier.,Valve Failure,8.2,Open
INC-01955,SITE-003,2025-03-31,Leak,Critical,10.8,Old him member actually hair environmental Congress trial apply group.,,0.9,Under Investigation
INC-00976,SITE-006,2025-05-02,Spill,Medium,70.1,Generation think central actually goal miss catch receive.,,4.8,Closed
INC-03141,SITE-005,05/02/2026,Near Miss,High,48.8,Deep white fine room.,Material Fatigue,15.4,Closed
INC-03786,SITE-001,2023-08-26,Spill,high,65.4,Federal likely expect between investment eye court participant hand camera along north.,Third-party Damage,6.4,Under Investigation
INC-01854,SITE-005,2024-03-12,Fire,High,46.2,Race group financial region capital yes off nearly me student argue establish most.,,3.9,Open
INC-04247,SITE-001,2025-10-20,Near Miss,,77.3,Account reach such accept lead away president because sure paper order gas TV fast turn environment fly vote.,Valve Failure,18.6,Open
INC-05246,SITE-001,2026-05-05,,,85.7,Economy chair pressure technology long brother identify various south apply health man.,Material Fatigue,7.6,Open
INC-01828,SITE-005,2026-07-20,Spill, Low,100.0,Serious guy community stand toward behavior before.,Operator Error,25.5,Under Investigation
INC-05282,SITE-005,10/14/2024,near miss,Low,94.8,Shoulder popular type baby less area require medical away air social determine reality base head environment.,Valve Failure,3.8,Under Investigation
INC-02532,SITE-005,12/11/2025,Fire,Medium,62.5,Early stand now might whole phone far article finish eat almost officer else stand place.,Third-party Damage,8.6,Open
INC-00526,SITE-003,2023-08-07,Equipment Failure,High,66.9,Effort indeed reach close paper.,Valve Failure,11.2,Under Investigation
INC-01593,SITE-006,2023-10-13,Spill,Critical,61.4,Real past strong determine thank main pull artist admit vote sign.,Sensor Malfunction,5.6,Closed
INC-03927,SITE-003,2025-01-08,Near Miss,High,52.4,White condition rise risk outside say require break base where get above teacher fight every blood nature.,Sensor Malfunction,1.8,Open
INC-04539,SITE-001,2024-03-07,Equipment Failure,Low,78.0,Guy staff pay impact particular book keep music safe somebody believe determine.,Corrosion,9.7,Open
INC-05365,SITE-005,2026-06-04,Near Miss,Low,87.6,Probably expect office investment.,Valve Failure,4.1,Under Investigation
INC-00544,SITE-001,2023-10-13,Equipment Failure,Critical,35.8,Join development book time expert base him surface should cell reason see property structure.,Corrosion,3.0,Closed
INC-03470,SITE-002,09-Mar-2026,,,74.6,Couple stop way fear mouth east American.,Corrosion,3.1,Closed
INC-01191,SITE-002,2025-02-04,Equipment Failure,Low,100.0,They we professor whose market society.,Operator Error,4.3,Closed
INC-05891,SITE-004,2024-12-08,Leak,High,52.2,Image type stuff develop finally create close week speak part soon across soon.,Corrosion,2.8,Closed
INC-05914,SITE-003,02/19/2025,Leak,Critical,40.0,Side prove leg no its add key nature soldier.,Valve Failure,6.2,Closed
INC-03261,SITE-005,2024-03-11,Near Miss,,87.8,Take former word ten by.,Corrosion,6.5,Under Investigation
INC-05723,SITE-006,2025-08-30T00:00:00Z,fire,Critical,55.2,Itself list day shake money mean peace strong seat but about country say level guy media.,Sensor Malfunction,5.4,Closed
INC-00905,SITE-002,2023-07-28,LEAK,Medium,73.6,What skill force off wife little offer institution.,Corrosion,13.0,Open
INC-03577,SITE-002,2023-12-01,Equip. Failure,Low,98.6,Order common able network glass wide any.,,6.4,Closed
INC-05825,SITE-005,2024-03-27,near miss,,93.7,Probably table too central field ago major whole.,Material Fatigue,7.8,Closed
INC-01295,SITE-002,2025-08-29,Near Miss,High,56.9,Throughout trouble including country animal force discuss.,Valve Failure,6.3,Closed
INC-04159,SITE-004,2026-02-04,Fire,Low,98.2,Challenge white body power challenge material join movie.,Valve Failure,3.5,Under Investigation
INC-04501,SITE-005,2025-03-11,FIRE,High,64.5,Growth place happy question long world institution check improve manager parent information politics rock have more difference social middle think.,Material Fatigue,7.2,Closed
INC-00487,SITE-006,2024-09-27T00:00:00Z,Near Miss,Medium,75.7,Provide three question call seat know pick state.,Operator Error,7.4,Open
INC-04701,SITE-003,2024-10-26,Spill,High,53.0,Paper night more answer in magazine chair.,Valve Failure,13.6,Closed
INC-00543,SITE-002,2023-10-22,Spill,High,60.4,Debate attention else compare let box family.,Corrosion,7.1,Under Investigation
INC-02011,SITE-003,2025-07-16,Equipment Failure,Critical,50.1,None book put world pull assume level strategy reach debate.,Material Fatigue,6.2,Under Investigation
INC-00660,SITE-004,2025-11-29,Fire,Low,80.6,Beautiful fall war reflect everybody action attorney form law herself meet their quickly.,Operator Error,10.5,Closed
INC-03511,SITE-002,05/09/2024,NEAR MISS,Critical,37.3,Place citizen call foot each production land policy.,,12.3,Open
INC-05973,SITE-005,2025-07-31,LEAK,Hi,69.9,Smile foot my around alone show way be majority arrive.,,6.1,Closed
INC-00878,SITE-004,2025-12-11,Near Miss,High,58.7,Early score break although add what record pattern executive I set security interesting.,Operator Error,16.0,Closed
INC-00945,SITE-002,2023-11-20T00:00:00Z,Fire,,86.5,Range this despite such result yard smile song meeting among away certainly.,,7.2,Under Investigation
INC-05437,SITE-002,2025-05-09,Near Miss,Low,100.0,Step energy and forward level.,Operator Error,10.5,Under Investigation
INC-03653,SITE-004,10/03/2024, fire,Low,86.9,These Democrat side finally light father senior system sure participant me idea prove certainly.,,12.3,Closed
INC-05397,SITE-003,2024-03-31,Leak,,87.3,Test bar drop future light be first again.,Operator Error,15.9,Under Investigation
INC-04894,SITE-003,07/31/2024,Spill,High,60.0,Relationship whole radio success order poor hundred laugh science different growth school brother line.,Sensor Malfunction,0.8,Closed
INC-03276,SITE-001,2023-11-07,Equipment Failure,Medium,77.3,Major win decade free where.,Operator Error,3.7,Open
INC-02635,SITE-003,2025-05-15,Equipment Failure,High,66.0,Tough trial tonight trip adult current this safe true beyond risk church ground.,Corrosion,18.7,Under Investigation
INC-00086,SITE-005,2024-02-19,Spill,High,52.5,Head artist or down major plan wall set once maybe audience.,Sensor Malfunction,5.1,Under Investigation
INC-04605,SITE-006,2025-10-06,Near Miss,High,44.2,Down could break affect lot religious outside.,,5.2,Closed
INC-00062,SITE-005,2024-11-15,Spill,Medium,77.1,Help soon finish body table property threat sister family market.,Operator Error,6.4,Under Investigation
INC-04897,SITE-006,05/09/2025,Spill,Critical,46.2,Candidate sometimes if close offer already travel card deal customer move respond join friend.,Sensor Malfunction,9.4,Open
INC-05574,SITE-006,2025-08-27,Spill,,150.0,Other manage Congress between six quality few science big owner best suffer good.,Corrosion,8.5,Under Investigation
INC-04067,SITE-004,2023-10-28,Leak,High,52.9,College lot power style free condition.,Sensor Malfunction,6.6,Closed
INC-01758,SITE-005,2025-08-17,Leak,High,80.1,Against serious well year.,,6.4,Closed
INC-05586,SITE-002,2025-03-11,Near Miss,High,150.0,Themselves issue threat describe perform admit our type role should size wonder along fire.,Operator Error,15.0,Open
INC-04489,SITE-001,02/01/2024,Near Miss,Medium,90.9,People tend scene economy though evidence development travel get threat.,Corrosion,5.2,Closed
INC-02641,SITE-006,2023-08-27,Near Miss,Medium,65.7,Onto energy sure office industry from maybe reflect than history politics protect radio avoid suddenly.,Material Fatigue,3.7,Under Investigation
INC-03314,SITE-003,2025-11-24,Spill,High,67.4,Allow drop mouth appear believe once entire wide officer medical know ok sport.,Corrosion,7.3,Open
INC-00077,SITE-004,2025-02-14,Near Miss,Low,88.9,Meet community kind peace address training low.,Third-party Damage,10.8,Under Investigation
INC-02542,SITE-002,2024-06-07,Equipment Failure,Medium,87.7,Whole anything visit table that nice.,Valve Failure,8.1,Open
INC-01768,SITE-006,2026-06-20,Fire,Critical,36.3,Language campaign worry business grow produce budget.,Operator Error,11.7,Open
INC-01221,SITE-001,2025-07-02,Equipment Failure,Med,74.0,Single still trade chance stay build off.,Operator Error,15.3,Under Investigation
INC-05235,SITE-004,09/25/2023,Equipment  Failure,Medium,65.9,Live vote each together return.,Corrosion,20.2,Open
INC-02204,SITE-005,2024-06-04,Equipment Failure,,44.2,Natural happen bring school professor message painting east take safe ground keep represent current major.,Corrosion,13.5,Closed
INC-02459,SITE-004,07/30/2025,Fire,Medium,77.6,Would result there political yourself will kid will.,Corrosion,7.1,Under Investigation
INC-02217,SITE-002,30-Mar-2025,Spill,High,67.7,Then rock join dog nearly suddenly fish city actually section list the attorney attorney.,,7.3,Under Investigation
INC-03552,SITE-003,03-May-2026,,Low,78.3,Real plant management forget customer sign read spring I this.,Valve Failure,11.7,Under Investigation
INC-02991,SITE-006,2023-09-16,Leak,High,71.2,Do talk center forget stand occur.,Sensor Malfunction,3.1,Under Investigation
INC-00913,SITE-006,2024-08-23,Equipment Failure,High,65.9,Employee card peace common mean economy score wear whole end them adult hand peace news only.,Valve Failure,10.3,Closed
INC-04131,SITE-006,2026-05-03,Spill,HIGH,62.5,All system part attorney series student chair wall realize country test example third almost machine table series deal relationship.,Third-party Damage,6.8,Under Investigation
INC-01443,SITE-006,2025-08-24, Leak,CRITICAL,53.3,Ground trouble dark job course professional activity.,Valve Failure,9.6,Open
INC-01796,SITE-005,2025-09-24T00:00:00Z,Fire,Low,85.0,Set what physical deal one attention before forward something.,Material Fatigue,6.3,Under Investigation
INC-02803,SITE-004,2025-04-12,near-miss,Medium,75.4,Any seat control away best music executive.,,11.3,Under Investigation
INC-00170,SITE-006,15/06/2025,Leak,Critical,46.5,Plan anything report couple health time all similar head but charge.,Material Fatigue,10.3,Under Investigation
INC-01686,SITE-006,2023-09-29,Near Miss,Medium,83.7,Camera type capital Democrat point partner.,Sensor Malfunction,5.6,Open
INC-04424,SITE-005,2026-08-10,Equipment Failure,High,58.6,Drug door really civil why third structure citizen store discuss travel.,Operator Error,2.7,Under Investigation
INC-02996,SITE-004,2025-05-12,equipment failure,Low,85.9,Special exactly game threat.,Material Fatigue,4.0,Under Investigation
INC-01659,SITE-003,2023-10-30,Leak,Low,88.5,Range sort station spend question anyone follow imagine radio strong task father personal performance.,Sensor Malfunction,10.0,Open
INC-03278,SITE-004,2026-06-07,Leak,High,55.2,Big war other five big already per keep late college trial claim.,Operator Error,10.2,Under Investigation
INC-01840,SITE-004,2024-01-22,Near Miss,High,59.6,Onto candidate form four yet while soldier study newspaper how affect station.,Operator Error,17.6,Under Investigation
INC-01108,SITE-006,21/06/2025,Leak,Medium,67.2,Dinner one deep organization citizen subject able agency eye young loss.,,5.5,Open
INC-04231,SITE-005,2024-05-21,Equipment Failure, medium,88.9,Citizen current charge its sea hope tell social miss past.,Third-party Damage,3.5,Open
INC-03236,SITE-003,2025-09-15,Leak, medium,69.4,Approach first trouble economic nature surface.,Sensor Malfunction,20.0,Closed
INC-04319,SITE-003,2026-03-19,Near Miss,High,64.5,Issue environment early cup just less size message dinner.,Valve Failure,3.6,Under Investigation
INC-03194,SITE-006,2024-04-16,Near Miss,High,72.2,Story more hold rise radio station perhaps.,Material Fatigue,2.3,Closed
INC-00364,SITE-003,2024-07-19,Equipment Failure,Critical,60.6,Billion minute painting campaign others out country.,Valve Failure,4.2,Under Investigation
INC-04216,SITE-001,2025-11-18,Fire,Low,92.9,As rise technology present.,Valve Failure,0.9,Closed
INC-02483,SITE-001,09/27/2025,Near Miss,Medium,74.4,To many student child loss charge message left.,Material Fatigue,9.2,Under Investigation
INC-04730,SITE-005,09/02/2024,Equipment Failure,Low,74.7,Future speak story they figure nor represent necessary use.,Operator Error,1.2,Under Investigation
INC-05442,SITE-003,2025-02-12,Fire,Medium,70.1,Station market popular power of development hotel game.,Sensor Malfunction,19.3,Closed
INC-04211,SITE-005,2023-09-14,NEAR MISS,Low,75.3,Bag reveal avoid suffer office father.,Material Fatigue,3.9,Under Investigation
INC-00366,SITE-003,2023-08-08,Leak,High,65.5,Weight most find easy become large three production full.,Material Fatigue,4.0,Open
INC-01256,SITE-004,2024-04-25,Near Miss,Medium ,81.7,Soon factor line note direction service other beyond million fly myself response person.,Material Fatigue,7.3,Closed
INC-05756,SITE-001,2025-02-14,Near Miss,Medium ,62.9,Either hundred something responsibility analysis hear adult dream manager economic.,Valve Failure,9.4,Closed
INC-04403,SITE-001,2026-01-10T00:00:00Z,Equipment Failure,Low,87.9,Paper plant although too interview especially enter expert organization sense.,Material Fatigue,0.6,Closed
INC-00392,SITE-003,20-Nov-2024,FIRE,Medium ,90.8,No ball bank piece natural nearly throw whom move guess.,Material Fatigue,7.1,Under Investigation
INC-04652,SITE-001,2025-07-05,Fire,Medium,78.4,Trouble but step book like security learn best per party.,,4.7,Open
INC-05931,SITE-004,2026-07-07,Near Miss,High,55.0,Grow still another officer own world now similar wear we could president necessary order series movie.,,11.2,Closed
INC-05943,SITE-004,2025-03-19,Oil Leak,LOW,78.4,Position difference work history cause task campaign together store today minute mention.,Third-party Damage,9.3,Under Investigation
INC-01850,SITE-001,2026-05-15,Equipment Failure,High,60.6,Cell produce until hard learn tell hour person personal Republican.,,16.7,Under Investigation
INC-05057,SITE-005,06/12/2024,Equipment Failure,Medium,87.2,Score west necessary often trade town test court design already concern until rule explain.,,3.9,Closed
INC-02375,SITE-006,2024-08-21,Spill,Low,91.3,Small husband none despite high according PM father at serious.,Operator Error,12.4,Under Investigation
INC-05122,SITE-001,2024-11-06,Leak,Medium,77.3,Special five notice must box worker.,Material Fatigue,2.3,Under Investigation
INC-00298,SITE-005,2024-12-01,Leak,Critical,55.8,Lead scene all explain morning up consumer art list court someone.,Material Fatigue,21.7,Under Investigation
INC-00925,SITE-004,2024-09-28,Equipment Failure, medium,63.2,Democratic population government share place each international.,Material Fatigue,6.9,Closed
INC-04276,SITE-003,2024-04-19,Spill,CRITICAL,34.4,Move laugh rise cut necessary until after environmental you election heavy.,Third-party Damage,5.7,Under Investigation
INC-03262,SITE-006,2025-06-18,Equipment Failure,Medium,70.4,The Mrs Mr public want lawyer less kitchen beyond.,Valve Failure,4.1,Open
INC-05513,SITE-006,01/26/2024,Leak,Medium,80.6,Former professor dream there site keep mean first.,Third-party Damage,20.7,Open
INC-04770,SITE-003,2024-12-10,Leak,Medium,99.5,Always trial hope anyone skill to show task which industry lay.,Operator Error,6.8,Closed
INC-05665,SITE-003,2024-05-28,Leak,High,66.1,Specific until talk tree officer ability table.,Third-party Damage,13.3,Closed
INC-05143,SITE-003,2026-01-20,Spill,Critical,51.5,Affect red nice back opportunity decide with live fill may bit.,Operator Error,1.6,Closed
INC-00295,SITE-004,2026-04-08,Equipment Failure,Low,84.7,Shoulder production various most board imagine individual free just your compare.,,3.1,Open
INC-05598,SITE-004,2025-10-21,,Medium,67.9,Focus decide ability far onto allow cup same just hope star term southern feel evidence.,Corrosion,11.7,Under Investigation
INC-03070,SITE-004,2025-12-23,near-miss,Medium,71.9,Certainly body although carry glass tough painting food energy involve include popular energy later pull pattern apply stop.,Sensor Malfunction,10.9,Under Investigation
INC-01034,SITE-004,2025-11-25T00:00:00Z,Equipment Failure,Low,89.8,Nor conference director rest safe give stage great minute walk great.,Operator Error,8.0,Open
INC-04074,SITE-001,2025-09-03,Oil Leak,crit,42.1,Necessary mean hundred stuff ground democratic already range someone benefit garden try well most letter.,Third-party Damage,15.2,Under Investigation
INC-05741,SITE-003,2025-08-25,Leak,Critical,54.9,Gas Democrat cover what both easy skill play former near.,Operator Error,2.3,Open
INC-00999,SITE-002,2024-07-04,Leak,Critical,36.2,Building yard maybe through hot per effect west behavior third name.,Material Fatigue,5.5,Under Investigation
INC-05035,SITE-006,2026-07-08,Spill,High,46.2,Concern remain my speech morning visit former heavy huge still him heavy environmental course.,Operator Error,10.7,Closed
INC-02199,SITE-005,2024-06-19T00:00:00Z,Near Miss,,90.6,Anyone education fear college full action for everybody artist and vote do.,Valve Failure,7.4,Closed
INC-02425,SITE-006,2024-04-24T00:00:00Z,Fire,High,63.9,Describe garden marriage hundred possible risk large too view bed teacher character over plan man career method.,Corrosion,3.7,Under Investigation
INC-05529,SITE-003,2025-05-18,Near Miss,high,58.2,Contain party visit nothing address.,Operator Error,10.1,Open
INC-01182,SITE-003,04-Sep-2024,Leak,Medium,71.4,Front phone as marriage miss not house color specific student side.,Operator Error,12.2,Closed
INC-00820,SITE-004,2024-02-27,Fire,High,69.0,View oil model country air a newspaper accept under product card house vote.,Material Fatigue,2.1,Closed
INC-04001,SITE-003,2026-02-06,Leak,Critical,38.1,Economic hand first successful interest impact value fish firm find energy identify central central population personal network occur.,Valve Failure,9.7,Open
INC-01877,SITE-001,2024-02-07,Near Miss,High,69.7,Network middle rise production positive next purpose apply must.,Corrosion,1.7,Under Investigation
INC-04394,SITE-003,2024-09-06,Leak,Medium,72.2,Situation paper huge care recent south certainly tax kitchen others listen specific pressure.,Sensor Malfunction,9.1,Open
INC-05141,SITE-006,2025-03-20,Leak,High,74.2,Near foot he hear agree.,Sensor Malfunction,6.2,Under Investigation
INC-00259,SITE-006,2024-04-21,Spill,Low,99.6,Million show management that let evidence black include music own grow fish onto.,Third-party Damage,12.8,Open
INC-04736,SITE-006,2023-10-10,Spill,High,82.0,Law cut without hand run never build these senior.,Valve Failure,2.4,Open
INC-05591,SITE-003,2024-08-23,Leak,High,78.4,Close entire amount my open picture argue happen author senior show home resource next father owner interview attack big social.,,11.8,Closed
INC-01481,SITE-006,15-Oct-2025,Equipment Failure,Critical,43.4,Tax another every radio clear page the.,Sensor Malfunction,3.7,Open
INC-05459,SITE-002,2024-08-06,Spill,Low,89.5,Language article cold their.,Corrosion,27.2,Open
INC-04098,SITE-003,2024-05-01,Spill,Crit,47.4,Dark bar ok miss newspaper true.,Material Fatigue,15.1,Closed
INC-05886,SITE-001,2024-11-03,Leak,Lo,93.6,Act certain debate course leg media.,,9.2,Closed
INC-05210,SITE-003,2026-10-01,Spill,Medium,81.0,Thus common turn begin question develop product size describe month week same involve course even.,Operator Error,8.8,Closed
INC-05159,SITE-002,08-Feb-2024,Near Miss,Medium,76.1,Worker figure indeed from require mention plant.,Third-party Damage,3.9,Under Investigation
INC-05204,SITE-002,2024-10-25T00:00:00Z,Near Miss,,53.2,Front serve security drive true wind area cut team become get the three country necessary market short but sometimes.,Sensor Malfunction,1.9,Closed
INC-03706,SITE-002,2024-02-29,Spill,Low,81.5,Process artist provide work.,Operator Error,3.7,Closed
INC-03841,SITE-002,2025-08-01,Near Miss,High,62.8,Create rest happy level machine movement task mother into.,Corrosion,11.9,Closed
INC-04208,SITE-002,2024-01-09,Leak,Low,150.0,Republican including both draw visit but film create with.,Third-party Damage,5.2,Under Investigation
INC-01152,SITE-003,08/18/2025,Equipment Failure,Medium,63.1,Team find right politics class assume present since country despite.,Corrosion,2.8,Closed
INC-02056,SITE-005,2025-01-26,Leak,Low,83.7,Ability structure will force usually.,Material Fatigue,7.9,Open
INC-00910,SITE-006,2023-07-25,Fire,Medium,70.8,Continue small five out any detail federal information yard manager soon check really.,Corrosion,13.2,Closed
INC-03231,SITE-002,2024-01-06,Fire,Medium,76.6,Better international wind entire military.,Operator Error,8.1,Open
INC-01900,SITE-001,2026-06-11T00:00:00Z,Near Miss,Low,71.1,Time until whose through dinner himself go present threat light study style.,Corrosion,3.0,Open
INC-04207,SITE-003,2026-07-10,Near Miss,High,115.7,So hot memory hand.,Material Fatigue,11.3,Open
INC-01619,SITE-002,2024-01-15,Near Miss,Medium,82.7,Fear member change hope size truth money woman by.,Operator Error,2.1,Closed
INC-05371,SITE-004,2024-10-26,,Critical,43.5,Defense commercial imagine outside on else that.,Valve Failure,8.8,Open
INC-05525,SITE-005,2025-04-20,Spill,Medium,67.8,Thing about brother chair listen through as hundred mission service listen.,Valve Failure,8.8,Under Investigation
INC-04316,SITE-001,2026-03-17,Leak,Low,94.1,Door evening father research turn official me although involve.,,3.1,Under Investigation
INC-02883,SITE-005,2025-05-30,Fire,High,63.5,Write item economic across hit body hand forward likely president red author.,Sensor Malfunction,3.5,Closed
INC-01319,SITE-006,05/24/2025,Fire,Critical,45.8,Man leader campaign morning Congress standard money toward suddenly role.,Material Fatigue,9.9,Under Investigation
INC-01597,SITE-003,11/02/2024,Near Miss,Critical,39.2,Mrs poor ahead ready reality easy never until rule.,,15.1,Under Investigation
INC-00155,SITE-006,2023-11-10,Spill,CRITICAL,57.8,Only right onto deal leg open.,Sensor Malfunction,24.0,Open
INC-01823,SITE-001,2025-04-14,Equipment Failure,Low,92.0,Difference brother feel student read class professional already order upon move letter law send also.,Third-party Damage,13.4,Closed
INC-03297,SITE-004,2025-08-07,NEAR MISS,Medium,79.7,Most star agree property smile president assume.,Material Fatigue,15.1,Closed
INC-05944,SITE-006,2025-03-04,,Medium,75.1,Teacher education people inside effort reflect situation performance clearly today beyond reveal.,Operator Error,6.4,Under Investigation
INC-01787,SITE-003,26-Sep-2025,Leak,medium,66.4,Green make professional.,Operator Error,10.2,Open
INC-00891,SITE-002,2026-02-10,Leak,,81.0,Family reduce become practice world subject back budget again kitchen involve identify environment.,,7.1,Closed
INC-04877,SITE-001,2026-01-27,Spill,Medium,61.4,Child couple here better wish film now for sell service.,Operator Error,16.5,Under Investigation
INC-01174,SITE-004,2023-07-24T00:00:00Z,Equipment Failure,Low,90.4,Effect key enter director three bed society foot draw possible college.,Sensor Malfunction,9.2,Under Investigation
INC-05394,SITE-001,2025-04-22,Equipment Failure,Low,91.3,Range evidence entire technology why all leader site information describe.,,3.3,Closed
INC-03216,SITE-001,2025-07-13,Near Miss,High,67.5,Of culture series wide be after myself marriage coach trial.,Corrosion,21.0,Under Investigation
INC-03902,SITE-004,2024-02-05,Spill, Low,89.6,Vote eye pay executive course your more generation.,Valve Failure,17.0,Under Investigation
INC-05998,SITE-004,07/08/2025,Equipment  Failure,Critical,32.6,Model all majority yet meet run quite traditional focus.,Valve Failure,19.4,Open
INC-02856,SITE-006,2025-05-08,Spill,Medium,60.5,Staff use stuff report company how office time difference off anyone career section none board song.,,5.2,Closed
INC-05356,SITE-004,2024-08-24,Leak,Low,96.7,Make traditional worry sign.,Third-party Damage,4.3,Under Investigation
INC-00864,SITE-001,2023-10-13,Spill,High,60.8,Difference necessary training account bar her himself evidence business decision look laugh write word.,Sensor Malfunction,1.8,Under Investigation
INC-04161,SITE-005,03/28/2025,Equipment Failure,Medium,78.2,Professor share design fight form prepare situation away per past work.,Valve Failure,7.1,Closed
INC-05835,SITE-001,06-Jul-2026,Near Miss,Medium,74.3,Nation listen performance show age act method particularly boy during.,,9.1,Closed
INC-04203,SITE-003,30-Aug-2025,,Critical,-0.5,A Mr work buy.,Valve Failure,5.6,Open
INC-01878,SITE-002,2024-08-10,Near Miss,,66.1,You nothing customer political.,Corrosion,1.1,Closed
INC-01132,SITE-006,19/01/2026,Spill,Medium,73.8,Eye certainly country sort region always number fine too town very citizen friend.,Corrosion,2.3,Under Investigation
INC-00249,SITE-001,2023-12-23,Equipment Failure,Medium,75.5,Production wonder carry dark wide senior individual every attack sign would letter paper.,Corrosion,14.2,Open
INC-05739,SITE-001,2025-01-04,Fire,Medium,78.0,Attention inside discussion without model late actually safe mother fast room.,,6.3,Open
INC-01949,SITE-002,2024-02-18,Near Miss,Medium,79.7,Though listen say miss.,Material Fatigue,11.2,Open
INC-02061,SITE-004,2024-08-12,Fire,High,39.9,Past agree effort eight change perform church billion every set up especially key heart.,Third-party Damage,7.4,Under Investigation
INC-02738,SITE-002,2024-02-13,Fire,Critical,51.3,Oil better have collection reflect just human should would commercial.,Corrosion,11.5,Closed
INC-03680,SITE-006,2025-01-24,Leak,Critical,67.1,Join number produce do account east action although front place tell during reason community.,Operator Error,14.7,Closed
INC-00431,SITE-002,2025-10-13,Near Miss,Medium,67.0,Everyone quite them after store film rather well three threat option democratic north wait baby future agreement serve citizen.,Third-party Damage,4.3,Open
INC-03033,SITE-004,2024-06-20,Equipment Failure,,92.1,Event strong state ahead ask contain position.,Valve Failure,6.1,Open
INC-01625,SITE-006,2024-08-12,Leak,Critical,43.7,Mother different health determine concern less dream better run.,Sensor Malfunction,2.8,Open
INC-00578,SITE-003,2025-10-08,Spill,High,58.6,Pull federal building watch special huge officer continue but plant by.,Operator Error,4.2,Open
INC-04305,SITE-004,2025-12-09,Spill,Low,94.7,Although although line garden wear mission approach nothing want gun wait mention language.,,2.5,Under Investigation
INC-05369,SITE-006,2025-08-20,Leak,Medium,79.3,Half message large research first get company what bring president score look drop usually according third nation.,Operator Error,0.0,Under Investigation
INC-02945,SITE-001,2024-11-30,Leak,High,63.5,Course occur hundred than near heart significant into wear reason possible bag provide short take everybody wife chair.,Operator Error,28.0,Open
INC-00433,SITE-003,2026-02-11,Leak,Critical,41.3,Get stay surface land friend reality budget customer usually direction.,,3.2,Under Investigation
INC-02809,SITE-002,2025-10-19,Spill,Medium,80.7,Safe security like discuss four many region price recent reflect maintain how such job father again hair suddenly front.,Valve Failure,9.4,Under Investigation
INC-04389,SITE-002,2024-08-24,Near Miss,Medium,62.3,Subject fund manager pay structure be end expert economy candidate team.,Third-party Damage,7.9,Under Investigation
INC-00794,SITE-005,03/01/2025,Fire,Low,82.2,Whose fact rest family able beat without fear it list seem make in sure prove speech organization nor.,Valve Failure,17.2,Open
INC-00167,SITE-002,09-Dec-2024,Equipment Failure,High,67.7,Call sort five floor.,Operator Error,8.6,Closed
INC-02450,SITE-004,2026-01-29,Leak,Medium,68.7,Bar radio scene according detail language.,Valve Failure,8.2,Closed
INC-04563,SITE-006,2024-05-01,Near Miss,Critical,45.7,Pretty around sometimes series team easy between manage thus much.,Valve Failure,9.0,Closed
INC-04283,SITE-002,2024-10-30,Fire,High,46.2,Painting value yourself campaign step campaign thought street crime still music several herself.,,19.7,Closed
INC-01248,SITE-004,2024-01-14,Spill,Low,95.7,Military sometimes certain record wish answer degree especially deep morning today western.,,5.4,Under Investigation
INC-04030,SITE-006,2026-04-01,Spill,Medium,73.7,Than act last card those realize catch opportunity.,Operator Error,7.7,Under Investigation
INC-00043,SITE-006,2024-12-04,Spill,Medium,66.7,Common much person peace prepare better.,Valve Failure,4.2,Under Investigation
INC-04198,SITE-003,2025-05-27,Spill,Critical,65.6,Now language where have heavy either.,Third-party Damage,8.5,Under Investigation
INC-05626,SITE-004,2025-11-24,LEAK,Low,84.7,Avoid yet that attack white everyone section customer require gas everyone.,Material Fatigue,23.9,Under Investigation
INC-02168,SITE-006,2025-11-12,Equipment Failure,Low,93.8,Hour home perform myself college responsibility join certain.,Operator Error,6.4,Closed
INC-03755,SITE-004,2026-01-29T00:00:00Z,Near Miss,Low,84.4,Though politics woman author system anything manage involve increase.,Operator Error,0.7,Closed
INC-01231,SITE-004,2026-08-16,Spill,LOW,93.8,Imagine section foot program land throw yourself fast mention good television.,Material Fatigue,5.7,Closed
INC-04509,SITE-006,2025-10-03,Equipment Failure,High,51.0,Finish yes from center late travel act fund purpose think step leg yourself good according develop admit manager.,Third-party Damage,16.9,Under Investigation
INC-03537,SITE-002,2025-09-15,Near Miss,Low,88.8,Area court indeed hope.,Material Fatigue,4.6,Closed
INC-02073,SITE-001,2025-01-16,Near Miss,High,66.9,Would about end include well budget sport majority almost hold.,Valve Failure,1.8,Closed
INC-01273,SITE-006,2025-12-26,Near Miss,Medium,73.1,Direction themselves professor nor question color head worker glass feeling worry.,Valve Failure,3.2,Closed
INC-05006,SITE-001,2026-04-10,Fire,Low,78.5,Happy Mrs key lead.,Operator Error,6.0,Open
INC-03311,SITE-005,2024-02-24,Oil Leak,,57.0,Part instead peace plan allow scene form rule foreign decision nature base.,,11.3,Open
INC-04774,SITE-003,2024-08-10,Near Miss,Critical,56.0,Opportunity sing benefit if own spring professional trouble argue would design material few.,Valve Failure,2.3,Under Investigation
INC-03374,SITE-005,2025-03-08,Near Miss,Medium,95.2,Public three member night do city.,Valve Failure,4.2,Open
INC-01655,SITE-006,2024-07-16,Spill,High,51.9,Impact sometimes rock bill.,Material Fatigue,3.2,Closed
INC-00921,SITE-003,15-Jun-2024,Fire ,Critical,41.9,Bad community look resource give face Mr security very fight memory agreement practice whatever protect despite modern receive.,Valve Failure,4.2,Open
INC-02591,SITE-005,2026-02-02,Leak,Critical,30.9,Issue energy instead shake policy break fact ground billion say spend land source people edge east term.,Third-party Damage,7.5,Closed
INC-00051,SITE-003,2025-11-30,Spill,Critical,53.6,Manager service debate include seem spring enjoy late effort fine.,Material Fatigue,4.9,Closed
INC-01521,SITE-003,2025-10-23,Spill,Medium,81.1,Travel gun edge form visit force.,Corrosion,3.6,Closed
INC-02900,SITE-002,2024-04-15,Spill,Low,77.4,Bank change him get simple partner to yet.,Valve Failure,21.7,Under Investigation
INC-05588,SITE-001,2023-11-15,Equipment Failure,High,55.9,Wide arrive federal serve.,Third-party Damage,3.4,Open
INC-00476,SITE-001,06/02/2025,Equipment Failure,Critical,65.4,Agency husband commercial amount out fine between box guess determine family behind test debate.,Corrosion,17.5,Closed
INC-04468,SITE-006,2024-10-15,Near Miss,Critical,79.7,Skill ok what call carry.,Third-party Damage,3.3,Under Investigation
INC-00600,SITE-003,2024-10-30,Spill,Medium,73.4,Now stay member war nothing quite firm all thank where news then home law sound while.,Sensor Malfunction,3.8,Under Investigation
INC-05382,SITE-001,2023-07-25,Spill,High,59.5,Sister age arrive station itself quality beyond social rise.,Material Fatigue,11.3,Under Investigation
INC-04432,SITE-006,2025-12-23,Near Miss, Low,90.7,Site phone shoulder job company note ago clear someone site room person.,Valve Failure,6.4,Closed
INC-04746,SITE-003,2025-03-22,Spill,Medium,77.8,Trip card soldier clear effect development cup positive financial pretty blue expert up benefit within also.,,4.0,Under Investigation
INC-02171,SITE-006,2023-10-14,Spill,High,61.5,Address energy standard focus player above well strategy model action write new catch decade.,,8.2,Open
INC-05774,SITE-006,2025-06-26,Leak,High,64.4,Parent stop president become free tell if against hot team single.,,27.0,Open
INC-01003,SITE-006,28-Sep-2025,equipment failure,,62.4,Dark discuss drop whom part region bag over foreign benefit sea.,,3.0,Under Investigation
INC-02712,SITE-002,2024-11-07,Equipment Failure,Medium,74.5,Check score he.,Sensor Malfunction,0.2,Closed
INC-02914,SITE-006,2024-08-23,Spill,High,55.1,Owner society suffer receive investment institution economy.,Valve Failure,1.9,Closed
INC-01849,SITE-004,2025-06-06,Equipment Failure,Critical,42.5,Discover cut herself hospital tend traditional story operation.,Sensor Malfunction,3.5,Under Investigation
INC-05912,SITE-003,2024-12-14,Equipment Failure,Medium,60.8,Mind mission development east.,Valve Failure,3.8,Open
INC-02602,SITE-005,2024-04-06,Near Miss,Low,84.0,Second smile reach south suddenly.,Sensor Malfunction,6.7,Open
INC-04949,SITE-006,2026-04-04,Fire,Medium,66.5,Health director face much prepare score really trade.,Sensor Malfunction,6.2,Closed
INC-01598,SITE-006,2025-05-13,Near Miss,High,64.2,Region either public skill year between population.,Material Fatigue,11.9,Open
INC-04697,SITE-002,2025-06-19,Near Miss,Medium,92.0,Wall huge local staff become smile arrive across send front put.,Sensor Malfunction,1.1,Open
INC-01452,SITE-002,20-Feb-2025,Leak, Low,82.9,Miss great little let window along face energy guy business voice skill local some owner.,Operator Error,2.9,Under Investigation
INC-02935,SITE-002,2024-03-04,Near Miss,High,61.2,Certainly method phone per indeed tell continue exactly finish car science most marriage role thing conference live.,Corrosion,1.9,Closed
INC-04351,SITE-002,2024-08-29,Fire,low,85.8,Point discussion to investment event soon push evening trip attack.,Valve Failure,21.1,Closed
INC-03359,SITE-004,2025-12-10,Leak,Medium,74.7,Billion day decade garden these.,Third-party Damage,6.1,Open
INC-00732,SITE-006,2026-04-09,Near Miss,Medium,63.2,Result successful kitchen plan company law per toward.,Sensor Malfunction,5.6,Under Investigation
INC-02486,SITE-003,01/24/2025,Spill,High,60.6,Understand between water close ability because movie beat determine out serve together model fear some.,,13.7,Under Investigation
INC-04684,SITE-005,2025-01-09,Equipment Failure,Lo,91.1,Manager should purpose decade hour would say husband perform order with.,Valve Failure,3.7,Closed
INC-04293,SITE-006,2023-12-20,Leak,High,70.1,Try common by reach TV way area feeling similar trouble sing hot college second.,Sensor Malfunction,1.7,Under Investigation
INC-03607,SITE-005,2023-12-11,Leak,,64.1,Full certain game effort really should money may see investment past question board.,,6.1,Closed
INC-04099,SITE-006,2026-03-30,Fire,Hi,55.8,All attorney seek factor listen case tend brother then.,,10.2,Closed
INC-02835,SITE-002,2023-07-27,Leak,Critical,47.7,To yard month politics cut property.,Sensor Malfunction,9.1,Closed
INC-01504,SITE-002,2024-12-07,Leak,High,71.3,Peace next treat strong beautiful blue night wind share computer if alone.,Operator Error,14.8,Closed
INC-05461,SITE-005,2023-09-10,Leak,Medium,71.0,Weight hundred choice onto tough audience among let station tree pressure skill serious computer son black industry enjoy computer.,Third-party Damage,9.5,Open
INC-00963,SITE-004,2026-03-04,Near Miss,Low,78.4,Race rise provide machine let pass laugh wonder.,Material Fatigue,6.1,Under Investigation
INC-04615,SITE-001,03/05/2026,Leak,Medium,80.2,Glass fly hear kind spend hear anything on forward site.,Operator Error,8.7,Open
INC-04907,SITE-004,10/08/2023,Spill,Medium,76.5,Visit also return result cultural personal seat program individual visit shoulder.,Operator Error,12.7,Under Investigation
INC-01880,SITE-001,2025-09-16,fire,Low,92.1,Dog pretty movement reveal never movement.,,6.4,Under Investigation
INC-00356,SITE-004,03/26/2024,Near Miss,Medium,71.5,Red home her order.,Material Fatigue,1.8,Under Investigation
INC-00840,SITE-006,2024-02-29,,High,58.5,Middle technology member save usually day fear series explain experience yes.,Sensor Malfunction,6.2,Under Investigation
INC-00580,SITE-004,02/03/2026,Equipment Failure,High,70.7,Despite science billion describe idea Congress feel manage include.,Material Fatigue,7.4,Under Investigation
INC-02887,SITE-005,2024-07-19,Fire,Low,85.8,Idea audience join black remember source particular grow view catch positive impact dark against.,,10.6,Under Investigation
INC-01706,SITE-005,2025-12-16,Leak,Low,99.3,Street bed notice interest address page student.,,4.0,Closed
INC-00021,SITE-002,2023-11-08,Leak,Low,100.0,Subject body memory candidate part allow research protect upon.,Operator Error,13.0,Closed
INC-00302,SITE-002,16-Oct-2024,Fire,Medium,78.7,Expert tax worry final instead should way work.,Valve Failure,6.8,Under Investigation
INC-05754,SITE-001,2025-07-24,Fire,Medium,72.6,Again whole including conference later shoulder left.,Operator Error,5.7,Open
INC-01641,SITE-001,2024-01-02,Near Miss,High,61.5,Successful practice suffer involve along draw.,Third-party Damage,11.9,Under Investigation
INC-01320,SITE-002,2025-03-02,Equipment Failure,Medium,85.6,Anyone able or body beautiful yeah gun something will response common art finally.,Material Fatigue,1.6,Closed
INC-01782,SITE-002,2024-11-04,Equipment Failure,Medium,86.0,Return southern beat different democratic successful think concern peace artist many various style loss then finally line.,,3.7,Closed
INC-04596,SITE-003,01/13/2026,Fire,MEDIUM,79.9,Probably step order forget serious offer manage drop anything executive middle house.,Operator Error,5.2,Closed
INC-02132,SITE-003,2025-11-04,Fire,Critical,52.0,Movie player meeting manager guy visit chance education skin about.,Operator Error,0.9,Under Investigation
INC-04254,SITE-005,26-Sep-2023,Equipment Failure,High,53.6,Their news play.,Sensor Malfunction,21.1,Closed
INC-00115,SITE-003,2024-08-21,Leak,Low,96.5,Reason use successful involve assume nothing film grow court mouth buy inside last.,Sensor Malfunction,0.3,Open
INC-00841,SITE-004,2023-11-06,Near Miss,Low,85.3,Arrive nice season professional television plan.,Sensor Malfunction,8.1,Under Investigation
INC-05505,SITE-005,2023-11-05,Leak,Low,80.9,Price family name weight vote low.,,9.4,Under Investigation
INC-04487,SITE-001,2025-05-09,Fire,Medium,78.1,Stock agreement foreign challenge perhaps campaign position heart safe.,Corrosion,10.0,Under Investigation
INC-04014,SITE-002,2024-04-06,Equipment Failure,High,98.6,Tonight hard pay and yet hospital give town son drug born then.,Material Fatigue,12.1,Open
INC-04849,SITE-002,10/18/2024,Equipment Failure,Low,85.9,Tell later indeed break into land marriage daughter.,,2.9,Under Investigation
INC-03578,SITE-006,2025-01-15,Equipment Failure,High,65.8,Represent across Mr all yet suggest technology plant.,Material Fatigue,13.6,Closed
INC-00129,SITE-006,2025-10-19,Leak,High,40.2,Natural late run evening half decision discover letter wife face fact floor science.,Valve Failure,1.2,Under Investigation
INC-03865,SITE-001,18/01/2024,Equipment Failure,Low,86.6,School some them you debate can little weight rate.,Corrosion,6.2,Under Investigation
INC-00458,SITE-001,2026-05-19,Equipment Failure,,76.0,Short laugh their for reduce force generation behind become feel really business.,Valve Failure,9.5,Open
INC-00775,SITE-001,2026-03-22,Equipment  Failure,Low,80.6,Personal fine worry the song join catch career adult upon space her serious in.,Valve Failure,1.1,Under Investigation
INC-04767,SITE-003,22/03/2024,Spill,Critical,32.1,Talk whether traditional beautiful painting project.,Third-party Damage,10.9,Open
INC-04645,SITE-006,2025-05-15,Leak,Medium,67.0,Suddenly collection before center size model rock.,Operator Error,7.5,Closed
INC-05770,SITE-005,2025-10-28,Fire,High,53.1,Maintain eye store risk available discover notice rate.,Valve Failure,4.7,Closed
INC-04933,SITE-006,2026-01-22,Spill ,Critical,27.5,Parent crime both experience ask debate add over there relate own.,Material Fatigue,4.5,Open
INC-00951,SITE-002,2025-06-29,Spill,Medium,74.5,Thus two large image ago least teach serious rate.,Material Fatigue,4.6,Closed
INC-02016,SITE-006,2025-11-11,Equipment Failure,HIGH,74.4,Step role site certainly not section onto black various conference last star medical mention participant there tell member information nature.,Corrosion,6.7,Under Investigation
INC-04385,SITE-003,2024-07-15,Spill,crit,64.2,Clearly information off Mr two weight begin politics fear.,Valve Failure,3.4,Under Investigation
INC-05955,SITE-004,2025-09-02,Fire,High,49.0,Recent inside add who hotel reduce road push true although.,Corrosion,9.2,Closed
INC-05197,SITE-005,2026-04-26,Near Miss,Critical,55.5,Wish half now street four eat six feel provide term think together see.,,6.1,Closed
INC-04702,SITE-003,2024-09-20,Near Miss,High,53.4,Man central use fish bring young.,Third-party Damage,3.9,Under Investigation
INC-03061,SITE-002,07-Apr-2025,Leak,High,69.9,Daughter TV everyone law whatever nation.,Corrosion,8.5,Under Investigation
INC-02658,SITE-006,17/12/2025,Spill,High,51.1,Thing require food imagine civil send win life.,Material Fatigue,5.3,Open
INC-05447,SITE-005,2026-05-24,Fire,High,61.1,Skin rise city white different field property.,Corrosion,5.5,Closed
INC-02405,SITE-003,2023-07-31,Leak,Low,89.7,Way Congress president would need involve tree back couple area street summer suggest.,Valve Failure,7.4,Open
INC-00423,SITE-003,2024-12-02,Fire,High,64.1,Mr week policy brother television board half boy.,Operator Error,7.1,Under Investigation
INC-00923,SITE-006,23/07/2023,Leak,high,43.4,Stand available carry safe become attention really.,Sensor Malfunction,5.8,Closed
INC-00688,SITE-002,2024-05-17,Leak,Low,86.9,Conference notice stuff growth quality drug fund police whom have cultural beat common.,Corrosion,11.5,Closed
INC-01552,SITE-006,2025-11-15,Spill,High,60.7,Indeed add most leader resource another management fear area bill upon network morning share interesting artist man condition.,Operator Error,9.7,Closed
INC-02052,SITE-005,03-May-2024,Equip. Failure,Low,87.9,Guy focus gun media.,Corrosion,4.4,Open
INC-02802,SITE-004,2024-06-05,Near Miss,Low,76.2,Local way itself budget care country do here.,Valve Failure,8.7,Under Investigation
INC-03784,SITE-006,2024-03-21,Spill,High,61.9,Stage enter maybe much water gun expect word truth more street.,Valve Failure,4.6,Under Investigation
INC-00557,SITE-005,15-May-2025,Near Miss,Critical,46.1,Own night decide our teach.,Operator Error,5.6,Under Investigation
INC-04607,SITE-006,2025-12-02,fire,High,39.7,Appear choice dinner wife interview throughout less.,Valve Failure,11.0,Closed
INC-00859,SITE-004,2025-09-03,Near Miss,Medium,88.2,Main financial blood onto thus performance could.,Material Fatigue,14.0,Closed
INC-03568,SITE-002,2023-10-06,Equipment Failure,Low,99.5,Try detail few west suggest health suddenly stand certainly cold baby later interesting attack citizen often.,Operator Error,12.2,Closed
INC-00625,SITE-003,2023-11-12,Near Miss,High,52.2,Fight it unit skin anyone.,Material Fatigue,10.8,Open
INC-00045,SITE-001,2024-03-19,Leak,Medium,69.0,Organization describe language number information defense exactly through feeling see.,Sensor Malfunction,3.4,Open
INC-01707,SITE-001,2024-07-30,Fire,Low,91.1,Help run common size amount audience.,,4.1,Open
INC-01329,SITE-006,2025-01-02,Leak,Critical,29.9,Glass land here save hold experience father every.,Material Fatigue,0.4,Closed
INC-03853,SITE-003,2025-09-07,,High,63.6,Partner mention others interview play hope.,,3.3,Open
INC-05475,SITE-003,2024-05-02,Spill,High,66.0,Thousand there product eye interest what admit less region either sit.,Third-party Damage,4.2,Under Investigation
INC-02031,SITE-001,2025-10-14T00:00:00Z,Fire,High,53.3,Myself half indeed morning not blood soon value spring company loss talk international national ask.,Material Fatigue,2.8,Under Investigation
INC-04456,SITE-004,2025-06-27,Fire,Low,90.6,Join of white say glass keep pressure leg risk cultural political certain sometimes conference image.,Third-party Damage,3.2,Closed
INC-02841,SITE-001,2024-05-06,Leak,High,77.9,Pay spend activity development five page successful couple available camera.,Corrosion,8.1,Closed
INC-05647,SITE-005,2024-11-16,Near Miss,Medium,80.4,Economic sure good third majority letter.,,28.0,Under Investigation
INC-05602,SITE-004,2025-05-20,Fire,High,61.3,Suffer measure seek thought above firm may respond sure.,Material Fatigue,3.3,Closed
INC-05557,SITE-003,2023-11-20,Equipment Failure,Medium,69.2,Too act easy significant hit receive push agree future clear.,Material Fatigue,5.6,Under Investigation
INC-03700,SITE-004,2025-12-02,Spill,low ,88.9,Happy statement help culture kid base imagine social notice person.,Material Fatigue,11.8,Under Investigation
INC-03922,SITE-003,2023-11-24,Leak,Medium,89.5,Well tough partner sound.,Third-party Damage,2.7,Closed
INC-05684,SITE-002,2024-11-17,Equipment Failure,Medium,74.7,Travel off during plan every Congress able.,Third-party Damage,4.0,Under Investigation
INC-03885,SITE-003,2024-10-02,Near Miss,Medium,74.6,Just foreign election building money light rule huge.,Corrosion,5.0,Open
INC-02503,SITE-004,2024-12-16,Spill,Low,86.2,Although price speech until forget someone evening energy degree court trip daughter yard tax physical.,Sensor Malfunction,7.0,Under Investigation
INC-03407,SITE-002,31/07/2024,Fire,Low,88.8,Star teacher war once media age throughout scene ahead worry use when north meeting.,Operator Error,5.7,Closed
INC-01515,SITE-002,2023-08-08,Leak,Critical,51.5,Parent top issue himself rise onto fall well.,Corrosion,1.4,Closed
INC-03136,SITE-003,17-Jan-2025,,,68.6,Lay exactly specific this.,Sensor Malfunction,9.5,Closed
INC-02074,SITE-001,2025-03-24,Fire,Critical,51.1,Congress begin because forget especially.,Third-party Damage,2.0,Open
INC-05259,SITE-003,04/08/2023,Equipment Failure,Critical,48.3,Beautiful win admit story challenge reflect set.,Third-party Damage,21.3,Under Investigation
INC-00157,SITE-005,2026-06-17,Spill,Medium,67.4,Lawyer perhaps down training nature treat none decade various.,Sensor Malfunction,10.0,Closed
INC-02977,SITE-005,2025-10-29,Leak,Medium,71.5,Thousand eight southern fly leave yes.,Sensor Malfunction,11.3,Under Investigation
INC-00958,SITE-004,2024-10-20,,Med,66.8,Analysis group join hard decide catch rather way never and trial easy treat walk.,,4.4,Under Investigation
INC-03319,SITE-003,2024-07-12,,High,59.4,Year never Democrat campaign.,Valve Failure,2.8,Open
INC-04453,SITE-003,2025-04-15,Near Miss,High,52.3,Speak camera action activity small agreement.,Sensor Malfunction,5.5,Open
INC-02976,SITE-002,26-Mar-2025,Leak,Medium,80.4,Collection almost human box everybody total.,Operator Error,1.1,Open
INC-01522,SITE-001,11/24/2025,spill,Medium,66.3,Energy budget part threat quality reveal apply drop common order service option company always.,Valve Failure,15.4,Closed
INC-00204,SITE-002,2024-05-04,Near Miss,Low,83.9,Visit ball attorney vote respond hot born play arm small increase wrong lead former.,Valve Failure,12.9,Under Investigation
INC-02562,SITE-003,2025-11-09,near miss,High,45.1,Yourself summer machine early only physical production organization buy on more moment theory.,Material Fatigue,2.4,Under Investigation
INC-04699,SITE-005,2024-08-24,Near Miss,Medium,73.5,Sound stop soldier drive sit development like modern what carry throughout.,Valve Failure,1.5,Open
INC-03073,SITE-005,19-Sep-2023,Near Miss,Medium,70.8,Nearly debate according raise.,Corrosion,4.7,Closed
INC-03124,SITE-004,2026-05-09,Equipment  Failure,Low,94.3,Deep somebody down pass full Congress.,Valve Failure,17.9,Closed
INC-05237,SITE-002,2026-08-25,Near Miss,Critical,38.2,Real way energy wide her suffer or story learn.,Corrosion,4.2,Under Investigation
INC-03327,SITE-001,2024-12-24,Leak,medium,82.4,Laugh range price grow address authority to animal during machine despite meeting.,Sensor Malfunction,7.4,Open
INC-01554,SITE-005,2025-07-23,Near Miss,High,57.4,House rather force skill experience image employee weight once voice.,Material Fatigue,10.2,Open
INC-03699,SITE-003,2024-08-09,Fire ,Critical,32.0,Already still item look once mission drug section cost ago way theory keep million special large.,Sensor Malfunction,8.0,Closed
INC-05939,SITE-002,2024-10-23,Leak,Medium,75.0,Science design just wrong lead information these specific inside data too radio provide physical.,Corrosion,6.0,Closed
INC-00763,SITE-002,13-Oct-2024,Equipment Failure,Critical,38.6,Like task well bar onto.,Operator Error,3.1,Closed
INC-05271,SITE-001,2024-02-04,Fire,High,59.3,Available decide cell former receive once exactly suddenly.,Third-party Damage,9.4,Closed
INC-00214,SITE-001,2024-09-17,Near Miss,Medium,57.9,Risk market through possible open young physical.,Material Fatigue,4.6,Closed
INC-05503,SITE-002,02-Sep-2025,Near Miss,Low,90.6,Military material view decade thus budget without player first.,Operator Error,17.9,Under Investigation
INC-03878,SITE-003,21/09/2024,Leak,,71.8,Everything include stock direction list road about.,Corrosion,6.7,Under Investigation
INC-00229,SITE-006,2023-08-31,Equipment Failure,Medium,68.6,Manager capital agree continue current PM pick account since support.,Valve Failure,3.8,Under Investigation
INC-00007,SITE-005,2025-03-12,Equipment Failure,LOW,100.0,Serious western safe book law even.,Third-party Damage,8.2,Closed
INC-01569,SITE-006,2026-02-28,Spill,High,42.8,Soon indeed animal coach night race staff material.,Sensor Malfunction,8.4,Under Investigation
INC-03165,SITE-001,2026-05-28,Spill,Medium,73.0,Consumer campaign expert kid suddenly rest indeed answer little indicate measure build fish.,Third-party Damage,6.8,Closed
INC-00436,SITE-005,2026-09-12,Leak,Medium,60.5,Listen street feel reason phone discussion arrive keep spring consider.,Third-party Damage,5.1,Under Investigation
INC-05460,SITE-003,2024-12-02,Leak,High,61.6,Either away television public commercial figure score within vote answer.,Sensor Malfunction,4.1,Closed
INC-05380,SITE-005,2024-01-24,Leak,Hi,73.1,Move meeting old rock position collection play culture situation their everything.,Operator Error,3.3,Closed
INC-01833,SITE-002,2024-03-28,Near Miss,High,66.2,Republican after hour answer all glass once participant sister.,Operator Error,3.1,Open
INC-03152,SITE-003,2024-11-23,Leak,High,41.3,Truth police bring remain cut this discussion.,Valve Failure,17.3,Closed
INC-03171,SITE-003,2025-03-05T00:00:00Z,Near Miss,High,150.0,Travel including just economic thank general morning believe feeling.,Corrosion,9.3,Closed
INC-04187,SITE-006,2024-12-06,Leak,MEDIUM,58.5,Not anything face direction water international sure top fine decision pressure job always thing improve candidate be.,Sensor Malfunction,4.9,Open
INC-04105,SITE-006,06-Mar-2024,Leak,High,59.4,Ask forget long teacher to hear look great sign subject answer contain writer issue himself room however.,Operator Error,8.3,Closed
INC-05868,SITE-002,27-Mar-2025,Fire, Low,94.6,Half decide fast campaign.,Valve Failure,9.8,Open
INC-01745,SITE-005,09/15/2023,near miss,medium,82.3,Right agreement western almost behavior American contain dog long.,Sensor Malfunction,3.4,Under Investigation
INC-04457,SITE-001,2024-08-04,fire,Low,77.4,Stay car house risk letter first test best.,,5.9,Open
INC-04675,SITE-001,2025-08-12,,Critical,45.2,Suffer news growth fund put suffer debate experience ground main strategy improve people produce.,Corrosion,0.8,Closed
INC-02575,SITE-002,2026-01-30,Spill,Medium,73.8,Table get herself image hard help base information write camera interesting onto their front doctor her game.,Sensor Malfunction,6.9,Open
INC-02215,SITE-006,28-May-2026,Equipment Failure,high,59.0,During best follow high agency.,Third-party Damage,3.9,Closed
INC-04104,SITE-006,16/01/2025,Near Miss,Critical,21.7,Control likely own political management rest hold.,Third-party Damage,18.8,Open
INC-00404,SITE-004,2025-06-04,Spill ,,47.0,Weight party fear matter hold range for season opportunity suggest either page.,Third-party Damage,2.3,Closed
INC-01933,SITE-004,2023-10-10,Equipment Failure,Medium,70.3,Reduce control me have discuss himself over.,Material Fatigue,14.0,Under Investigation
INC-02508,SITE-003,2025-02-15,Spill,Critical,60.9,Step together partner whose civil different economy great per general soon key table tell quickly success meet act may.,Operator Error,4.2,Closed
INC-01486,SITE-006,2024-05-04,Near Miss,High,45.9,Sister list customer letter near.,Operator Error,4.6,Closed
INC-04799,SITE-006,2024-11-02,Leak,Medium,-5.0,Think interesting test ok mention hour mention image stand big feel rise since week every term both.,Sensor Malfunction,7.2,Closed
INC-04987,SITE-006,2025-02-21,,Critical,37.6,Stage evidence manage Mrs like real culture meet owner wall attack fall others level concern.,Third-party Damage,12.4,Closed
INC-05025,SITE-003,2023-09-16,Equipment Failure,Critical,29.4,Government debate not relationship statement area have close.,Material Fatigue,23.0,Open
INC-04756,SITE-004,2023-12-06,Spill,Low,83.8,And best work structure note late director yet someone must clearly positive history enjoy pass.,,4.9,Open
INC-05815,SITE-003,2026-07-15,Spill,High,68.0,Rule point create report of girl might place speech level.,,4.5,Under Investigation
INC-00831,SITE-003,2025-07-09,Leak,High,70.4,Well hour class open garden ready change respond kid side.,,6.9,Closed
INC-05734,SITE-005,2024-12-14,Fire,Low,85.0,Human appear figure best learn skin notice or more grow eight campaign.,Sensor Malfunction,8.9,Closed
INC-05448,SITE-004,2024-02-10,Spill ,Critical,49.3,Something represent within base another career move.,Corrosion,23.0,Closed
INC-00242,SITE-004,12/27/2025,Near Miss,,72.0,Course prove general great professor majority central newspaper trip morning.,Corrosion,15.9,Closed
INC-00517,SITE-002,2024-08-23,Near Miss,Medium,66.7,Low know suggest government ok deep ground.,Third-party Damage,10.0,Under Investigation
INC-02208,SITE-002,2023-11-11,Fire,Medium,70.2,Item evidence certain hour indeed daughter person might first also director word dark field finish hair.,Valve Failure,2.7,Under Investigation
INC-01994,SITE-004,17-Jul-2024,Near Miss,Medium,74.5,Political century shake mother would scientist wait.,Corrosion,4.2,Open
INC-04125,SITE-004,2024-04-20,EQUIPMENT FAILURE,Low,87.2,Well call water film in action recognize movement point employee.,Third-party Damage,2.2,Closed
INC-05993,SITE-001,2025-10-17,Leak,High,64.3,Instead war response effect every fight.,Material Fatigue,6.9,Under Investigation
INC-01882,SITE-003,2024-08-02,Spill,critical,33.3,Until level everybody week will through responsibility because experience cold develop.,,17.3,Open
INC-05607,SITE-006,2025-03-16,Spill,High,50.2,Wind appear entire face for.,Operator Error,15.5,Under Investigation
INC-03625,SITE-006,2024-06-20,Leak,High,63.7,Treat contain now forward risk ability wait.,Valve Failure,8.8,Under Investigation
INC-01899,SITE-006,2025-09-09,Leak,Medium,69.2,Bring owner partner only actually company magazine white news us go fact purpose.,Valve Failure,1.6,Open
INC-00611,SITE-001,24/08/2025,Spill,Low,94.0,Thing interest ok option compare enter join show away.,Operator Error,11.1,Under Investigation
INC-02952,SITE-005,2024-04-08,Near Miss,Medium,74.0,Spring cut bag special court region way century loss move especially him sort institution cut scientist point that woman real.,Corrosion,22.4,Under Investigation
INC-02690,SITE-002,28/02/2024,Equipment Failure,Medium,80.2,Six business election word carry speak painting responsibility our.,Material Fatigue,7.6,Under Investigation
INC-00354,SITE-002,2026-01-31T00:00:00Z,Near Miss,High,68.8,Realize manager speech write chair economic various gun ready probably official dark talk.,Material Fatigue,3.1,Closed
INC-01353,SITE-004,02/13/2026,Leak,High,43.8,Identify peace people face south physical on.,Valve Failure,1.5,Closed
INC-02076,SITE-005,2023-12-01,Spill,Low,88.8,Me live beat significant million brother hospital with country issue draw us policy to.,Third-party Damage,1.0,Open
INC-01012,SITE-005,04/30/2026,Spill,High,47.6,Fly few simply no possible final born ready.,Valve Failure,2.0,Under Investigation
INC-04808,SITE-006,07/01/2024,Spill,High,50.2,Last well building behind team successful.,Sensor Malfunction,5.9,Open
INC-04016,SITE-004,2024-12-18,Near Miss,High,62.4,Visit job own break area term career already hospital far hundred.,Sensor Malfunction,6.4,Under Investigation
INC-04228,SITE-004,2023-10-10,Equipment  Failure,Medium,83.2,Difficult debate pass citizen organization stand.,Sensor Malfunction,14.0,Closed
INC-04989,SITE-006,2026-04-24,Leak,Critical,35.2,Small prove describe name body instead number her dark author green understand positive.,Valve Failure,8.1,Closed
INC-01376,SITE-001,06/07/2026,Near Miss,Medium,80.6,Money performance deep employee admit now yard throughout.,Corrosion,13.9,Closed
INC-02648,SITE-003,2025-01-21,NEAR MISS,High,65.2,Need pick really training think treat music manage budget glass natural result can yeah leader.,Valve Failure,1.6,Under Investigation
INC-03639,SITE-004,2026-04-17,Fire,Low,93.1,Dark say candidate top poor unit wall.,Third-party Damage,2.6,Open
INC-05135,SITE-005,2026-06-04,Fire,High,70.3,Memory organization skill society assume feeling whether miss any too camera million.,,6.5,Under Investigation
INC-01039,SITE-004,2024-04-15,Equipment Failure, Low,86.6,Top change where why term bring can them yourself key in.,,3.2,Closed
INC-02230,SITE-004,2023-09-28,Spill,Medium,63.8,Serve record service pick thus crime two sign investment against young.,,19.3,Open
INC-04059,SITE-002,2023-08-14,Spill,High,49.6,Save foot hear strategy south stop she health job outside skill itself government.,Corrosion,6.8,Closed
INC-01038,SITE-002,2024-10-31,Near Miss,High,64.2,Off spring national major pretty admit save exactly fish.,Corrosion,1.9,Under Investigation
INC-02740,SITE-006,07/07/2024, fire,High,49.7,Foreign wrong rock focus.,Corrosion,7.7,Under Investigation
INC-00446,SITE-006,2026-03-30,Near Miss,High,56.8,Kitchen item your state summer apply yes quality someone writer win glass.,Sensor Malfunction,10.4,Under Investigation
INC-03645,SITE-003,2024-07-17,Near Miss,Critical,58.1,Husband policy sport catch yes debate.,Material Fatigue,10.0,Under Investigation
INC-05787,SITE-004,2026-02-16,Equip. Failure,Low,79.6,Think address think situation space almost national kind establish spring state.,Sensor Malfunction,3.2,Under Investigation
INC-00584,SITE-003,2026-04-23,Equipment Failure,Low,98.6,Place team new staff common.,Valve Failure,11.7,Under Investigation
INC-02875,SITE-006,2025-03-20,Equipment Failure,High,67.7,Mission half seem instead door.,,3.5,Open
INC-01459,SITE-002,2025-03-15,Fire,Low,91.1,Mr your return want material short well politics.,Corrosion,3.1,Open
INC-00508,SITE-003,2026-06-07,Spill,Critical,53.0,Successful ball Mrs guy enter allow sell nature white person feeling paper.,Third-party Damage,5.4,Under Investigation
INC-05180,SITE-004,2025-02-14,Near Miss,High,150.0,Through who your agent hot purpose space paper guess consider room expert positive.,Material Fatigue,4.8,Open
INC-05846,SITE-003,2026-05-14,Near Miss,Critical,39.2,Contain run light note describe up program.,Material Fatigue,8.2,Closed
INC-03402,SITE-003,2026-04-28,Spill, Low,84.2,Dinner loss commercial tend quickly foot need event so guy movement study price role leg thought success.,Operator Error,8.4,Closed
INC-05506,SITE-001,2024-04-29T00:00:00Z,Near Miss,,41.9,Attack interest maybe listen less happy home clear effect people own never economic maintain.,Operator Error,4.3,Open
INC-02172,SITE-003,2023-11-17,near miss,Critical,22.0,Pm station response Mrs new ability employee trip decade develop include.,Corrosion,2.6,Closed
INC-05225,SITE-004,05/31/2024,Equipment Failure,Hi,55.6,Role partner good allow throw politics direction arrive research admit true run civil.,Valve Failure,8.0,Open
INC-00365,SITE-004,2026-02-06,Equipment Failure,Low,87.4,Soon enter speak nor world scientist necessary sell difference hand song day.,,2.2,Open
INC-03613,SITE-005,2025-10-08,Near Miss,High,72.4,Science no alone entire sort ball sometimes fine.,Sensor Malfunction,2.1,Under Investigation
INC-00058,SITE-005,2025-10-08,Equipment Failure,Low,96.9,Music purpose subject price forward enough player health.,,11.0,Under Investigation
INC-01518,SITE-001,2024-10-07,Near Miss,Critical,39.8,The mention include up current purpose bit.,Valve Failure,15.4,Open
INC-05214,SITE-003,2025-10-24,leak,Critical,65.1,Shoulder industry positive should will themselves interesting.,Corrosion,10.5,Under Investigation
INC-04473,SITE-002,2024-03-21,Near  Miss,Low,82.8,Some this understand memory reduce fear but.,Corrosion,6.9,Under Investigation
INC-02786,SITE-003,2025-05-13,Spill,Critical,22.8,Must medical pressure nice specific sing lot politics.,Sensor Malfunction,4.3,Under Investigation
INC-01928,SITE-005,2024-02-23,Near Miss,Medium,73.9,Management should cell listen second leave itself.,Corrosion,6.1,Under Investigation
INC-02107,SITE-003,2026-06-24,Leak,Medium,78.6,Rule beautiful strategy chair cell must sort sure increase.,Third-party Damage,4.0,Open
INC-03856,SITE-003,2025-01-22,Leak,High,104.0,Program always listen center.,Operator Error,14.7,Closed
INC-03618,SITE-006,2023-10-24,Near Miss,Critical,50.3,Main expert suggest church civil tree themselves.,Sensor Malfunction,9.8,Under Investigation
INC-04620,SITE-001,2023-11-10,Spill,Low,85.1,Hope modern usually stock their character.,Corrosion,11.3,Under Investigation
INC-04659,SITE-003,2024-05-31,Leak,Low,90.1,Nation mouth life attention through easy next wish city thank daughter win possible.,Sensor Malfunction,23.6,Closed
INC-04966,SITE-006,2023-09-14,Spill ,Low,86.5,School issue kind bed past soldier involve.,,12.8,Open
INC-01919,SITE-006,16-Sep-2023,Equipment Failure,Critical,72.5,Mother matter challenge same without day worry central whether to rest paper through detail wait fill president perform.,Material Fatigue,10.7,Closed
INC-02212,SITE-003,03-Feb-2026,Leak,High,46.0,Strategy keep son best light step.,Material Fatigue,3.7,Closed
INC-03687,SITE-005,2025-02-27,Leak,Low,96.1,Serious oil medical remain similar politics.,Operator Error,6.9,Closed
INC-03473,SITE-004,2024-06-11,Near Miss,Low,93.7,Sell environment election lose reach fight understand fight along eye summer process officer hotel weight significant.,Third-party Damage,7.1,Under Investigation
INC-05909,SITE-006,2025-03-19,Equipment Failure,High,45.0,Glass actually explain perform few material hot feel role.,Sensor Malfunction,8.0,Closed
INC-01014,SITE-001,2025-09-27,Equipment Failure,low ,94.6,A little box federal seven forget.,,8.2,Open
INC-04053,SITE-002,2024-03-06,Equipment Failure,MEDIUM,65.3,Five sort girl here minute Republican certainly apply strategy itself build.,,6.4,Under Investigation
INC-03355,SITE-004,2026-05-26,Near Miss,Medium,73.0,Open account magazine success cultural discover wear your back program piece agree left article this fast ability.,Material Fatigue,8.2,Open
INC-01851,SITE-002,2026-02-09,Equipment Failure,Medium,76.5,None turn tough reduce clearly travel today.,,18.2,Open
INC-03884,SITE-006,2026-05-04,Spill,Medium,75.6,Hair tough major else focus do maybe Republican government give away company around.,Material Fatigue,12.5,Under Investigation
INC-02540,SITE-004,2025-02-19,Near Miss,Low,84.5,Many family because certain rest red evidence accept board.,,3.2,Open
INC-01513,SITE-005,2024-03-10,Fire,Low,86.3,Image fund goal left skin with significant.,Corrosion,7.1,Under Investigation
INC-02832,SITE-002,2025-10-26,Spill,Low,95.8,Describe project around discuss season.,Third-party Damage,26.3,Open
INC-05538,SITE-004,2025-01-18,Fire,Low,80.2,Training night kitchen write tonight operation mean smile training actually.,Sensor Malfunction,3.4,Open
INC-04412,SITE-001,03/17/2024,Fire,Low,93.8,Fast too city I value hope pretty factor.,Sensor Malfunction,3.8,Closed
INC-04965,SITE-001,2026-04-07,Equipment Failure,Low,85.7,Foreign your simple especially wish other season look worker watch go.,Operator Error,14.6,Closed
INC-00569,SITE-002,2025-01-12,LEAK,Low,91.4,If mind step customer respond fine find scientist this imagine visit religious method main friend.,Material Fatigue,1.0,Under Investigation
INC-05307,SITE-003,2024-12-02,Near Miss,High,58.3,Candidate near art popular head suggest memory statement show develop box science good.,Sensor Malfunction,13.0,Open
INC-04410,SITE-002,2026-05-02,Equipment Failure,Low,82.3,Too hit same stage discover degree task.,Material Fatigue,5.3,Open
INC-03592,SITE-005,2024-04-28,Equipment Failure,Critical,48.6,Whatever young I dream probably hear record oil.,Corrosion,4.1,Under Investigation
INC-00240,SITE-003,2024-10-06,Leak,High,62.0,Short successful arm painting very group sometimes base sit business simple focus card bed understand contain room.,Corrosion,9.2,Closed
INC-05699,SITE-006,2023-11-24,Near Miss,Critical,55.5,Somebody bank develop rule carry travel number partner.,Third-party Damage,0.7,Closed
INC-05706,SITE-006,03/08/2023,Near Miss,Medium,80.5,Success plan whose decision type fill court.,Operator Error,2.8,Closed
INC-05378,SITE-002,09/04/2025,Near Miss,Low,83.0,Teach control husband no scientist support worker everyone bed.,Valve Failure,6.8,Under Investigation
INC-04698,SITE-005,2023-08-24,Leak,High,63.1,Large family accept election western truth TV sense.,,2.2,Under Investigation
INC-03281,SITE-001,2025-12-19,Leak,Low,91.8,Able perhaps computer rock campaign work summer into tough trip her keep scientist conference evening glass.,,9.2,Closed
INC-00780,SITE-005,2026-04-11,Equipment Failure,,71.9,Price usually senior from growth but.,Valve Failure,2.8,Open
INC-04731,SITE-001,2024-02-29,Near Miss,Medium,74.7,West happen stock term agree may.,Material Fatigue,2.1,Under Investigation
INC-05016,SITE-003,2026-09-21,Spill,Low,86.1,Weight source democratic head tree reason concern may move where.,Operator Error,5.3,Under Investigation
INC-04460,SITE-006,2025-05-03,Leak,Critical,55.7,Mr phone hour field assume recent red.,Corrosion,13.6,Open
INC-02424,SITE-001,2025-02-19,Fire,High,115.7,Civil local sport either partner information treatment during language spend debate nature general want finish attorney bad almost above.,Sensor Malfunction,1.4,Under Investigation
INC-02865,SITE-005,2026-04-26,Equipment Failure,Medium,80.4,Born activity assume visit capital talk sense maybe inside huge.,Valve Failure,19.4,Closed
INC-02118,SITE-005,2024-10-21,Fire,Low,98.5,Method agent maintain wonder around once perhaps clear home game see church church organization everything plant.,Valve Failure,0.9,Open
INC-05611,SITE-001,2025-06-28,Spill,Low,83.5,Boy appear economy response result have out teacher occur.,Corrosion,6.6,Closed
INC-03565,SITE-001,2026-01-20,Near Miss,Critical,32.8,Administration dream member short more week.,Operator Error,9.3,Closed
INC-02422,SITE-002,07-Mar-2026,,Critical,33.7,Be artist letter tax democratic give this small role deal issue write family baby today soon.,Corrosion,0.5,Open
INC-05567,SITE-003,02/23/2026,Near Miss,High,77.0,Issue safe recent reality reduce major decade eye hot.,Material Fatigue,11.9,Under Investigation
INC-04292,SITE-004,2024-05-20T00:00:00Z,Equip. Failure,Medium,78.3,His allow front speak alone care thought church couple toward.,Valve Failure,4.2,Open
INC-05536,SITE-003,2024-12-10,Equipment Failure,High,66.1,Very cut per join let direction among despite a.,,5.5,Under Investigation
INC-02902,SITE-003,2026-02-03,Equipment Failure,,69.9,Just woman speech together hour story together girl.,Corrosion,2.5,Under Investigation
INC-02038,SITE-006,2025-12-25,Near Miss,High,51.4,Save bank issue model continue tonight defense north.,Sensor Malfunction,4.6,Under Investigation
INC-02688,SITE-001,2025-01-10,Leak,Medium,65.5,Office shoulder week project trade health thought road pass activity.,Operator Error,6.7,Under Investigation
INC-04804,SITE-004,2025-12-17,Near Miss,High,74.6,Both significant thing amount could necessary table where administration group indeed.,Material Fatigue,12.8,Closed
INC-01896,SITE-002,2025-01-18,SPILL,High,68.8,Skill understand ground picture under democratic him.,Material Fatigue,3.8,Closed
INC-00110,SITE-006,2024-03-12,Leak,Critical,50.4,Try eat seem which relate provide worker day expert establish explain participant catch say.,Third-party Damage,4.4,Closed
INC-04529,SITE-001,2026-02-21,Leak,High,72.7,Call attorney close great land service.,Third-party Damage,4.2,Open
INC-05924,SITE-004,20-Jan-2026,Equipment Failure,Medium,69.9,Imagine democratic must challenge.,Corrosion,6.1,Closed
INC-02287,SITE-002,2024-03-09,Leak,High,53.5,Skin watch however main hotel already whatever we hospital because.,Sensor Malfunction,2.5,Closed
INC-03350,SITE-001,2025-07-17,Equipment Failure,Medium,76.6,History nature than consumer night read science include these simple room speak good.,Third-party Damage,0.7,Open
INC-02590,SITE-004,2024-04-18T00:00:00Z,,Low,95.1,Think I never rather miss walk.,Operator Error,4.3,Closed
INC-05534,SITE-006,06/02/2024,Leak,High,54.1,Environmental operation end difficult today able despite democratic line family door myself natural.,Third-party Damage,10.9,Under Investigation
INC-00424,SITE-006,2023-09-23,Fire ,High,42.3,Science his friend area born positive person occur claim to specific since.,Operator Error,17.9,Under Investigation
INC-04690,SITE-005,2026-06-30,Leak,Low,91.2,Three office assume opportunity current morning.,Operator Error,3.1,Open
INC-03550,SITE-006,2024-11-02,,High,48.4,Imagine Republican agreement east other main customer.,Valve Failure,3.4,Closed
INC-02862,SITE-006,2023-09-29,Fire,Critical,27.1,Thought impact improve suffer wife character all table trip power yes serious view reduce.,,5.9,Under Investigation
INC-03442,SITE-003,2023-10-01,Fire,High,65.2,Whether degree trouble agreement enough relate sense into range significant court.,Sensor Malfunction,7.8,Closed
INC-01957,SITE-006,2024-02-13,Spill,Critical,41.0,Deal including side window simple bed yet agreement property free spend structure.,Operator Error,9.1,Under Investigation
INC-01450,SITE-003,2025-09-12,Leak,High,75.8,Forward baby machine why without in cost situation clearly project say determine.,Third-party Damage,5.6,Open
INC-01636,SITE-001,2025-11-12,Spill,Critical,40.8,Question action office daughter no common tend do perhaps worker daughter determine recently member meeting.,Valve Failure,8.5,Under Investigation
INC-04145,SITE-005,2024-02-06,Equipment Failure,High,56.3,Friend effort attack although hard choice wonder hear price question practice property.,,12.7,Closed
INC-00011,SITE-006,2024-01-30,Leak,Critical,50.2,What race imagine forget American wear tonight same body data see open develop save sell interview order military example.,Material Fatigue,7.0,Closed
INC-03183,SITE-003,2026-05-14,Spill,High,53.5,Section ability may girl life work enter.,Operator Error,2.0,Open
INC-04809,SITE-004,2024-10-08,Near Miss,Low,90.4,Hit stage return son population recently whose.,Sensor Malfunction,1.6,Under Investigation
INC-02457,SITE-004,31-Mar-2024,Near Miss,Critical,60.7,Grow and note learn term score upon after bag medical.,Sensor Malfunction,7.6,Under Investigation
INC-01345,SITE-003,2024-09-26,Leak,High,69.8,And season democratic this add mention letter professional same one.,Sensor Malfunction,9.6,Open
INC-00791,SITE-003,04-Jun-2024,Leak,High,70.5,Even economy dream political probably large fly blue very inside only glass yourself each avoid study doctor arrive key body skin.,Valve Failure,6.3,Under Investigation
INC-04008,SITE-004,2026-05-06,Leak,Critical,37.1,Field protect our though animal case energy.,Third-party Damage,6.8,Closed
INC-00271,SITE-002,2024-02-24,Near Miss,low,88.5,Network eight morning tonight stuff although know sure month blue.,Valve Failure,13.8,Under Investigation
INC-00090,SITE-004,26-Aug-2024,Fire,Medium,79.4,Mrs might rest rest defense kind production half represent guess arm project.,Material Fatigue,16.1,Open
INC-05148,SITE-005,2024-09-14,Near Miss,low ,83.9,Instead nice race help benefit site day report large will put.,Sensor Malfunction,0.8,Open
INC-04506,SITE-003,2024-05-05,Near Miss,Critical,56.5,Education dinner picture ok turn require level student do against.,Sensor Malfunction,3.8,Open
INC-00813,SITE-003,2024-12-23,Fire,High,53.0,Sport education turn tonight human it.,,5.5,Open
INC-01724,SITE-003,2024-12-17,Leak,High,50.8,Lose contain fill attention.,Third-party Damage,12.1,Closed
INC-03590,SITE-003,2026-10-11,Fire ,Medium,68.8,Order him piece blood much leave.,Operator Error,4.9,Open
INC-01454,SITE-006,2024-06-02,Leak,Medium,73.0,Meeting different simple during sure order phone idea.,Valve Failure,14.7,Closed
INC-02742,SITE-004,2024-01-22,Leak,Medium,46.6,Worry price when face prove alone according responsibility.,Sensor Malfunction,4.5,Under Investigation
INC-04865,SITE-003,2026-04-18T00:00:00Z,Leak,Critical,38.2,Last group chair machine discover exist amount morning.,Sensor Malfunction,5.0,Under Investigation
INC-05650,SITE-004,2023-10-22,Leak,Low,76.9,Finish might begin appear teach arm investment million.,Sensor Malfunction,13.9,Open
INC-00769,SITE-001,2023-09-01,Spill,Medium,79.0,Design degree fear event.,Sensor Malfunction,15.7,Open
INC-03472,SITE-002,2024-12-29,Near Miss,Medium,58.3,Specific executive financial public take language impact.,Corrosion,13.8,Open
INC-03843,SITE-003,2026-07-02,Fire,Medium,72.3,Born conference country yard late financial fund law.,Corrosion,6.6,Under Investigation
INC-03087,SITE-005,2025-06-14,Near Miss,Medium,74.2,Guy table significant whole impact candidate garden woman.,Operator Error,11.5,Under Investigation
INC-05805,SITE-003,2026-08-27,Leak,High,48.7,Wind own food anyone authority lot collection mouth.,Valve Failure,4.2,Closed
INC-04227,SITE-003,2025-03-29,equipment failure,High,74.0,Make senior soon couple behind technology result leader almost writer along off court nice.,Valve Failure,17.8,Closed
INC-02164,SITE-005,2024-11-06,Fire ,High,62.7,Strong big range piece everything politics realize ball wall drive professor son.,Corrosion,9.0,Closed
INC-01670,SITE-002,2024-10-08,Fire,Medium,74.0,Magazine development visit staff various defense common participant treatment real these song wind similar music total time part police.,Sensor Malfunction,8.7,Under Investigation
INC-01793,SITE-003,2026-02-06,Spill,,85.7,None fact executive no.,Third-party Damage,1.7,Closed
INC-00594,SITE-004,2024-01-24,Equipment Failure,High,60.0,Into chance teacher behavior possible mention option clearly move remain billion.,Corrosion,2.4,Under Investigation
INC-05799,SITE-002,2024-03-25,Near Miss,High,75.0,Sure political cup food perform involve study minute end.,Sensor Malfunction,11.8,Open
INC-02434,SITE-005,17-Jan-2024,Leak,High,77.5,Able view relate guess matter college paper maintain.,Material Fatigue,17.6,Open
INC-00342,SITE-006,2025-01-13T00:00:00Z,Spill,Critical,58.6,Congress right value same song statement together speak civil.,Valve Failure,3.2,Open
INC-05131,SITE-002,2024-03-08,Near Miss,High,64.4,Instead think prevent statement.,Corrosion,4.9,Under Investigation
INC-01628,SITE-006,2026-02-25,Near Miss,High,68.3,Evening which guy safe enter study.,Sensor Malfunction,9.6,Closed
INC-04636,SITE-003,2023-11-29,Fire,Crit,37.4,Lead then head although.,Material Fatigue,1.9,Under Investigation
INC-03287,SITE-005,2025-08-04,Equipment  Failure,Low,83.0,Gun product start hotel chance mouth table decide campaign recognize another sometimes arm.,Sensor Malfunction,12.3,Closed
INC-04135,SITE-003,2025-01-21,Leak,Critical,57.2,Back real defense Republican side chance other of plan sense own capital either offer marriage study.,Valve Failure,29.1,Closed
INC-02170,SITE-003,10-Feb-2024,NEAR MISS,Medium,78.9,Time what create trial word weight month operation spring conference fine necessary remember.,Valve Failure,9.2,Under Investigation
INC-00422,SITE-001,31/10/2024,Fire,High,41.4,Board simple task agency federal hair first detail attorney.,Sensor Malfunction,3.0,Under Investigation
INC-02729,SITE-005,2023-10-05,Equipment Failure,Low,73.4,Consumer take lose my local worker eye four turn anything debate enter.,Sensor Malfunction,8.0,Open
INC-01585,SITE-004,2024-08-04,Equipment Failure,Low,84.1,Increase themselves service type offer defense off half part.,Operator Error,4.9,Open
INC-02779,SITE-001,2025-04-18,Near Miss,Medium,79.5,Herself region seek couple city.,Sensor Malfunction,19.2,Open
INC-02561,SITE-006,2025-01-19,Leak,Medium,68.5,Increase prevent feel still produce social professional upon sister about.,Operator Error,8.2,Under Investigation
INC-05114,SITE-003,2024-11-05,Leak,crit,34.9,Quickly however clear individual owner major.,Valve Failure,4.9,Open
INC-03430,SITE-006,2023-07-23,Near Miss,High,74.4,General maintain issue dark magazine care brother produce group report suffer financial.,Material Fatigue,11.4,Open
INC-03117,SITE-002,2023-10-03,Fire,Low,98.3,Art still change Mrs method type animal effect.,Material Fatigue,3.7,Open
INC-02139,SITE-001,2026-03-13,Near Miss,High,84.7,Class design join near hard whose space air produce.,Operator Error,17.6,Open
INC-02261,SITE-006,2026-01-16,Spill,crit,40.4,List or color explain read meet what career reason despite ready.,Material Fatigue,26.6,Under Investigation
INC-02100,SITE-002,2023-10-10,Fire,Critical,45.5,Get president letter especially program perform daughter.,Valve Failure,6.3,Closed
INC-04043,SITE-004,2025-11-23,Equipment Failure,,96.6,Point stuff they stand simple cell real majority.,Valve Failure,6.1,Under Investigation
INC-03576,SITE-004,2024-06-14,Leak,Medium,81.7,Green dog son note him better paper laugh mean involve.,Operator Error,1.2,Closed
INC-00933,SITE-001,2026-05-18,,Medium,115.7,Run listen mean cultural but discussion produce produce.,,5.8,Closed
INC-00785,SITE-006,2026-01-28,Leak,Low,85.3,Which market heart huge such fill individual information bed bag power blood one it really.,Corrosion,8.7,Open
INC-01373,SITE-004,2024-02-04,Fire,High,52.9,Section arrive sure realize possible realize my fast.,Operator Error,4.8,Under Investigation
INC-03051,SITE-006,2025-05-31,Leak,Low,85.9,International say live determine investment thought team him order sure reality single.,Corrosion,1.7,Under Investigation
INC-05329,SITE-004,2025-07-01,Spill,Low,84.4,Business at help drive anything.,Corrosion,10.2,Open
INC-04784,SITE-002,2025-07-28,Spill,Low,-5.0,Yard management stand tough include example time deep.,Material Fatigue,8.0,Under Investigation
INC-03348,SITE-001,2024-06-14,,Medium,59.5,Camera yeah cold statement police increase per room security people far now yeah.,,3.1,Closed
INC-05961,SITE-001,02-Aug-2023,Leak,Low,89.6,Impact far wife shake movie adult.,Operator Error,20.6,Open
INC-04262,SITE-003,2025-04-07,Near  Miss,Medium,70.2,Family whose chance give himself find smile rest court.,Third-party Damage,2.5,Open
INC-02680,SITE-003,2026-02-02,Spill,Low,86.2,Early guess heavy green left herself really since senior performance once size garden anyone often here environmental produce.,Third-party Damage,20.5,Open
INC-04026,SITE-001,2026-01-08,Spill,Low,97.9,Loss real without exactly sport exactly west him heavy leader investment evidence.,,6.9,Open
INC-01360,SITE-003,2024-01-12,Near Miss,High,64.5,Vote represent option million bill character develop.,Corrosion,4.8,Open
INC-04306,SITE-005,2025-10-01T00:00:00Z,Fire,Low,78.6,Toward enough thus our ability direction music deal environmental question.,,1.5,Open
INC-01530,SITE-006,2024-08-12T00:00:00Z,Near Miss,Medium,61.0,Else pull home agent along degree garden toward body investment power.,Valve Failure,6.0,Open
INC-01537,SITE-001,2025-01-08,Near Miss,low,91.3,If admit reveal church stand run two economy good heavy behavior land.,Material Fatigue,9.2,Under Investigation
INC-01963,SITE-006,2023-08-30,Near Miss,High,104.0,Production red anything some push.,Material Fatigue,8.2,Closed
INC-04677,SITE-005,2023-07-24,Equipment Failure,CRITICAL,59.2,Interest garden eight I its song moment now despite hope explain force community born difficult thus.,Third-party Damage,10.4,Open
INC-03691,SITE-005,2024-12-15,Equipment Failure,MEDIUM,88.1,Push know direction fast add compare describe.,Valve Failure,7.7,Under Investigation
INC-03230,SITE-005,2024-11-13,Leak,Medium,64.9,Wall let recognize condition leave effort.,Material Fatigue,25.3,Under Investigation
INC-00591,SITE-005,2024-08-03,Leak,High,58.9,Since service according four mother car sometimes.,Operator Error,2.1,Under Investigation
INC-03657,SITE-002,2024-03-08,Equipment Failure,Medium,84.9,Window difference agreement red give food production.,Sensor Malfunction,5.8,Closed
INC-02687,SITE-006,2023-11-18,Near Miss,High,68.1,Assume purpose serve add site.,Corrosion,13.7,Under Investigation
INC-01376,SITE-001,06/07/2026,Near Miss,Medium,80.6,Money performance deep employee admit now yard throughout.,Corrosion,13.9,Closed
INC-03145,SITE-003,2024-02-15,Near Miss,High,70.3,Truth military describe professional beat north claim public not school focus speak.,Third-party Damage,3.8,Under Investigation
INC-03966,SITE-002,2025-07-27,Leak,Medium,115.7,Series low election tonight hot more form serve down candidate now civil floor.,Valve Failure,1.0,Closed
INC-00811,SITE-005,2024-04-30,Leak,,94.8,Often produce south treatment rather possible perform authority film whom than.,Operator Error,4.7,Closed
INC-02526,SITE-002,2025-08-07T00:00:00Z,Spill,,94.8,Card movie impact surface one morning effect relate parent bad brother particular security few why.,Third-party Damage,17.1,Closed
INC-03397,SITE-002,2026-01-01,Fire,,88.7,Firm maybe go owner give above enjoy or.,Operator Error,24.0,Closed
INC-00946,SITE-006,2024-03-06,Equipment Failure,Medium,67.3,All skill later animal those east message beyond customer back wait general no market side wish per itself.,Operator Error,3.4,Closed
INC-02251,SITE-006,2025-11-10,Fire,High,68.6,Situation beautiful doctor manager.,Material Fatigue,11.7,Open
INC-05182,SITE-003,2024-01-14,Spill,Hi,43.0,Share town project brother show simply Mr company which fast nature recently close school no Democrat.,Sensor Malfunction,14.4,Under Investigation
INC-01187,SITE-003,2023-09-28,Equipment Failure,High,52.9,City television bad seven citizen moment.,Third-party Damage,2.1,Closed
INC-04716,SITE-001,2024-09-09,Fire,Low,83.6,By article much bit.,Material Fatigue,14.9,Open
INC-02383,SITE-002,2024-02-10,Spill,Critical,42.7,Factor look figure within try plan recognize support media also their.,Corrosion,8.1,Under Investigation
INC-00379,SITE-001,2026-01-17,Near Miss,Medium,84.4,Phone finish nor media PM our mission with then eye common.,,9.1,Under Investigation
INC-05893,SITE-002,2026-04-15,Near Miss,Low,88.4,These himself strong or risk near draw yeah year.,Sensor Malfunction,21.4,Closed
INC-04477,SITE-006,01-Nov-2024,Equipment Failure,high,65.1,When just pressure star able yard last service building name.,Material Fatigue,3.6,Open
INC-04536,SITE-003,2026-02-28,Spill,Critical,55.5,House always prevent student great those relationship tax start dream former.,,23.2,Open
INC-04119,SITE-006,2024-01-25,Equipment Failure,High,66.1,Eight have send scene spend TV look model firm range.,Corrosion,9.7,Closed
INC-02126,SITE-003,2025-05-31,Equipment Failure,High,48.0,Bit state read question store real move.,Valve Failure,3.8,Closed
INC-05583,SITE-006,2026-05-07T00:00:00Z,Spill,Hi,60.8,Debate free bit car data similar position across serious watch wish modern system those on grow else star west.,Third-party Damage,16.6,Closed
INC-02994,SITE-005,10/03/2023,Equipment Failure,Low,95.1,Begin term debate station share pull man sign situation sit religious total guy military.,Sensor Malfunction,5.7,Closed
INC-00792,SITE-001,2023-09-18,Equipment Failure,Low,92.1,Newspaper yeah could message anyone.,Valve Failure,6.9,Open
INC-00756,SITE-005,2025-06-25,Fire,Medium,74.1,Per knowledge all nation set force art instead fall sort green could ready.,Third-party Damage,21.8,Under Investigation
INC-05152,SITE-002,2025-11-27,Fire,Medium,77.4,Economy worry manager first American past write voice.,Sensor Malfunction,4.1,Closed
INC-00805,SITE-005,2026-09-08,Spill,Hi,67.9,Room include well push method affect painting major miss clear mouth.,Valve Failure,12.7,Under Investigation
INC-04827,SITE-001,2025-11-19,Near  Miss,Low,90.4,Tend Republican view degree edge general.,Third-party Damage,3.2,Under Investigation
INC-05812,SITE-003,2025-12-14,Near Miss,High,81.9,Like matter force admit loss set officer consider partner among you his maybe central simple us.,Valve Failure,3.4,Closed
INC-02511,SITE-001,2023-12-05,spill,Critical,57.9,Effect order reveal long rise gas coach trade upon drive exactly front scene.,Valve Failure,7.5,Under Investigation
INC-03188,SITE-001,2026-10-10,Equipment Failure,Low,87.1,A medical easy not return cause method themselves close ever raise laugh color force realize phone war.,Third-party Damage,22.2,Under Investigation
INC-02211,SITE-001,2026-07-04,Spill,Medium,77.2,Number fly forget official buy or.,Valve Failure,5.7,Closed
INC-00719,SITE-003,2024-11-02,Leak,High,56.4,Hold happy skin development college win up today.,Operator Error,8.7,Open
INC-00019,SITE-005,2025-06-24,Equipment Failure,Medium,64.4,Single at sign task believe.,Sensor Malfunction,5.4,Closed
INC-01018,SITE-006,2023-11-09,,High,53.8,Husband Republican keep company plant laugh plant difference usually put pick.,Sensor Malfunction,5.8,Open
INC-04766,SITE-006,2026-04-26,Equipment Failure,Critical,61.9,Another which friend officer.,Operator Error,15.9,Open
INC-03497,SITE-002,2026-03-20,Leak,Low,90.6,Team after so thing speech physical.,Material Fatigue,3.4,Under Investigation
INC-02130,SITE-003,11/06/2025,,Critical,44.8,Mouth phone when dog enter receive miss kid listen audience.,Third-party Damage,10.9,Open
INC-05386,SITE-006,01/26/2025,Fire,,39.5,Until area chance improve focus investment dark debate meet value.,,8.3,Closed
INC-03433,SITE-001,2024-09-14,Equipment Failure,,76.2,Visit financial sense group available official according war.,,15.1,Under Investigation
INC-04534,SITE-002,2026-08-23,Spill ,Medium,77.2,Us rate speech plan save space data.,Third-party Damage,14.0,Open
INC-01203,SITE-003,2026-06-17,Equipment Failure,High,57.1,Wide thing mission five room soon full south agent whatever.,Corrosion,10.5,Open
INC-01277,SITE-002,2023-09-09,Leak,Critical,57.6,Small car benefit fly kitchen radio audience.,Third-party Damage,12.7,Under Investigation
INC-01410,SITE-006,2024-12-03T00:00:00Z,Leak,Critical,65.9,Gun gun song past information any add word decide magazine issue field.,,13.0,Closed
INC-01436,SITE-006,2026-05-28,Leak,High,65.3,Hit call bank everybody memory.,Corrosion,3.6,Under Investigation
INC-00874,SITE-006,2024-09-26,Leak,High,60.0,Card or class human sound maybe billion least its attention by ability painting others task she participant.,Material Fatigue,3.3,Closed
INC-03089,SITE-003,2025-05-26,Spill,Medium,76.7,Upon service partner customer side case would various at left rather style method especially woman.,Third-party Damage,2.3,Closed
INC-01175,SITE-004,2025-02-03T00:00:00Z,Leak,Medium,88.6,Ball run find trial record.,Valve Failure,3.5,Under Investigation
INC-00931,SITE-004,2024-11-28,near miss,Low,90.4,Need particularly sense while tend make relationship sound success.,Third-party Damage,6.8,Open
INC-02331,SITE-005,2025-03-27,Equipment Failure,Low,83.2,Very wait plan style writer plant fast garden very others environment life have.,Operator Error,8.2,Closed
INC-01546,SITE-006,2025-10-16,Near Miss,Critical,80.5,Not several around house another author weight attack own reduce participant something daughter.,Material Fatigue,4.0,Under Investigation
INC-04963,SITE-005,2025-07-06,,,64.9,Able mind miss newspaper force include.,Material Fatigue,13.3,Under Investigation
INC-03135,SITE-001,2023-08-06,Near Miss,Low,86.6,Common company writer large must term.,Corrosion,3.8,Closed
INC-03773,SITE-003,03/05/2026,Leak,,66.5,Difficult state begin conference another account film end similar.,Operator Error,9.0,Under Investigation
INC-04227,SITE-003,2025-03-29,equipment failure,High,74.0,Make senior soon couple behind technology result leader almost writer along off court nice.,Valve Failure,17.8,Closed
INC-00301,SITE-005,04/29/2026,Equipment Failure,Low,81.4,His visit election student low responsibility mission debate successful once.,Corrosion,5.6,Closed
INC-03057,SITE-004,11/14/2024,,Low,76.4,Worry right claim entire high issue everyone half hundred talk.,Corrosion,10.3,Under Investigation
INC-03036,SITE-005,21/02/2024,Fire,High,45.2,Per them become way minute talk really deep understand avoid matter notice require clearly personal information bring.,Valve Failure,13.1,Closed
INC-02330,SITE-006,2026-07-11,Spill,Low,83.2,Everyone hold force short by audience art.,Material Fatigue,3.1,Open
INC-00668,SITE-006,02-Nov-2023,Spill,High,72.2,Tree break mention understand civil.,Corrosion,7.8,Open
INC-04248,SITE-006,30-Mar-2025,Spill,Critical,55.2,Century heart no parent practice hour lose enjoy name sit.,,8.9,Open
INC-01125,SITE-004,2025-08-25,Near Miss,high,47.0,Management program movement likely.,Operator Error,13.9,Under Investigation
INC-04130,SITE-006,08/02/2023,Spill,Medium,71.2,Among administration degree as.,Material Fatigue,6.9,Under Investigation
INC-01035,SITE-003,2023-10-14,Leak,High,54.1,But onto federal what authority find face work.,Operator Error,8.1,Open
INC-00121,SITE-001,2024-07-11,,Medium,70.6,Throw stand show lose reach whose never step.,Third-party Damage,4.9,Under Investigation
INC-04912,SITE-003,2024-03-26,Equipment Failure,High,71.8,Hotel two rather source already father former land very middle office house available adult thing wall exist.,Valve Failure,6.9,Closed
INC-03999,SITE-006,2024-01-20,Fire,Critical,46.7,Condition recent hit live forward no senior.,Operator Error,7.8,Under Investigation
INC-00836,SITE-005,23-Oct-2025,Near Miss,Medium,68.8,Arm security forward interest agree dream.,Material Fatigue,9.4,Closed
INC-02411,SITE-001,2024-03-13,Leak,Low,82.1,Security administration watch their our probably worker.,Corrosion,2.6,Under Investigation
INC-00879,SITE-006,2026-05-21,Leak,Critical,42.3,Little alone professional light full cost such near.,Operator Error,9.8,Under Investigation
INC-01954,SITE-004,2026-05-10,Leak,Medium,72.2,Rise identify bag reveal his class.,Sensor Malfunction,1.0,Closed
INC-04285,SITE-006,01/31/2026,Fire,Medium,82.2,Really network rather one local.,Sensor Malfunction,1.2,Closed
INC-02078,SITE-003,2023-08-31,Near Miss,High,77.2,Position least middle professional pay.,Sensor Malfunction,9.0,Closed
INC-01138,SITE-002,07/29/2025,Equipment Failure,Low,-5.0,Role official task debate back risk though design drop great carry my recognize culture consider short.,Sensor Malfunction,5.4,Under Investigation
INC-00612,SITE-003,2025-10-06T00:00:00Z,, High,55.0,Look coach window learn inside where member front under.,Sensor Malfunction,8.4,Closed
INC-04505,SITE-006,01-Dec-2023,Spill,High,56.9,Those time government expect audience only participant surface commercial.,Operator Error,6.6,Under Investigation
INC-02851,SITE-005,2025-08-15,Near Miss,Low,92.7,Particular join never season word spring message over live address those.,Operator Error,4.0,Under Investigation
INC-02510,SITE-004,2024-01-27,Near Miss,Medium,63.7,Education section choice management future trial.,Sensor Malfunction,17.9,Open
INC-04354,SITE-004,2025-02-11,Leak,Medium,67.9,Front lose property right manage author American admit American style recognize.,,17.2,Under Investigation
INC-01642,SITE-006,2026-01-15,Spill, Critical,47.0,Leader when action mention social southern control on.,Corrosion,9.6,Open
INC-00542,SITE-001,2023-10-18,Spill,Medium,60.5,Society common event relationship.,Corrosion,8.4,Closed
INC-01348,SITE-003,2026-03-08,,High,61.2,You customer last practice local piece network participant should situation.,,5.4,Open
INC-05322,SITE-005,2023-12-01,Spill,High,-12.3,Lose require against prepare area building.,,5.3,Closed
INC-01157,SITE-002,2025-07-30,Leak,Medium,89.5,Discussion establish second manager better stop.,Operator Error,20.8,Open
INC-01539,SITE-002,2024-10-22,Near Miss,Medium,69.9,Seven series article hit staff father south issue no instead degree.,Valve Failure,3.9,Under Investigation
INC-03477,SITE-004,2024-01-11,Spill,Critical,35.9,Worker task even yard believe early concern lawyer pattern west rise.,Third-party Damage,6.1,Under Investigation
INC-00979,SITE-003,2025-10-03,Fire,crit,47.5,Establish large month fast.,Corrosion,2.7,Under Investigation
INC-02160,SITE-002,2025-02-03,Spill,Low,86.0,Matter material idea key smile reduce special age base must including could.,,6.9,Under Investigation
INC-05876,SITE-004,2024-12-06,Leak,High,59.0,According else follow big anyone candidate try sister operation common cultural.,Valve Failure,4.3,Closed
INC-01801,SITE-003,2025-11-22,Leak,Low,89.2,Answer most structure long them control measure develop middle simple even feel.,,13.1,Under Investigation
INC-03705,SITE-003,2024-01-16,Leak,Medium,84.7,Recent role call many budget form hotel themselves agent condition PM own.,Third-party Damage,5.3,Under Investigation
INC-03271,SITE-003,2026-01-19,Fire,Critical,31.5,Four garden skill keep.,Valve Failure,2.5,Open
INC-03071,SITE-001,2024-05-17,Near Miss,Medium,75.3,Follow image might weight.,Third-party Damage,3.6,Under Investigation
INC-02121,SITE-001,2023-12-01T00:00:00Z,Near Miss,High,69.1,Phone dog director eight well world like consumer war.,Sensor Malfunction,11.9,Under Investigation
INC-04886,SITE-004,2025-05-28,Leak,Critical,25.7,Against compare smile success still include student human.,Material Fatigue,14.0,Open
INC-04528,SITE-004,2025-09-23,LEAK,Low,85.4,Impact news course the magazine concern former must last game must smile particular garden different some.,Corrosion,6.1,Under Investigation
INC-03775,SITE-006,2025-10-08,Equipment Failure,High,58.4,Range attention office possible class administration teacher.,Corrosion,5.9,Under Investigation
INC-02926,SITE-002,2025-09-02,Leak,Medium,76.9,Effect message road also available general I gas whatever message system board minute.,Operator Error,0.6,Closed
INC-02283,SITE-004,2024-08-02,Fire,High,71.1,Well money education appear thing themselves it exactly foreign range he beyond argue hold whether.,Third-party Damage,9.8,Closed
INC-05238,SITE-005,2024-11-23,Equipment Failure,Medium,61.3,Central everything computer indeed agent budget difference fill else institution dark property safe amount car.,Material Fatigue,8.0,Open
INC-02520,SITE-006,2024-12-13,Near Miss,Medium,69.4,Up nice there organization send since or trial sit parent growth play.,Sensor Malfunction,24.2,Open
INC-05337,SITE-005,19-Jul-2024,Fire,Critical,20.3,Economic technology respond mention read total true.,Valve Failure,4.8,Closed
INC-05466,SITE-001,2025-12-26,NEAR MISS,Low,76.2,Sister compare method seat himself themselves everything.,Third-party Damage,0.8,Closed
INC-04741,SITE-005,2025-08-25,Near Miss,critical,104.0,Bad discuss field call prevent through TV player politics choice.,,12.8,Under Investigation
INC-05601,SITE-005,2025-12-11,Leak,Low,80.9,Example forward debate five these white firm number.,Third-party Damage,6.2,Under Investigation
INC-04334,SITE-005,2023-12-12,Spill,Low,86.1,Seem successful how marriage though type green commercial phone keep yourself heavy usually grow.,Valve Failure,17.4,Under Investigation
INC-00549,SITE-006,2026-05-15,Near Miss,Medium,84.0,Future daughter former program right future.,Corrosion,3.7,Open
INC-00754,SITE-002,25/05/2026,Spill,Medium,75.0,Market well modern deep condition beat writer surface police wide federal against fine serve develop too goal approach.,Corrosion,23.4,Closed
INC-04540,SITE-006,2025-06-11,Leak, medium,76.7,Republican interest game investment in safe.,Material Fatigue,13.0,Under Investigation
INC-02821,SITE-002,2026-07-25,Equipment Failure,Medium,76.8,Still pay agency role keep wrong crime challenge statement.,,4.1,Closed
INC-05193,SITE-005,2025-09-06,Equipment Failure,High,70.2,Main discuss unit room there third property until pressure red ask speech man car difference.,,10.0,Under Investigation
INC-03334,SITE-001,21-Jan-2026,, medium,80.2,Also also color summer sense easy down management game ten likely.,Material Fatigue,5.0,Closed
INC-04137,SITE-003,2025-04-06,Fire,Critical,38.6,Decision growth national behavior option.,Operator Error,0.9,Closed
INC-00160,SITE-006,2025-07-24,Spill, High,69.2,May open chair television will only late low effort try.,Valve Failure,2.9,Open
INC-03157,SITE-005,12/25/2024,Fire,High,50.1,Mention trouble bar per behind despite service method believe suggest.,Material Fatigue,22.7,Closed
INC-05264,SITE-001,08/23/2025,Spill,Low,75.6,Realize car pull require likely eight door vote three car quickly four eye.,Operator Error,13.6,Under Investigation
INC-03323,SITE-001,2025-11-24,,Med,78.2,Source including common need call few.,,11.3,Under Investigation
INC-03482,SITE-004,2025-01-15,Spill,Medium,71.6,Statement parent wide with performance friend enjoy catch pattern friend send movie cell much contain family front.,Third-party Damage,10.5,Under Investigation
INC-01729,SITE-004,2024-02-02,near miss,Low,92.9,Collection soldier risk.,Sensor Malfunction,9.7,Closed
INC-05745,SITE-002,04-Jul-2025,Near Miss,Low,82.3,Life fine I arm least arm.,Valve Failure,23.9,Open
INC-01430,SITE-004,2024-11-06,Equipment Failure,High,66.8,Consider set view upon upon season fish whether stock here mother themselves religious may positive.,Sensor Malfunction,4.8,Open
INC-05569,SITE-003,2026-04-13,Equipment Failure,Medium,75.1,Brother government population until safe than area business subject her behind war.,Material Fatigue,9.7,Under Investigation
INC-04694,SITE-002,2024-09-25,Near Miss,Low,-5.0,Group blood on party tax relationship perform forget price food.,Operator Error,3.6,Open
INC-05630,SITE-004,2024-08-21,Fire,Medium,86.9,Really speech reveal threat until paper part west.,Sensor Malfunction,3.8,Under Investigation
INC-02360,SITE-001,2026-07-04,,Medium,76.3,Thought hope recent close less scientist dog religious fine these hand yes but charge.,Operator Error,8.3,Under Investigation
INC-05333,SITE-006,2024-09-06,Near Miss,Low,91.7,Performance seven physical night best firm say deal exist trouble party war wait speak marriage become.,Third-party Damage,6.2,Open
INC-02993,SITE-001,2024-11-28,Near Miss,low ,81.0,Reveal hundred enter pull feeling quite sure difference eight.,Third-party Damage,5.7,Under Investigation
INC-03218,SITE-004,2024-07-23,Equipment  Failure,Medium,62.8,Safe similar police option reflect from plan seem area leave in war wear reflect eight law.,Sensor Malfunction,6.9,Closed
INC-00703,SITE-005,2026-01-26,Near Miss,Medium,88.0,Decision grow radio major how simply new team whose language side change plant because.,Valve Failure,8.9,Closed
INC-02846,SITE-003,08/02/2024,Equipment Failure,Medium,83.0,General prevent quickly increase participant among lose five PM possible computer stop.,,4.2,Closed
INC-00986,SITE-003,2026-02-12,Equipment Failure,Critical,19.4,Tv night building administration performance himself deep I main draw expect.,Material Fatigue,2.1,Closed
INC-01445,SITE-004,2026-03-15,Spill,,87.3,Trade remember simple sport bar within possible business law case feeling to.,Corrosion,5.3,Closed
INC-04708,SITE-003,2023-10-25,Equipment Failure, High,47.6,Call ability cover always forget.,,9.7,Closed
INC-05859,SITE-006,2023-09-28,Equipment  Failure,High,55.7,Right ability number agreement maintain pull wide life special already start card blue measure child strategy.,Material Fatigue,6.1,Closed
INC-01810,SITE-001,2023-09-13,Equipment Failure,medium,79.3,Analysis decide card should pass class care much left.,Third-party Damage,9.6,Under Investigation
INC-01351,SITE-003,2024-02-07,Near Miss,Medium,83.8,Range decade name since well end nothing six occur.,Valve Failure,14.2,Closed
INC-00384,SITE-002,2026-06-29,Equipment  Failure,Low,95.0,Become next strategy but very debate beat.,Material Fatigue,9.4,Under Investigation
INC-01689,SITE-001,2023-10-05,,,79.8,Open quality color now.,Corrosion,14.0,Closed
INC-04087,SITE-002,2024-06-02,Near Miss,Low,90.7,Her summer agreement both behavior north conference.,Sensor Malfunction,15.0,Closed
INC-03817,SITE-001,2025-06-24,Spill,Medium,82.3,Seat religious Mrs page account natural yeah central page half better.,Third-party Damage,4.3,Closed
INC-03862,SITE-001,2025-05-28,Equipment Failure,Low,92.7,Fast according begin everyone wind outside condition too commercial yes.,,3.8,Under Investigation
INC-05252,SITE-002,2023-11-09,Fire,Medium,74.7,Baby person major of maintain evidence ahead gun term outside team bar.,Third-party Damage,8.1,Under Investigation
INC-04238,SITE-003,2024-04-27,Fire,Critical,25.0,Raise generation yeah relationship son.,Valve Failure,6.5,Under Investigation
INC-04793,SITE-005,2024-05-08,Spill, Critical,18.3,Bad official act must green thought.,Operator Error,7.2,Closed
INC-05137,SITE-005,05-Feb-2025,Fire,Medium,77.2,Miss another design avoid note improve people west simply trouble send.,Valve Failure,8.8,Under Investigation
INC-03588,SITE-004,2024-07-12,Equipment Failure,Hi,57.2,Year life wonder account war civil thing actually far will safe child man brother.,Operator Error,4.0,Closed
INC-02008,SITE-005,2025-04-03T00:00:00Z,Fire,Medium,77.0,To data must of simply speech area old space on small return film fine hundred.,Corrosion,4.2,Under Investigation
INC-01721,SITE-004,2025-02-19,Near Miss,High,54.2,Single foreign big table include interest civil about event.,Sensor Malfunction,9.3,Closed
INC-04136,SITE-004,2024-11-09,Near Miss,Medium,86.0,First those election address smile certain science outside if.,Sensor Malfunction,24.6,Closed
INC-05903,SITE-003,17/10/2025,Leak,High,74.6,Current once maybe foreign forget.,Operator Error,9.1,Closed
INC-02024,SITE-002,2026-03-31,Equipment Failure,Low,90.8,Though pay mother particular carry dream them wonder image friend few section.,Material Fatigue,6.6,Open
INC-05520,SITE-005,2024-10-28,Leak,High,64.6,Civil today color thus however than again like sea action.,Corrosion,1.5,Under Investigation
INC-01350,SITE-004,2023-12-22,Leak,,86.6,Reality old whole piece white her debate land professor.,Corrosion,2.9,Closed
INC-01312,SITE-004,12/11/2024,Spill,Critical,17.0,Itself building fish on benefit spend trip reality concern another now start.,Material Fatigue,9.3,Closed
INC-05795,SITE-005,2025-07-24,Leak,Medium,76.8,Eight attention how plant anything consider attack friend guy hear out hand than last new operation rich end.,,4.0,Under Investigation
INC-03746,SITE-005,2025-08-21,Fire,Low,78.6,Consider we service knowledge spring that.,Valve Failure,3.9,Closed
INC-05519,SITE-004,26/03/2026,Near Miss,Medium,83.9,Game catch goal resource similar who great however debate ground population concern religious explain impact choose.,Valve Failure,4.8,Open
INC-00264,SITE-002,2024-07-21,Equipment Failure,High,67.0,Economic claim place poor role might information big time share.,Valve Failure,9.6,Under Investigation
INC-00245,SITE-006,2026-09-08,Leak,medium,67.0,Ten weight mind effort source network since turn student.,Corrosion,2.7,Closed
INC-03242,SITE-005,2026-02-04,Fire,Medium,65.4,Movie effect mind audience never citizen rather arrive leg significant civil trial rock unit writer.,Third-party Damage,13.2,Under Investigation
INC-04711,SITE-001,09/10/2023,Leak,Low,96.9,Assume author local knowledge begin alone reality deep sport move argue north.,Operator Error,3.6,Open
INC-04451,SITE-002,2024-05-04,Near Miss,High,68.8,Will table attack member fine film marriage common develop.,Third-party Damage,8.1,Under Investigation
INC-00162,SITE-003,2024-10-26,Spill,Medium,56.2,Quite add write process watch born economic front toward realize whom budget see happen long hotel.,Material Fatigue,3.5,Under Investigation
INC-03820,SITE-006,2025-07-10T00:00:00Z,Spill,Critical,45.1,Where structure participant perhaps star change must himself local however support economy our reach discover together.,Sensor Malfunction,8.9,Open
INC-00837,SITE-002,2023-11-20,LEAK,Low,85.6,Charge tough seven full when nation hospital people.,,6.1,Open
INC-04320,SITE-004,2026-07-17,Equipment Failure,Low,87.2,True her in there rest herself upon big note manage arrive.,,15.7,Closed
INC-02623,SITE-005,28/11/2025,Near Miss,Critical,61.2,Leader of peace event measure question someone act western produce reduce security scene pay crime west.,Third-party Damage,6.2,Closed
INC-03632,SITE-003,2026-05-16,Leak,Medium,73.3,Even social daughter indicate huge carry level relationship eight least probably mind result.,Operator Error,3.7,Open
INC-03708,SITE-005,2025-03-09,Leak,Medium,74.4,State cold successful fact administration year fact growth.,,2.1,Open
INC-04023,SITE-001,2024-08-21, spill ,Medium,63.2,Large with son threat by either carry provide.,Corrosion,3.0,Under Investigation
INC-04803,SITE-002,2024-01-10,Spill,Critical,70.1,Show operation bar themselves bag us state expert peace policy increase view study story from between.,Corrosion,14.9,Open
INC-05435,SITE-002,2025-07-16,Spill,Low,93.6,According air leg bad radio response successful authority surface.,Operator Error,9.4,Under Investigation
INC-05203,SITE-004,03/07/2025,Equipment Failure,Medium,69.1,Now movie your goal very every too half ready per evening only from.,,3.1,Open
INC-05892,SITE-004,2026-06-14,Spill,High,41.0,Remember staff democratic ready religious.,Material Fatigue,7.2,Closed
INC-04434,SITE-002,2024-08-07,Near Miss,Low,81.2,Large such may as trial.,,6.5,Open
INC-04031,SITE-005,01/04/2024,Fire,High,55.9,Foreign cost camera growth discuss another.,Valve Failure,23.7,Open
INC-04295,SITE-001,2024-08-13,Near  Miss,Medium,62.8,Again why leave crime they suggest fact interest such property free player act building.,Sensor Malfunction,5.2,Open
INC-04439,SITE-006,2024-03-13,Spill,Critical,40.9,A start determine report message today soldier writer eight.,Material Fatigue,6.1,Open
INC-03566,SITE-003,2025-03-04,Spill,MEDIUM,61.3,Which town think notice local affect next whatever hundred.,,11.4,Closed
INC-05828,SITE-003,2026-04-06T00:00:00Z,Near Miss,Critical,25.0,Tax production else stand often participant including despite rich.,Valve Failure,6.0,Closed
INC-00085,SITE-005,2025-05-26,Spill,Low,79.1,North meet family happen care yeah.,Operator Error,15.1,Open
INC-03976,SITE-004,09-Apr-2024,Fire,Low,94.7,Enough a realize church increase he.,Third-party Damage,6.7,Under Investigation
INC-01643,SITE-003,2026-08-14,Equipment Failure,High,65.1,Must reason rich attack center maybe per discuss and foot wrong usually coach indeed suggest really.,Operator Error,10.6,Open
INC-02558,SITE-001,2023-11-25,Near  Miss,High,70.4,Significant model lose fast theory walk debate understand score him arrive class report.,Valve Failure,2.3,Open
INC-04061,SITE-001,2026-05-14,Near Miss,Low,86.2,Ready meet charge consider mission because along base race pick though south hundred if woman role.,Corrosion,4.7,Closed
INC-02144,SITE-001,2024-12-16,Spill,low,90.0,Soon since out success mother.,,1.2,Closed
INC-04649,SITE-006,2024-10-06,Fire,Medium,67.5,Suggest evening accept thank loss sure fill kind at weight mouth leg send technology science.,Material Fatigue,1.6,Under Investigation
INC-04817,SITE-005,01/29/2026,Spill,Critical,52.1,Low dog attention north position truth foot pull exactly church campaign size another country game serve its program often city.,Third-party Damage,13.0,Closed
INC-01160,SITE-002,2026-01-11,Equipment Failure,Medium,66.8,Any since population technology answer writer fact agreement management.,Sensor Malfunction,7.0,Open
INC-00428,SITE-001,2026-04-08,Spill,Low,94.6,Follow wonder pattern early boy everyone instead eye bill full.,,9.1,Open
INC-05843,SITE-004,2025-12-09,Fire,Low,90.3,Small admit area interest real.,Corrosion,2.2,Closed
INC-05483,SITE-006,2025-10-15,Spill,Medium,92.1,Ready home friend make lawyer kitchen agent reflect already real value.,Corrosion,8.7,Under Investigation
INC-04604,SITE-004,03/03/2026,Fire,Critical,43.6,Book particularly cut shoulder only word must adult up front college become share position.,Operator Error,1.1,Under Investigation
INC-04307,SITE-002,03-May-2025,spill, medium,72.9,Share itself up it challenge foot enjoy floor south.,Material Fatigue,30.1,Under Investigation
INC-01085,SITE-006,2023-09-07,Near Miss,Medium,70.4,Interest station century call near this change his.,Operator Error,8.6,Under Investigation
INC-00520,SITE-004,2024-10-03,Equipment Failure,,83.0,Cold be fill keep purpose sense.,Third-party Damage,8.3,Under Investigation
INC-03399,SITE-005,2025-11-04,Equipment Failure,Low,83.3,Ok garden firm next everybody sometimes candidate coach race staff anyone prevent authority newspaper authority chair.,Material Fatigue,6.8,Under Investigation
INC-04277,SITE-004,14/02/2026,Equipment Failure,Critical,63.3,Name impact him lot these check send claim very itself high soon serve difference military.,Operator Error,8.3,Closed
INC-00827,SITE-006,2024-04-12,Equipment Failure,High,35.8,May customer sing political character question resource difference learn develop.,Operator Error,2.3,Under Investigation
INC-04857,SITE-003,2025-03-23,Spill ,Low,89.6,Girl notice clear Republican accept eye choose against.,Sensor Malfunction,14.6,Open
INC-00619,SITE-002,2024-01-24,Leak,Low,90.2,Stand rise themselves she discover really.,Valve Failure,6.0,Open
INC-05808,SITE-002,03/01/2024,Equipment Failure,Low,93.9,Recently cause run recent strategy.,Corrosion,9.6,Under Investigation
INC-05113,SITE-001,2023-10-08,Near Miss,Medium,81.4,Call individual late attorney call must yeah play community.,Operator Error,3.8,Closed
INC-05469,SITE-005,2025-07-24,Leak,Low,88.2,Tend writer administration movie history once report mean brother.,Corrosion,3.9,Under Investigation
INC-01105,SITE-003,02/04/2024,Spill,Medium,75.5,Whose seven as election girl save number mean event fear generation consider.,Corrosion,2.2,Under Investigation
INC-00551,SITE-005,2025-02-28,Fire,Medium,68.6,Professor must eye work exactly result consider return.,Material Fatigue,11.5,Under Investigation
INC-03830,SITE-006,17/08/2024,Oil Leak,High,61.4,Expert figure media phone care government create prevent record.,Valve Failure,8.6,Under Investigation
INC-01713,SITE-003,2023-11-09,,Critical,41.1,Lawyer enter consumer generation effort black put visit happen daughter choice threat better.,Third-party Damage,10.7,Closed
INC-04380,SITE-003,2026-01-07,LEAK,,58.3,Card about book my music happen dark.,Material Fatigue,6.3,Closed
INC-04609,SITE-003,2024-04-11,Near Miss,High,54.8,Parent simple dinner character result level white edge wide throw real remain final hard budget prevent.,Third-party Damage,6.2,Closed
INC-00735,SITE-006,15/10/2024,Leak,,94.9,Piece field skill million measure race.,Operator Error,4.7,Closed
INC-05710,SITE-005,05-Aug-2023,Near Miss,Medium,74.2,Example this draw note local whose page street behavior lawyer building film behind instead every TV hospital break special.,,11.1,Under Investigation
INC-02890,SITE-003,2026-01-05T00:00:00Z,Equipment Failure,high,51.7,We later member begin protect represent can.,Sensor Malfunction,6.0,Closed
INC-01368,SITE-003,2024-05-19,Leak,High,57.5,Data out manager season item debate team develop manager put about draw office seek may anything bed safe choice nor.,Third-party Damage,12.0,Under Investigation
INC-01687,SITE-003,2025-06-23,Spill,Medium,65.8,Material behavior including each check stand after dark line.,Valve Failure,8.9,Under Investigation
INC-02267,SITE-005,2023-10-30,Spill,Low,95.5,Stage whose despite big heavy simply cost whatever trip yet guy economy rest.,Third-party Damage,2.0,Closed
INC-05936,SITE-006,2025-02-23,Leak,Low,89.8,Hope religious citizen chair what month animal somebody.,Operator Error,6.3,Closed
INC-05619,SITE-004,2023-10-21,Near Miss,Low,89.3,Contain plan south only south agency major that test body design rate.,Valve Failure,2.9,Under Investigation
INC-03891,SITE-004,2024-02-16,Fire,Medium,65.0,Fly citizen stay when discuss training.,Corrosion,7.9,Closed
INC-05471,SITE-001,2026-05-09,Near Miss,Low,100.0,Quality ready six hold character environment serve only.,Material Fatigue,16.0,Under Investigation
INC-01975,SITE-004,2024-03-21,Leak,medium,72.6,Town firm group easy over become commercial.,Third-party Damage,4.5,Under Investigation
INC-00661,SITE-003,2025-12-05,Leak,High,64.1,Address now force inside house.,Operator Error,3.6,Under Investigation
INC-02296,SITE-004,2025-07-06,Equipment Failure,Low,86.4,Leader hard rest something eat office team investment together foot bag activity loss.,Valve Failure,12.3,Open
INC-05660,SITE-001,2024-06-22,,Low,82.0,World staff stand consumer adult place lot five process natural conference until again.,Material Fatigue,5.7,Closed
INC-04414,SITE-001,2024-02-05,Equipment Failure,High,64.0,Certainly up meeting after situation chance area light whose senior.,Sensor Malfunction,10.0,Closed
INC-01762,SITE-002,2025-10-15,Near Miss,Low,86.8,Should save community hard think performance allow move without yard voice artist.,Operator Error,5.1,Closed
INC-01120,SITE-006,2026-03-10,,HIGH,70.3,Walk remember safe hard political buy art again piece after senior draw.,Operator Error,1.0,Under Investigation
INC-05281,SITE-003,2026-07-28,Spill ,Med,64.8,Young crime kitchen any new create attention avoid here adult on green popular.,Third-party Damage,5.6,Open
INC-01056,SITE-006,2023-11-14,Leak,High,59.7,Character often generation mouth give the TV Mrs.,Third-party Damage,4.0,Under Investigation
INC-00866,SITE-003,2025-05-18,Spill,Hi,72.4,Speak manage positive much there say ready fight moment top could important guy politics finish plant food power.,Material Fatigue,5.9,Under Investigation
INC-00862,SITE-004,2025-03-05,Equipment Failure,Low,97.2,Left main so wall.,,2.1,Open
INC-00586,SITE-004,17/01/2024,Near Miss,Low,91.5,Reflect scene course marriage bag.,Operator Error,2.0,Closed
INC-00876,SITE-001,2024-09-19,Near Miss,Medium,75.9,Arm direction win challenge skill song nation case race one.,Corrosion,10.6,Open
INC-03349,SITE-002,2024-01-05,Near Miss,High,75.7,Enter language style hot scene lay property protect computer Mrs.,Valve Failure,10.2,Under Investigation
INC-00318,SITE-003,2025-09-29,Oil Leak,crit,45.2,Billion program happen east will trial national show success argue be.,Valve Failure,12.1,Closed
INC-02735,SITE-003,23/02/2024,,Critical,54.7,Great price wear modern final town.,,0.6,Open
INC-04785,SITE-003,2026-05-14,,Medium,78.5,Else around vote more end him amount apply raise yard couple fact however born Republican attack stuff.,Sensor Malfunction,1.6,Closed
INC-03085,SITE-006,2024-08-31,Leak,Critical,36.9,Entire into read write fear account almost remember anyone result.,Corrosion,9.6,Closed
INC-00602,SITE-001,30/04/2025,Near Miss,Medium,89.6,Figure center Congress option firm provide be start.,Sensor Malfunction,17.4,Closed
INC-03479,SITE-005,28/06/2026,Equipment Failure,MEDIUM,69.7,Score loss executive recognize choice seek positive law out choice describe suddenly record coach build dog attack.,Third-party Damage,14.6,Open
INC-01117,SITE-001,2026-02-11,Equipment Failure,Low,90.2,Behind human test what instead describe before cause such young majority series on study approach property statement already our.,Sensor Malfunction,9.5,Closed
INC-01715,SITE-003,18/03/2026,Leak,Critical,46.5,Them order card ground idea might beat old black win democratic class nice.,Valve Failure,9.1,Closed
INC-04908,SITE-004,2025-03-13,Fire,Medium,66.0,Hour rock week notice go opportunity today growth which.,Material Fatigue,22.2,Under Investigation
INC-04782,SITE-003,2026-08-04,Leak,Critical,42.0,Window police party training whole could religious idea available concern whole fine.,Sensor Malfunction,9.5,Open
INC-00812,SITE-003,2024-05-03,Fire,CRITICAL,43.8,Budget cup race increase likely tough.,Sensor Malfunction,10.0,Open
INC-01866,SITE-003,2025-06-09,Fire,Critical,36.0,Direction seven first someone picture international the late with song.,Third-party Damage,1.3,Closed
INC-01193,SITE-001,2024-06-06,EQUIPMENT FAILURE,Medium,78.3,Science support vote matter become model past finally create exist.,Material Fatigue,7.0,Closed
INC-04911,SITE-006,2026-03-14,Spill,High,72.8,Country plant actually make whatever once others actually represent.,Sensor Malfunction,12.6,Open
INC-01674,SITE-005,2026-03-06,Near Miss,Medium,93.9,Everything entire appear prevent while poor girl.,Third-party Damage,12.8,Under Investigation
INC-04687,SITE-002,2026-07-17T00:00:00Z,,Med,61.7,Attention fast yeah message six strong drop head through threat risk money knowledge instead.,Sensor Malfunction,4.8,Closed
INC-00938,SITE-002,2024-03-13,Equipment Failure,Medium,83.9,Despite listen real.,Sensor Malfunction,15.2,Under Investigation
INC-03123,SITE-002,2026-02-04,Near Miss,low,84.7,Career peace without thousand hope pattern environment leg must discussion tend.,Operator Error,4.9,Under Investigation
INC-00506,SITE-006,07/19/2025,Spill,Medium,71.9,Pattern long speech model up staff political industry hand.,Sensor Malfunction,5.1,Under Investigation
INC-04796,SITE-004,2025-11-25,Equipment Failure,Medium,80.3,Case thing white high alone low possible hotel ability serious.,Valve Failure,2.4,Closed
INC-00233,SITE-004,2025-10-28,Leak,Low,87.4,Suddenly stop only hospital well may ok fly.,Operator Error,8.0,Under Investigation
INC-03030,SITE-001,12-Aug-2024,Equipment Failure, Critical,41.4,Particular place go painting production individual important attention sport design century goal structure.,Operator Error,2.8,Closed
INC-03677,SITE-001,2023-10-17,Spill,Low,92.7,Include factor reveal more our instead strategy we test finally site public.,Valve Failure,3.9,Open
INC-01512,SITE-005,2025-05-17,Near Miss,Medium,73.6,Meet close agent two serious case.,,10.2,Open
INC-05078,SITE-006,2024-02-07T00:00:00Z,,Medium,69.0,Public air subject clearly own north father herself fight affect baby bill anything allow thousand various mention main.,Third-party Damage,13.5,Closed
INC-04416,SITE-005,2025-07-06,Leak,Low,91.4,Interview crime down feel inside imagine protect subject firm.,Operator Error,11.3,Closed
INC-03386,SITE-005,2026-07-10,Near Miss,Low,115.7,Course determine as father.,Operator Error,5.4,Under Investigation
INC-03693,SITE-002,19-Sep-2023,Equipment Failure,Critical,44.6,Forward force film nothing inside wear it to product.,Sensor Malfunction,4.2,Closed
INC-03683,SITE-002,2025-09-10,Near Miss,Medium,77.0,True spend while eye behavior happen music financial two that full material stock executive why from able.,Operator Error,3.1,Under Investigation
INC-00203,SITE-001,2024-04-12,Near Miss,High,85.3,Western different network understand free world provide between yes term each third free describe whole.,Operator Error,7.0,Closed
INC-01031,SITE-004,31-May-2025,Near  Miss,Low,86.8,Interest push item peace like brother with space person standard.,Third-party Damage,15.3,Open
INC-03883,SITE-006,2025-03-14,Equipment Failure,Medium,85.7,Statement foreign eat.,Third-party Damage,9.2,Closed
INC-02584,SITE-003,2024-04-04,Spill,Medium,79.1,Dinner other wear shoulder growth threat power property record traditional member response least themselves specific pattern drive care.,,3.0,Under Investigation
INC-04825,SITE-004,2024-02-29,Near Miss,Low,80.7,Manage few question class sit want around surface trouble assume likely politics decision month deep.,Sensor Malfunction,5.2,Closed
INC-04314,SITE-001,2024-06-29,Equipment  Failure,Medium,81.5,Focus people try example despite follow throughout animal discuss glass media serious sometimes hard.,Valve Failure,0.5,Closed
INC-00098,SITE-006,2025-04-23,Spill,High,58.2,Else lay for across certainly late page focus travel soon field sometimes another indicate.,,13.4,Under Investigation
INC-04182,SITE-006,04/12/2025,Spill ,Medium,74.6,Issue building summer particular.,Material Fatigue,7.0,Open
INC-03424,SITE-004,2025-10-16,Spill,High,62.1,Important fear future guy truth need.,Third-party Damage,3.4,Open
INC-02252,SITE-005,2024-04-05,Near Miss,,67.0,Different design vote provide appear enter minute over news.,Material Fatigue,4.4,Under Investigation
INC-04173,SITE-006,2023-08-16,Spill,High,65.9,Step treatment much recently early begin room red.,Valve Failure,14.6,Open
INC-05751,SITE-003,2026-01-01,leak,Critical,34.3,Bill development bed true food care among west election class.,Operator Error,5.2,Closed
INC-00420,SITE-003,2024-01-23,Leak,Critical,40.3,Film field leader item run Mr individual tend evidence nor truth now would see.,,17.2,Closed
INC-00006,SITE-006,08/20/2024,Fire,Medium,68.5,Free worry up quality certainly song probably drug yeah environmental four.,Third-party Damage,3.2,Open
INC-02943,SITE-004,2025-01-05,Fire,Medium,77.8,Marriage top teach far building what surface right hear car.,Third-party Damage,4.3,Under Investigation
INC-03709,SITE-002,2026-04-13,Spill,Hi,76.8,Every who detail single mean.,,8.0,Closed
INC-04791,SITE-004,2024-02-17T00:00:00Z,Fire,Low,84.5,Benefit team clear story happy popular look prepare officer teach for make type keep blood now.,Third-party Damage,7.4,Closed
INC-01460,SITE-006,2025-04-08,Spill,Low,93.9,Per live suddenly yet around during develop future wait base new.,Operator Error,1.2,Under Investigation
INC-00704,SITE-005,2024-09-14,Equipment Failure,Low,79.8,Doctor view according create step.,Valve Failure,5.5,Closed
INC-05001,SITE-005,2024-12-17,Fire,,36.3,The she rock probably book difficult operation economy term everything who some same citizen politics here.,Valve Failure,10.0,Under Investigation
INC-05824,SITE-004,2024-04-16,Fire,Medium,80.1,Power big religious together rate special also wait fact message.,Valve Failure,12.5,Open
INC-02342,SITE-004,2025-01-19,Fire ,Medium,73.4,Take modern pull another if matter statement yard cut.,Corrosion,6.9,Open
INC-04052,SITE-002,2025-05-09,Leak,High,57.2,Individual paper medical third help experience individual crime.,Sensor Malfunction,7.9,Open
INC-00655,SITE-006,2023-12-15,Spill,,56.4,Affect different small certainly state student already position and throw visit two bit interesting serve economy coach guy.,Operator Error,3.5,Open
INC-05164,SITE-006,2025-04-19,Spill,Medium,59.7,Sell difficult send agency realize window give without can instead wrong still must watch card adult expert price.,Material Fatigue,1.5,Under Investigation
INC-02496,SITE-006,2024-10-12,Spill,High,83.2,Good account way training throw word.,,13.9,Open
INC-05540,SITE-003,2025-06-23,Fire,High,63.9,Development member southern explain organization seat bar cell product father.,Operator Error,6.4,Closed
INC-03116,SITE-002,2026-01-14,Spill,Med,83.2,Someone fire cover stand whether have ready defense recognize our same cover.,Operator Error,4.6,Open
INC-02863,SITE-006,2026-01-08T00:00:00Z,Equipment Failure,High,52.0,Story expect remember late.,Corrosion,26.5,Open
INC-02502,SITE-002,2025-02-23,Spill,Medium,69.1,Bit get population mean my both worker heart mention mouth protect think white anything.,Sensor Malfunction,19.8,Under Investigation
INC-02453,SITE-006,2024-04-27,Fire,High,66.1,Church drop standard training thousand occur product.,Valve Failure,20.6,Open
INC-03597,SITE-002,2025-03-06,Equipment Failure,High,71.0,Within peace eye even business east heavy wrong perhaps good almost PM.,Sensor Malfunction,12.8,Under Investigation
INC-02822,SITE-003,2025-02-05,Leak,,66.2,Radio bed imagine sit.,Third-party Damage,10.7,Open
INC-05184,SITE-006,2025-01-15,Fire,Low,76.8,Avoid party wonder improve.,Material Fatigue,7.6,Open
INC-05409,SITE-003,2025-08-15,Spill,High,50.3,Focus onto art Congress side police some recent.,Corrosion,6.3,Under Investigation
INC-04665,SITE-003,2025-04-18,Leak,High,60.1,Model clear wife recent no impact bag little practice interesting nearly gas because hour director line.,Corrosion,19.7,Open
INC-02015,SITE-006,2024-08-04,Leak,High,54.1,Cost result chance church would.,Corrosion,7.2,Under Investigation
INC-05925,SITE-001,2024-08-17,Leak,High,79.2,Word break traditional various leg compare why.,Material Fatigue,8.7,Under Investigation
INC-03877,SITE-004,2025-05-14T00:00:00Z,Leak,,100.0,Several American late care name leg long see court art campaign anyone size no poor.,,6.4,Open
INC-00467,SITE-002,2023-08-16,Near Miss, medium,66.8,Prevent hot again responsibility century yeah development decide all just young expect.,Valve Failure,5.6,Closed
INC-02739,SITE-002,2026-05-08,Near Miss, medium,75.6,Citizen imagine maybe author operation yeah quality quite drug man age bill.,,5.7,Under Investigation
INC-03021,SITE-005,2026-07-12,Near Miss,,80.8,Begin nothing reach they case say end able respond save.,Material Fatigue,3.1,Under Investigation
INC-02513,SITE-005,2023-11-08,Spill,Low,77.6,Individual huge defense total culture issue involve note ground clear pressure meeting because cell.,Operator Error,6.3,Under Investigation
INC-02350,SITE-005,2025-08-03,Spill,Low,90.8,Agree matter thank course trouble cost plan discover east allow.,Operator Error,6.5,Open
INC-03860,SITE-003,2026-04-08,Equipment Failure,Critical,31.5,Parent wrong much right might choose act technology evening song effort success.,Corrosion,7.5,Closed
INC-04807,SITE-006,2026-03-16,Spill,Critical,27.4,Care we dark concern food student away experience article TV.,Third-party Damage,6.9,Open
INC-05438,SITE-004,2025-01-08, spill ,Lo,94.6,Mind high hear budget he walk learn.,Sensor Malfunction,6.5,Under Investigation
INC-02460,SITE-002,2025-05-30,Leak,Low,83.7,Will note network face strong player plan Democrat including hour his country skill moment save close last central your.,Sensor Malfunction,5.3,Closed
INC-03855,SITE-003,03/10/2026,Near Miss,,-12.3,Act drug foreign spend according career benefit thousand determine.,,7.8,Closed
INC-01872,SITE-006,2023-10-29,Spill,Low,84.0,Inside carry sure him continue analysis condition inside.,Corrosion,4.2,Open
INC-02335,SITE-001,2023-12-19,Fire, Low,90.2,Shake dream walk rest.,,5.8,Under Investigation
INC-04442,SITE-002,2026-02-11,Fire,Medium,72.2,World course number tough conference hit system recent result.,Valve Failure,5.1,Closed
INC-03852,SITE-004,2026-07-01,Spill,Medium,81.3,Difference collection southern but space enter worker mean heart analysis reason life.,Sensor Malfunction,0.9,Under Investigation
INC-02366,SITE-006,2024-09-04,Equipment Failure,Low,77.5,Past individual between describe believe piece and culture.,Operator Error,8.9,Open
INC-03703,SITE-002,2024-10-01,Fire,,78.2,Door surface young soon write cost let book church space.,Valve Failure,2.4,Closed
INC-00927,SITE-003,2025-12-27,Leak, Critical,40.4,She Mrs listen practice condition animal act find point character sister trial these all would cost could different commercial.,Operator Error,2.7,Under Investigation
INC-02312,SITE-003,2025-06-04,,,90.9,Across leader song fight education from region now focus try agree trip fish require college wonder.,Operator Error,3.2,Closed
INC-00897,SITE-004,2024-04-18,Fire,,64.2,Discuss painting difficult reflect city rock bring pay sister describe.,Sensor Malfunction,6.7,Closed
INC-00947,SITE-002,2026-02-16,Near Miss,High,58.8,First detail community news north business.,Material Fatigue,7.5,Open
INC-04734,SITE-002,2024-07-27,Near Miss,Low,90.0,Child student direction focus front decade skill.,Material Fatigue,4.5,Closed
INC-04094,SITE-005,22/09/2025,Near Miss,High,67.0,President fear clearly also debate student.,Valve Failure,8.7,Under Investigation
INC-02026,SITE-002,08-Sep-2023,Equipment Failure,,86.0,Rock serve result road take difficult even professional lay.,Corrosion,9.1,Closed
INC-00511,SITE-004,2026-03-18,Spill,Medium ,72.0,Argue body interview executive return defense today environment arrive forward no cost strategy both control subject whose there.,Operator Error,2.6,Under Investigation
INC-01431,SITE-002,2024-06-30,Near Miss,Low,98.2,Develop improve government offer box time do can owner question.,Material Fatigue,1.6,Open
INC-01342,SITE-005,2024-09-10,Fire ,Medium,85.2,Thought learn important threat impact.,Sensor Malfunction,7.4,Under Investigation
INC-02138,SITE-001,2026-07-15,Near Miss,Low,86.7,Treatment almost both data after professor theory rock manager guy guy never north economic point.,Valve Failure,2.1,Closed
INC-03060,SITE-005,2024-08-30,Equipment Failure,Medium,81.2,Mouth bit southern run set serious.,Material Fatigue,1.9,Closed
INC-00473,SITE-003,2024-04-30, Leak,Critical,36.3,Part society country finish range receive end.,Third-party Damage,3.9,Closed
INC-02108,SITE-002,2026-03-16,Near Miss,Medium,84.9,Build recognize say after challenge school yard provide anyone plan bring.,Material Fatigue,9.5,Open
INC-02359,SITE-006,2023-11-09,Fire ,Critical,27.8,Those throw after anyone determine particularly candidate grow try.,Sensor Malfunction,3.6,Open
INC-03915,SITE-003,2025-06-28,Leak,Critical,44.0,Population play moment main natural.,Operator Error,1.3,Under Investigation
INC-03158,SITE-002,2024-02-26,Equipment Failure,Low,77.2,Event call list star two none couple whose prepare will interview.,Sensor Malfunction,10.2,Open
INC-03279,SITE-003,2023-10-26,Fire,Medium,84.4,Student writer music election by two a mother hotel type explain capital treat throw.,Operator Error,6.8,Open
INC-01712,SITE-003,2025-09-01,Spill,Medium,75.3,Society moment continue late activity back face bad certain able I attack water look scientist.,,20.6,Closed
INC-00195,SITE-002,2026-03-31,Fire,Medium,78.3,Ago important picture water experience wind government entire risk why.,Third-party Damage,4.3,Open
INC-05563,SITE-005,2024-10-22,Near Miss,Lo,93.3,Support century put medical size difficult.,Material Fatigue,7.0,Open
INC-02115,SITE-001,2023-08-07,Equipment Failure,,66.6,High or size never collection low improve.,Operator Error,7.0,Open
INC-05171,SITE-004,2024-01-13,Fire,Low,88.2,Girl long others garden environmental.,Valve Failure,1.3,Closed
INC-01865,SITE-001,2025-04-23T00:00:00Z,Equipment Failure,Low,89.6,Now from tough benefit always rest per.,Operator Error,10.3,Closed
INC-04532,SITE-001,2026-04-29,Near Miss,Medium,81.9,Next on get reduce card official safe away area particular.,,10.6,Closed
INC-05093,SITE-003,2026-05-08,Equipment Failure,High,76.1,Involve star test wear entire war since compare fact.,Sensor Malfunction,8.2,Open
INC-00217,SITE-003,29/05/2025,Near Miss,,57.9,Cause feel understand identify piece admit.,Sensor Malfunction,14.7,Under Investigation
INC-05797,SITE-006,2024-10-17,Near Miss,Critical,36.6,So student instead maybe however up because.,Corrosion,0.9,Open
INC-02363,SITE-004,2026-06-03,Fire,Lo,75.9,Animal and director certainly charge although.,Sensor Malfunction,3.3,Closed
INC-05353,SITE-005,2023-10-03,Equipment Failure,High,58.9,Write serve hair security develop professor various surface.,Valve Failure,15.3,Open
INC-03345,SITE-001,2024-09-30T00:00:00Z,Leak,,64.2,Born car quickly final also suffer bring indeed site.,Sensor Malfunction,4.2,Closed
INC-04900,SITE-003,2026-04-13,Equipment Failure,Low,150.0,Consider for site one plant fact majority job ask moment series.,,1.4,Under Investigation
INC-00312,SITE-005,2024-09-05,Spill,High,69.7,Bank party hospital will military suffer worry purpose house the.,,4.3,Open
INC-03720,SITE-002,2026-05-11,Equipment Failure,,78.5,Rise method amount seat maintain thank picture.,Material Fatigue,7.4,Under Investigation
INC-00924,SITE-003,2025-12-27,Fire,Hi,49.6,Light usually easy particularly age gun suffer.,Valve Failure,6.6,Under Investigation
INC-03153,SITE-003,2025-05-23,Spill,High,64.7,Law sit figure study time.,Material Fatigue,0.5,Closed
INC-00644,SITE-003,2024-11-17,Leak,High,51.9,Its body back song office see purpose wish forward national child television receive build ahead.,Corrosion,8.7,Closed
INC-04542,SITE-003,2024-06-30,Leak,Hi,34.3,Game economic region training need cold girl hard after everything possible.,Corrosion,5.4,Open
INC-00605,SITE-004,2024-02-17,Equipment Failure,Lo,90.3,Year young our full street whole owner.,Material Fatigue,1.2,Under Investigation
INC-01109,SITE-002,2025-08-01,Equipment Failure,Medium,76.5,Often give firm around let new left wife this billion article door forget.,Valve Failure,8.9,Under Investigation
INC-02784,SITE-005,2023-10-14,Leak,Low,79.7,Ok successful series so Republican have expect would know.,Valve Failure,4.8,Under Investigation
INC-02467,SITE-006,2025-07-31,Leak,Critical,89.1,Fly series down take when carry understand very improve animal same onto.,Corrosion,2.1,Closed
INC-00940,SITE-003,2024-08-28,Spill,Critical,65.4,Seem every beat he we either issue quality blood remain describe.,Material Fatigue,1.6,Open
INC-01547,SITE-006,27-Oct-2024,Near Miss,High,54.3,Clearly night push section feeling realize view blue course we identify wait nothing when.,Sensor Malfunction,1.9,Under Investigation
INC-03130,SITE-006,2025-06-16,Leak,Critical,2.2,She full politics culture road worry key.,Sensor Malfunction,5.0,Open
INC-05783,SITE-002,2024-07-07,Near Miss,High,60.4,Either agreement security book window local development skill popular.,Corrosion,4.9,Closed
INC-00414,SITE-004,2026-06-23,Spill,Medium,73.8,Community teach treatment wait rock probably authority house raise amount three after seven total.,Valve Failure,10.5,Open
INC-03986,SITE-003,2025-02-28T00:00:00Z,Spill,High,55.2,Keep according card beautiful produce surface difference.,Material Fatigue,5.7,Under Investigation
INC-04360,SITE-006,12/10/2024,Near Miss,High,60.2,Particularly beat church property smile.,Sensor Malfunction,5.2,Open
INC-00971,SITE-005,2025-08-05,SPILL,Medium,64.8,Here owner live thank back.,Material Fatigue,3.0,Open
INC-00267,SITE-003,2024-01-16,Equipment Failure,Critical,54.3,Tell media who major enter staff good although establish paper.,Operator Error,1.5,Open
INC-00278,SITE-002,2024-01-01,Spill,High,54.3,Pretty might design service grow much speak north agree consider southern five some chance.,Material Fatigue,12.5,Closed
INC-03173,SITE-004,2025-12-12,Fire,Medium,81.9,Authority idea probably edge.,,7.6,Open
INC-04281,SITE-003,2025-02-01,Near Miss,Critical,40.6,Political daughter follow figure audience share range.,,5.9,Open
INC-03259,SITE-006,2023-09-30, fire,Low,94.8,Edge behavior civil view sister another task experience example little.,Operator Error,4.7,Under Investigation
INC-01306,SITE-006,2023-10-21,Fire,Medium,71.3,Course far investment certain better five traditional prove almost walk.,,9.2,Open
INC-01999,SITE-003,2026-03-13,Spill,High,65.5,Already world suffer under center I order man something may response standard.,Material Fatigue,7.1,Under Investigation
INC-02009,SITE-006,2024-02-07,Spill,High,63.0,Down because argue room where again whole.,Corrosion,2.1,Open
INC-01550,SITE-003,2025-08-21,Equipment Failure,High,54.1,Cover population others mother country member painting range along professor discuss term the.,Sensor Malfunction,5.1,Open
INC-01016,SITE-004,2024-07-08,Spill,Low,82.1,Why anyone kid its long model dinner blue large lawyer.,Operator Error,7.3,Open
INC-05486,SITE-003,2024-10-16,Spill,Critical,24.4,Under red population detail wonder tend choose new.,Sensor Malfunction,6.0,Under Investigation
INC-04973,SITE-003,2024-06-18,Equipment Failure,high,52.5,Role significant spend he computer.,Valve Failure,6.3,Under Investigation
INC-05085,SITE-005,2024-09-22,Equipment Failure,LOW,90.6,Great example result late rule up total take gas but avoid late.,Operator Error,2.4,Closed
INC-05464,SITE-003,2023-07-26,Spill,Critical,24.5,Contain career especially security my military price away spring.,Corrosion,12.1,Closed
INC-04474,SITE-005,2024-06-16,Near Miss,Low,97.5,Part home involve management same avoid class benefit attack organization born.,Valve Failure,27.2,Closed
INC-00227,SITE-002,2025-04-03,Spill,,65.8,Tree project arrive detail role lay detail already agent administration great away the.,Sensor Malfunction,16.0,Open
INC-05658,SITE-005,2025-12-01T00:00:00Z,Equipment Failure,Medium,66.6,Away forward phone if Republican visit want attention people exist sure short.,Sensor Malfunction,7.9,Under Investigation
INC-01542,SITE-005,2025-06-26,Spill,Medium,73.2,Someone stand experience kitchen onto born believe front ten money dinner really lose degree.,Sensor Malfunction,8.6,Closed
INC-03235,SITE-003,2024-03-17,Leak,High,104.0,Such enjoy first skill parent eye or tree trade consumer us country.,Corrosion,19.7,Open
INC-02479,SITE-005,2025-11-15,Fire,Low,90.1,Citizen agent nearly down appear necessary material.,Corrosion,3.0,Closed
INC-03066,SITE-003,2023-08-21,Fire,High,63.2,Pick game our sign tree thank clear recognize test produce.,Valve Failure,5.4,Open
INC-00156,SITE-005,2023-09-14,Equipment Failure,Medium,71.4,Modern similar on resource north idea doctor form surface car picture professor response.,Third-party Damage,2.9,Open
INC-00793,SITE-006,2024-11-12,Leak,Medium,79.0,Side everybody brother than quite involve economic voice nice charge report glass set.,Valve Failure,9.7,Open
INC-03144,SITE-004,31-Aug-2024,Equipment Failure,Critical,45.1,Bar development focus only safe side director program bad.,Sensor Malfunction,10.3,Under Investigation
INC-04591,SITE-006,2025-05-08,Spill,Critical,45.5,Local attack hard subject reflect sister imagine high size cover break range.,Material Fatigue,9.6,Under Investigation
INC-03138,SITE-002,2025-06-06,Near Miss,Medium,59.1,Walk whose simply cost next require war boy trade product actually democratic moment improve thought exactly business point common.,Corrosion,6.2,Closed
INC-02551,SITE-006,2026-07-18,,Critical,46.2,Enter like front reveal environment majority home economic.,Third-party Damage,5.7,Under Investigation
INC-01784,SITE-004,2025-11-02T00:00:00Z,Fire,High,72.8,Hand interest recent reason deep according movie finally example well low assume little since unit data.,Valve Failure,1.4,Open
INC-00288,SITE-005,2025-07-31,Near Miss,,86.9,Despite hotel head officer area quality part six audience manage federal get probably wind ask entire hundred fast.,Corrosion,4.8,Closed
INC-04873,SITE-002,2023-09-16,equipment failure,Lo,81.9,Box high rock new free stuff draw he environment employee want method scientist out social own page.,Valve Failure,5.8,Open
INC-03638,SITE-004,2026-05-09,Leak,Critical,53.5,Foreign short else deal treatment national month.,Valve Failure,4.6,Under Investigation
INC-05041,SITE-006,25/01/2025,Spill,Critical,24.7,Cost reflect office amount woman tonight church part debate describe present work Mr part focus citizen it.,Sensor Malfunction,3.3,Under Investigation
INC-02356,SITE-003,2024-04-24T00:00:00Z,Equipment Failure,Critical,75.6,Just guy wind lay.,Third-party Damage,20.2,Under Investigation
INC-05521,SITE-001,2023-10-13,Equipment Failure,Low,75.6,Economy language provide theory owner adult building word build available any nothing high reach senior next.,Third-party Damage,8.3,Closed
INC-00284,SITE-001,2026-03-10,Spill,High,83.8,Public explain fear meet training energy discover.,Material Fatigue,13.2,Open
INC-05248,SITE-005,2024-12-27,Fire,Low,84.6,Financial office seven standard follow various material himself mother moment federal exactly bar away body.,Valve Failure,0.2,Closed
INC-01681,SITE-003,2025-09-18,Equipment Failure,Critical,40.5,Trade American prepare garden bit operation receive set she radio.,Material Fatigue,10.1,Under Investigation
INC-04914,SITE-001,2026-01-31T00:00:00Z,near miss,MEDIUM,72.6,Be every station usually east different station face enjoy collection environment structure perform side summer major.,Material Fatigue,8.5,Open
INC-03539,SITE-002,2025-03-30,Equipment Failure,Low,78.7,Newspaper friend poor miss major stuff.,Operator Error,9.6,Open
INC-04600,SITE-006,2025-01-04,Fire,Med,71.6,American myself take agreement director stock simply bar environment land ability.,,5.2,Open
INC-00992,SITE-001,2025-01-26,Fire ,Medium,83.1,Movie wonder want they key.,Sensor Malfunction,3.3,Closed
INC-01825,SITE-005,2025-08-07,Fire,Medium,73.9,Child to society song expert enter room shake.,,12.3,Under Investigation
INC-03937,SITE-004,2024-02-04,Near Miss,Medium,78.4,Source same institution throughout magazine clearly get suddenly source indicate develop suffer thought few reveal player carry personal international.,Valve Failure,11.8,Under Investigation
INC-04077,SITE-002,2023-10-01,NEAR MISS,Low,87.2,But institution out around speak hope by probably though poor pick hard against say material might speech cost start show sell.,Material Fatigue,2.4,Open
INC-01002,SITE-003,2025-05-13,,Critical,54.1,Culture myself experience modern price decide include.,Sensor Malfunction,4.7,Closed
INC-00854,SITE-003,2025-01-16T00:00:00Z,Leak,Low,100.0,Step power more onto hospital practice return.,Operator Error,2.5,Under Investigation
INC-02448,SITE-002,08/17/2024,Equipment Failure,Medium,68.6,Walk information by animal until want usually hair who before painting onto tonight clearly service.,Third-party Damage,10.9,Under Investigation
INC-00603,SITE-003,2023-11-14,Spill,High,43.1,Central prevent year recognize.,Corrosion,9.2,Closed
INC-03241,SITE-002,2024-07-01,Spill,Low,78.0,Probably industry agency rich late easy determine guess science him.,Sensor Malfunction,3.0,Open
INC-01087,SITE-003,2024-01-18,Equipment Failure,High,57.3,Read cell I almost stock ability truth.,,1.3,Open
INC-02387,SITE-005,2023-08-07,Fire,Lo,87.0,Watch too end authority dog building quite employee about serve amount within figure.,Material Fatigue,4.7,Open
INC-02495,SITE-003,2026-01-30,Leak,Critical,37.0,Much parent season bad.,Operator Error,4.3,Closed
INC-01163,SITE-005,10/19/2024,Leak,Low,86.4,Mean reduce avoid pass you draw particular medical six audience beat old feel including such.,,11.2,Under Investigation
INC-03189,SITE-005,2023-08-20,,Medium,72.0,College center together force well law perform fund.,Sensor Malfunction,3.4,Under Investigation
INC-00505,SITE-001,2024-08-01,Near Miss,High,46.0,Conference so herself side detail boy home.,Valve Failure,17.2,Closed
INC-03080,SITE-002,2025-04-08,Equipment Failure,high,70.5,Money space reduce build investment according alone nation more play word simply avoid listen key protect culture sister.,Sensor Malfunction,7.3,Open
INC-02992,SITE-003,2024-04-08,Spill,Medium,63.9,Sometimes improve same require note machine loss war southern social economy.,Corrosion,4.0,Under Investigation
INC-02632,SITE-004,2025-11-23,Near Miss,Low,-0.5,Like success class require.,Sensor Malfunction,15.7,Open
INC-00545,SITE-004,2023-08-24,Near Miss,Medium,65.3,Police lead stock cultural political easy.,,4.5,Open
INC-05899,SITE-006,2026-07-10T00:00:00Z,Spill,High,59.3,Bit bar alone subject prove TV let test.,Third-party Damage,13.3,Under Investigation
INC-01118,SITE-003,2025-11-12T00:00:00Z,Leak,High,50.8,Stock both husband lawyer have form out question any dog lose peace entire available good.,Operator Error,22.8,Under Investigation
INC-05289,SITE-003,2026-04-28,Near Miss,High,64.3,Book you director piece beyond among minute might whole tonight either public professor together under.,,17.3,Closed
INC-00387,SITE-005,08/05/2024,Leak,High,66.8,Strong resource popular study whether dream threat blood conference quite loss statement despite.,Corrosion,15.6,Under Investigation
INC-01425,SITE-003,03/12/2023,Spill,Critical,42.2,Nice personal government Mrs hold do little now theory along drop bill fall.,,16.1,Under Investigation
INC-03812,SITE-003,2023-09-08,Equipment Failure,High,66.3,Subject recent career response little product still beautiful wrong case arm bring always what.,Third-party Damage,8.3,Under Investigation
INC-01275,SITE-003,2023-08-16,near-miss,Critical,27.6,Lay job husband others face child blue discussion investment wonder much see.,,8.4,Closed
INC-02142,SITE-001,2023-10-28,,,93.1,Few student second whom ever nice born resource also hour.,Corrosion,1.2,Closed
INC-03411,SITE-005,2026-05-03,Fire,Medium,83.4,Form throughout glass seem opportunity fact reason politics institution head.,Sensor Malfunction,1.4,Under Investigation
INC-05482,SITE-005,2024-04-30,Fire,Low,87.5,House support tend way good support increase out will view camera southern whom evening safe.,Sensor Malfunction,16.3,Closed
INC-04116,SITE-006,2026-05-23,Equipment Failure,Critical,45.9,Record natural education politics.,Valve Failure,9.3,Under Investigation
INC-01875,SITE-002,2025-11-26,Spill,Medium,115.7,Free keep hope black.,Sensor Malfunction,3.1,Open
INC-01325,SITE-006,2025-08-10,Leak,Medium,62.7,Kitchen economic method physical child continue.,Sensor Malfunction,10.4,Under Investigation
INC-01027,SITE-004,2025-10-21,Fire,Medium,77.7,Feel like business night the nothing manager probably wait significant world election always her meeting.,,8.3,Open
INC-01484,SITE-006,2025-08-25,Spill,High,52.7,Rate buy report current hope direction blood market loss rather mean little quickly send hair on address.,Third-party Damage,10.9,Open
INC-01237,SITE-003,2026-06-06,spill,Critical,44.2,Service western war apply hit carry west few glass process beat accept enjoy high draw early.,Sensor Malfunction,10.6,Closed
INC-04011,SITE-001,2026-03-30,Equipment Failure,Medium,76.1,History tend since woman small candidate seem.,Sensor Malfunction,2.8,Open
INC-04991,SITE-002,2024-11-03,Spill,Medium,80.2,Small edge their new activity compare detail buy despite.,Material Fatigue,7.9,Open
INC-00191,SITE-002,04/07/2025,Equipment Failure,Low,91.8,Me stand concern administration opportunity save.,Third-party Damage,3.6,Closed
INC-02611,SITE-003,2026-01-02,Leak,Critical,58.9,Federal service wife offer score cost may central hard.,Third-party Damage,8.4,Under Investigation
INC-02776,SITE-003,2025-05-01,Near Miss,high,54.7,Right send marriage number prevent any technology speech forget suddenly business various food physical.,Valve Failure,2.6,Closed
INC-01591,SITE-003,08/04/2024,Fire,High,59.9,Though scientist allow group including close art number far oil.,Corrosion,6.2,Open
INC-01855,SITE-003,02/15/2025,Fire,Critical,28.3,Study safe anyone it environment animal agency laugh painting probably eye without trouble.,Valve Failure,2.1,Open
INC-01224,SITE-005,2025-10-04,Spill,,38.9,Across through eight administration run finish name.,,3.5,Open
INC-00882,SITE-003,2024-01-21,Leak,High,66.7,About push forward challenge language often ok statement force air stand later care also practice if.,,8.5,Open
INC-01008,SITE-001,2026-03-11,Spill,Medium,88.3,Town product arrive have his his huge control bring statement bad central single he employee fear society.,Valve Failure,1.7,Closed
INC-05056,SITE-003,2024-07-27,leak, medium,64.8,Speak article call feeling area discover statement address court.,Valve Failure,12.6,Closed
INC-02150,SITE-001,2025-08-22,Fire,Medium,70.5,Around serve occur shake goal right number street cost.,,14.9,Closed
INC-03889,SITE-004,2024-07-14,Equipment Failure,Critical,46.9,Little leader perhaps billion detail enough everybody affect yes away light bring.,Valve Failure,7.7,Closed
INC-00490,SITE-005,2025-08-22,Equipment Failure,Medium,74.3,Practice responsibility region owner certainly generation budget although no.,Corrosion,5.7,Open
INC-05142,SITE-003,2026-03-02,,Low,78.4,Change former high add gun arrive drug international green phone again responsibility human still religious area lot.,Corrosion,9.7,Closed
INC-01083,SITE-002,2023-11-25,Near Miss,Low,79.7,Option current even lot ahead year prove might church start act.,Material Fatigue,7.9,Open
INC-00421,SITE-001,2023-11-26,Spill,High,56.2,Practice affect beyond give win evidence situation.,Third-party Damage,8.7,Under Investigation
INC-02677,SITE-006,2025-02-02,Near Miss,Critical,49.3,Old nearly popular may now station.,Sensor Malfunction,3.7,Closed
INC-02005,SITE-006,2026-01-27,Near Miss,Critical,47.4,Soldier myself decide threat majority get.,Operator Error,4.2,Under Investigation
INC-02606,SITE-006,2025-01-03,Near Miss,Medium,71.8,Trade give instead federal front compare writer.,Operator Error,7.5,Closed
INC-00985,SITE-002,2025-12-23T00:00:00Z,Equipment Failure,High,64.4,Report require century however particularly book local issue mention ask kitchen wide in would reach politics.,Third-party Damage,8.0,Under Investigation
INC-03620,SITE-001,2025-06-05,Leak,Medium,74.7,Book establish every letter make cultural suddenly foot poor again.,Sensor Malfunction,10.0,Open
INC-04618,SITE-001,2025-03-03,,Lo,98.6,Of late clearly significant short write experience system chair step throw character level.,Third-party Damage,7.8,Closed
INC-05110,SITE-005,2024-10-11,,Medium,67.5,Action data game west catch newspaper difficult meeting tax travel author along game draw.,Sensor Malfunction,12.6,Open
INC-04408,SITE-002,02-Mar-2025,Equipment Failure,Low,89.9,Doctor computer story exactly truth.,Valve Failure,8.0,Open
INC-05045,SITE-006,2024-12-06T00:00:00Z,Spill,crit,69.1,Type authority everyone same our pick.,Corrosion,2.9,Open
INC-00592,SITE-002,2025-01-22T00:00:00Z,near-miss,Low,82.5,Surface or employee my citizen catch.,Sensor Malfunction,5.5,Closed
INC-02844,SITE-001,2026-02-27,Equipment Failure,High,72.3,Play capital add call teach personal concern body understand bank writer.,Valve Failure,4.3,Under Investigation
INC-02487,SITE-006,2026-01-16,Fire,High,66.1,Human reach each across camera hot carry.,Operator Error,6.2,Under Investigation
INC-01280,SITE-002,2023-11-14,Near Miss,Medium,66.1,Recognize operation trial who man phone big plan.,Valve Failure,5.7,Open
INC-03466,SITE-001,2025-08-11,,Critical,39.9,True over themselves director lead who.,Corrosion,9.7,Under Investigation
INC-05732,SITE-006,07/27/2025,Leak,medium,86.4,Take condition teach red popular or decade end similar.,Valve Failure,9.9,Closed
INC-03382,SITE-002,2023-12-25,Leak,crit,39.6,Art hospital I bring watch.,Material Fatigue,9.2,Closed
INC-00870,SITE-001,2024-12-11,NEAR MISS,,77.4,Of real wall model military several professional support.,,13.4,Open
INC-04576,SITE-003,2024-03-21T00:00:00Z,Fire,High,59.9,Economy weight measure last high.,,2.7,Closed
INC-01738,SITE-003,2024-02-10,Fire,Medium,79.6,Meeting skin someone Mr after owner military high traditional approach.,,7.8,Under Investigation
INC-05146,SITE-004,25-Nov-2024,Leak,High,58.1,Heart street hotel least wonder across note race expect attorney few kind about ever.,Material Fatigue,0.3,Open
INC-02693,SITE-006,06/09/2026,,medium,75.3,Story heart nice computer military hear political year service attention.,Operator Error,11.8,Closed
INC-02346,SITE-005,2024-03-20,SPILL,High,58.0,Company edge ask third say by staff point team.,Material Fatigue,1.1,Open
INC-00053,SITE-003,2026-05-19,Leak,High,45.6,Always follow concern pay either blue particular maintain.,,4.4,Closed
INC-00124,SITE-001,2026-05-29,Equipment Failure,Medium,71.1,Possible bill seem American clearly garden discover wide pull cultural laugh generation plan degree trouble might discussion.,Valve Failure,11.4,Closed
INC-04613,SITE-004,2025-11-03,Equipment Failure,Medium,71.3,Pm treatment relationship eat especially.,Operator Error,10.2,Open
INC-00483,SITE-005,08/27/2025,Equipment Failure,High,50.6,For hospital around may condition interview service fly give return.,Material Fatigue,5.4,Closed
INC-03994,SITE-001,2026-02-16,Equipment  Failure,High,66.2,Now their economic public arrive.,Corrosion,7.7,Closed
INC-02806,SITE-004,2024-12-25T00:00:00Z,Fire,High,60.8,Leave owner pretty process.,Corrosion,12.9,Open
INC-04597,SITE-001,2023-09-10,Fire,Medium,84.8,Offer family book enjoy such hold hand war nearly keep.,Third-party Damage,2.9,Open
INC-02825,SITE-005,2025-04-02,Leak,High,42.5,Hotel learn law morning see discover town we however south.,Sensor Malfunction,6.4,Closed
INC-04835,SITE-002,2026-08-24,Leak,Low,93.2,Water next you situation the quality federal itself college ask guess wear.,Operator Error,10.2,Open
INC-02420,SITE-003,2024-12-01,Fire,High,60.7,Region specific baby wife grow of common hotel TV wonder third laugh start most.,Third-party Damage,2.5,Closed
INC-00589,SITE-002,2023-08-07,Near Miss,Med,67.1,Must community deep station across later will.,Third-party Damage,1.5,Closed
INC-04754,SITE-001,2024-01-02,Equipment Failure,Critical,42.8,Method challenge prove also age ask Mrs consider increase wait end discuss claim local rise real difference.,,5.1,Closed
INC-04634,SITE-001,2026-04-08,Near Miss,Medium,87.7,Personal hospital sign hear sure off activity environment possible by.,Valve Failure,15.0,Under Investigation
INC-00712,SITE-002,2024-01-06,Equipment Failure,High,61.2,Along beyond blood certain get into financial cost.,Operator Error,4.3,Closed
INC-02519,SITE-003,2024-01-10,Spill,High,66.8,Respond heavy hope open word always return rise house Republican bring.,,9.0,Open
INC-00172,SITE-002,2024-09-07,Equipment Failure,Low,91.1,Stock economic receive watch hospital plan she set little turn recognize picture soon woman.,,2.2,Closed
INC-05294,SITE-005,11/24/2024,Equipment Failure,Low,84.7,Manager reduce sit science huge contain party focus coach.,Operator Error,8.9,Under Investigation
INC-04160,SITE-002,2025-02-07,Leak,High,66.8,Weight book activity minute outside area ago write.,Valve Failure,6.5,Under Investigation
INC-00509,SITE-004,2024-12-30,NEAR MISS,High,45.7,Under never thus kid staff history none coach compare more.,Sensor Malfunction,7.3,Open
INC-01078,SITE-003,2025-12-30T00:00:00Z,Spill,MEDIUM,68.5,Free fish scene knowledge research sort hope television your way.,,16.8,Open
INC-02254,SITE-001,2026-09-12,Near Miss,High,66.7,End threat avoid collection animal give charge meeting base of physical bill wrong street modern past oil exist.,Material Fatigue,3.9,Open
INC-01932,SITE-002,2026-08-06,Near Miss,Low,99.2,Value how second protect dog idea attorney moment mention join become second hospital war.,Third-party Damage,10.2,Open
INC-03212,SITE-005,2026-05-12,Near Miss,High,54.9,Success though name either available approach line individual keep tree individual Congress.,Operator Error,23.3,Closed
INC-05403,SITE-002,2023-08-02,Leak,Medium,68.9,Pass test quality risk wear agreement leader view several station about lose by my billion beautiful last.,Material Fatigue,6.1,Open
INC-01314,SITE-006,2024-07-23T00:00:00Z,Spill,Critical,45.3,Able various their bill alone rise simply plant he suggest them baby side include sense do standard human rich.,Sensor Malfunction,1.5,Under Investigation
INC-00027,SITE-002,2024-10-15,leak ,,94.0,Manager top summer evidence young conference field carry else.,Third-party Damage,4.3,Closed
INC-01808,SITE-002,2025-08-02,Near Miss,Low,89.1,Plan our behavior talk get thank around ball.,Sensor Malfunction,4.9,Open
INC-05755,SITE-003,2024-01-15,Leak,,45.9,Former past plan data civil force former maybe specific agent performance.,Third-party Damage,13.0,Under Investigation
INC-04763,SITE-004,2024-03-28,Fire,Medium,69.8,Kid individual floor sport coach meeting relate.,Sensor Malfunction,15.0,Open
INC-05451,SITE-003,2025-11-18,Near Miss,High,50.0,Outside wait poor law hotel purpose believe its structure play very nearly remain.,,3.4,Open
INC-00383,SITE-003,27-Jan-2025,Fire,High,69.6,Physical approach collection good join production four food top hotel.,Sensor Malfunction,4.2,Under Investigation
INC-03897,SITE-005,2025-06-25T00:00:00Z,Near Miss,Critical,40.4,Everyone ten start against American that church oil able at evening although other explain.,,8.0,Open
INC-04700,SITE-004,19/03/2024,Fire,Medium,79.2,Pay receive politics stop.,Material Fatigue,12.9,Under Investigation
INC-02470,SITE-001,03/19/2025,Near  Miss,Low,91.7,Then sister together ok company central civil control new factor.,Operator Error,9.9,Open
INC-03769,SITE-005,2024-06-18,Fire,Lo,91.4,Unit yeah right able action paper range.,Valve Failure,4.8,Under Investigation
INC-03072,SITE-005,2026-03-28,,Critical,52.5,Democratic magazine help herself.,,6.1,Open
INC-05340,SITE-003,2025-09-09,Spill ,Critical,34.8,Leader growth structure at lawyer education behavior hospital significant.,Material Fatigue,8.9,Closed
INC-03869,SITE-002,2025-05-17,Fire,Low,98.6,Trial today event cell eat difference treat.,Sensor Malfunction,9.1,Open
INC-00622,SITE-001,2023-11-14,Near Miss,High,50.4,Impact hotel whether guy high believe while since floor special rather purpose boy put spend work here science station.,Sensor Malfunction,3.0,Under Investigation
INC-05593,SITE-005,2024-09-12,Leak,Low,87.2,News anyone gas way market glass however section within road structure either trouble after church.,Sensor Malfunction,1.9,Under Investigation
INC-00613,SITE-006,2025-09-28,Equipment Failure,High,66.6,Point else race best way item safe deal from six work chance itself camera.,Material Fatigue,4.3,Under Investigation
INC-03997,SITE-002,2025-10-01,Near Miss,Medium,62.2,Education allow provide again energy response performance of common.,,6.9,Closed
INC-05649,SITE-003,11/19/2024,,Critical,42.4,Keep whatever student party wrong left result American Congress.,Operator Error,10.6,Open
INC-01867,SITE-005,2025-06-01,Near Miss,MEDIUM,150.0,Which degree him cover crime level decide weight radio crime read.,,1.8,Open
INC-04224,SITE-001,2024-01-04,Near Miss,Critical,44.0,Common agree lead water page factor Democrat style provide.,Valve Failure,9.7,Under Investigation
INC-04409,SITE-002,2026-03-21,SPILL,Low,95.3,On west per issue discover water crime.,Operator Error,6.2,Open
INC-01942,SITE-002,2026-05-31,Near Miss,Medium,73.6,Wide attorney really brother personal probably affect group feel.,Third-party Damage,4.9,Under Investigation
INC-02920,SITE-002,2023-08-30,EQUIPMENT FAILURE,Low,81.6,When them authority early story company out prepare response.,Corrosion,17.5,Open
INC-03792,SITE-003,2023-09-02, Leak,Medium,74.3,Standard scientist billion rule knowledge perhaps wait use series indicate artist money customer tax figure.,Sensor Malfunction,13.0,Closed
INC-01505,SITE-005,2025-04-21,,High,70.4,Herself decide reality one one next anyone cost.,Operator Error,7.7,Closed
INC-04688,SITE-003,2024-01-16,spill,High,66.5,Happy ground easy travel exist send visit eight time any ahead speech trade late talk although democratic admit.,Sensor Malfunction,8.3,Open
INC-02892,SITE-005,2026-09-17,,,74.2,Work cell well seek phone such campaign political at.,Valve Failure,10.1,Under Investigation
INC-04044,SITE-005,2024-02-17,Equipment Failure,Low,85.8,Where consider himself what bill hand wear officer fire population partner civil.,Third-party Damage,5.3,Closed
INC-05212,SITE-003,2025-06-13,Leak,,44.2,Cultural art improve those foot black last ever watch.,Sensor Malfunction,1.1,Under Investigation
INC-03722,SITE-002,2025-03-25T00:00:00Z,Spill,Low,96.3,Few mention remain agent available perform over probably break long certainly news again forget responsibility method project western season.,,2.8,Under Investigation
INC-05688,SITE-004,2025-03-10,Fire,Critical,61.1,Data official art quickly what attorney Congress represent before receive challenge.,Sensor Malfunction,6.1,Closed
INC-00633,SITE-006,2024-10-23,Leak,,91.9,Democrat not design teach into fund somebody century organization.,Corrosion,15.5,Open
INC-00333,SITE-006,09/22/2025,Spill,Medium,82.0,Mouth computer course hard executive effect wife.,Material Fatigue,17.9,Open
INC-05043,SITE-004,2026-05-12,Equipment Failure,Medium,64.8,Lose next choose agreement under our save bed.,Valve Failure,8.0,Closed
INC-00868,SITE-005,2024-03-14,Equipment Failure,High,59.0,Clear would action relationship off.,Sensor Malfunction,2.2,Under Investigation
INC-05400,SITE-004,2024-12-15,NEAR MISS,Low,96.1,Point tonight prevent spend.,Sensor Malfunction,3.1,Under Investigation
INC-03617,SITE-002,03-Feb-2024,Fire,Medium,64.2,Place sit west oil professional wish write help.,Corrosion,1.4,Open
INC-03388,SITE-005,2024-09-24,Leak,MEDIUM,59.3,Know by east weight level even follow leader so true like build present serve beat TV moment.,Third-party Damage,5.7,Closed
INC-03251,SITE-003,21/04/2025,Near Miss,Critical,41.6,Federal system statement than professor finally.,Valve Failure,2.8,Under Investigation
INC-03912,SITE-004,2024-10-08,Near Miss, Low,94.2,Sea head always view ok Republican for four.,Corrosion,5.9,Open
INC-02123,SITE-004,2024-08-09,Near Miss,Medium,75.4,Over catch full so budget step state.,Sensor Malfunction,1.5,Closed
INC-02300,SITE-003,2026-05-01,Spill,Critical,48.4,Figure deal firm beat when like main all this structure throw system court animal picture treatment large local deal me.,Material Fatigue,2.6,Closed
INC-02724,SITE-004,2026-05-19,Near Miss,Medium,81.8,Sure authority Mrs expert role break coach.,Sensor Malfunction,0.6,Closed
INC-04047,SITE-002,2023-08-13,Equipment Failure,,81.2,Music treat sometimes television store toward voice.,Valve Failure,3.5,Open
INC-02732,SITE-005,2026-03-15,Equipment Failure,Critical,58.9,Event magazine Republican whether baby need stop both national its their develop form able college.,Operator Error,6.0,Closed
INC-00731,SITE-003,2026-02-10,Near Miss,Critical,42.3,Source health wall west they charge view event accept out degree defense Republican skill.,Material Fatigue,15.4,Open
INC-05832,SITE-006,2026-03-05,Near Miss,Critical,42.3,Stop market leave have tonight trip like although reduce PM data.,Third-party Damage,17.0,Open
INC-04232,SITE-001,2024-04-02,Fire,Medium,76.5,Majority necessary buy lay ready smile we itself six rich quite plan.,,4.5,Closed
INC-02272,SITE-001,2024-09-19,Spill,High,66.0,Hit meet among.,Material Fatigue,21.8,Closed
INC-00104,SITE-004,2026-08-13,Near Miss, High,64.4,Child talk office lose push begin measure hold accept wind sing force turn view parent.,Corrosion,7.4,Closed
INC-01946,SITE-002,2023-09-03,Fire,Low,85.6,Read station and loss war child southern student system ago popular add increase friend.,Third-party Damage,7.7,Under Investigation
INC-02647,SITE-003,08/02/2023,Spill,,70.8,Positive human east leave professor fine account learn goal card away film.,Material Fatigue,5.4,Closed
INC-03417,SITE-004,2024-02-14,Leak,Critical,60.0,Carry main yeah cell claim section sense.,Third-party Damage,8.9,Closed
INC-03992,SITE-005,2025-04-19,,High,57.6,Head responsibility enjoy indeed daughter perform spring property order rich key be agree dark personal create try.,Sensor Malfunction,13.7,Closed
INC-02471,SITE-005,2025-02-10,,Critical,41.6,Should itself there rich drug enough age.,,6.7,Under Investigation
INC-05112,SITE-001,28-Jan-2025,NEAR MISS,Medium,76.1,Husband technology glass population method billion expert rate.,Material Fatigue,5.3,Open
INC-02112,SITE-004,2025-08-29,Near Miss,Medium,69.3,Determine something home later Mr may necessary indicate defense country budget Mr lawyer prevent apply Democrat same.,Sensor Malfunction,1.2,Closed
INC-01426,SITE-003,2024-12-01,Near Miss,Critical,24.8,Director bag party next technology left various education conference.,Third-party Damage,4.6,Open
INC-03163,SITE-003,12-Aug-2023,leak,High,57.4,Involve final compare central unit.,Third-party Damage,14.7,Closed
INC-02707,SITE-006,11/26/2023,Spill,Critical,52.3,He answer kind public once add stock black ten.,Sensor Malfunction,8.5,Closed
INC-02506,SITE-002,2025-02-24,Fire,Medium,88.5,Detail shoulder article approach water language.,Operator Error,0.3,Under Investigation
INC-01511,SITE-006,2025-04-02,Leak, Critical,51.3,Step simple nation sign already crime whether.,Material Fatigue,4.1,Under Investigation
INC-03376,SITE-006,2026-06-07,Near Miss,Medium,74.0,Do before tax claim read others in because.,Third-party Damage,5.3,Closed
INC-01149,SITE-005,2024-03-03,Near Miss,Critical,-0.5,Follow represent no change far energy before we.,Operator Error,24.4,Open
INC-03053,SITE-006,2024-01-02,Near Miss,Medium,65.0,Word same first feel politics crime main cut industry into they.,Third-party Damage,35.9,Under Investigation
INC-03864,SITE-002,2024-05-19,Spill, medium,80.3,Four industry likely lay behind do car feeling.,Valve Failure,5.9,Under Investigation
INC-04492,SITE-002,2023-12-01,Near Miss,Critical,47.5,Vote tell employee prove.,,4.0,Open
INC-02153,SITE-001,2023-09-07,Leak,Low,84.7,Case indicate three kid always exactly.,Sensor Malfunction,26.4,Closed
INC-00243,SITE-002,2023-12-09,Fire,Low,85.0,Speak policy certainly their ahead cup sure firm human might film final lay office wait budget my tend.,Material Fatigue,27.2,Open
INC-04288,SITE-002,14/08/2024,Near Miss,Low,89.1,Person south reflect employee provide gun record on could full senior weight cell research mission get everyone.,,17.6,Closed
INC-05667,SITE-001,2026-04-30,Near  Miss,Medium,75.4,Arm professor might reach form return none room seven summer person together view good plant job wait lot.,,8.0,Open
INC-02253,SITE-003,2025-03-10,Leak,Crit,37.5,Family option environmental late either shake current establish certainly face common explain staff great throughout somebody activity.,Valve Failure,5.8,Under Investigation
INC-02396,SITE-002,06-Jun-2026,Equipment Failure,MEDIUM,70.9,Notice suffer along send hold town tend work prepare girl traditional mother travel.,Corrosion,6.3,Closed
INC-05455,SITE-004,2024-09-06,Spill,High,68.3,Cover affect law shake piece green edge themselves increase.,Valve Failure,2.9,Closed
INC-04572,SITE-003,2026-03-10,Near Miss,HIGH,60.1,Morning must yet this.,Corrosion,14.6,Open
INC-04113,SITE-004,2024-10-07,Fire, medium,76.6,Situation perhaps attorney physical machine hard space.,Sensor Malfunction,8.5,Under Investigation
INC-04299,SITE-005,2025-03-05,Equipment Failure,Medium,76.6,Development knowledge down case wide bit fill understand.,,7.1,Open
INC-03019,SITE-002,2025-02-15,Spill,Low,84.9,Scientist collection event receive close news network light writer avoid professional.,Corrosion,1.5,Closed
INC-04149,SITE-001,2023-08-23,Near Miss,Medium,76.4,That feel source table minute computer tonight discuss compare record build ten again enter part.,Sensor Malfunction,2.4,Open
INC-05108,SITE-005,2026-07-10,Near Miss,critical,62.6,Region who spend check language seven respond political.,Third-party Damage,1.5,Closed
INC-01300,SITE-004,2024-01-07,Leak,,54.3,Chair sit any fire majority.,,6.2,Under Investigation
INC-03475,SITE-001,2026-04-19,Spill ,Medium,81.6,Appear mention center action power light adult.,Operator Error,10.4,Open
INC-05501,SITE-003,2023-08-19,Fire,High,76.3,Reduce court size risk cell stock parent language wonder process leader forward thing much.,Sensor Malfunction,16.6,Under Investigation
INC-03665,SITE-003,2026-02-25T00:00:00Z,Leak,Medium,83.8,Rate his describe while suggest stop understand music relate bring condition possible cover.,Material Fatigue,3.6,Closed
INC-04235,SITE-003,2026-05-13,equipment failure,Medium,91.4,Quality for consumer phone customer just lot increase different lose.,Valve Failure,16.7,Open
INC-05817,SITE-005,2023-11-13,Near Miss,Low,86.2,Black your know record people key eight address large.,Corrosion,8.5,Closed
INC-05003,SITE-005,2023-11-17,Equipment Failure,Low,76.7,Industry bar bar right record create.,Third-party Damage,2.2,Closed
INC-00751,SITE-002,2025-11-17,Near Miss,Medium,74.4,Describe thus modern past live.,Sensor Malfunction,7.3,Closed
INC-01326,SITE-003,2026-02-12,Equipment Failure,Critical,51.5,Mind election movie western your.,,8.1,Open
INC-00658,SITE-002,2026-06-03,Equipment Failure,Low,93.2,Its age actually billion front.,Third-party Damage,15.6,Under Investigation
INC-03660,SITE-005,2025-10-10,Spill,High,67.2,Special doctor officer foreign someone major it.,Corrosion,11.8,Closed
INC-03265,SITE-006,2024-05-13,Spill,High,48.7,Team hold remember many edge direction material PM approach unit black peace appear.,Corrosion,4.3,Open
INC-02625,SITE-006,2025-12-21,Leak,Medium,74.7,Enough into single impact sell card above simple.,,7.8,Open
INC-03312,SITE-001,2024-06-01,near miss,Medium,74.3,Forward every sure debate get way management tell detail phone product lay fish responsibility main.,Third-party Damage,11.9,Open
INC-05157,SITE-005,2026-04-03,Fire,High,63.6,Share benefit or voice beat white a.,Sensor Malfunction,2.2,Closed
INC-00179,SITE-001,2023-10-04,Near Miss,High,56.9,Beat program some create system part economic others old first building west home onto language many have actually.,Operator Error,5.4,Closed
INC-05764,SITE-002,2025-06-30,Fire,High,53.8,Pressure anyone movement interesting them back blue choose stay purpose public interesting show night phone leader.,Sensor Malfunction,11.1,Closed
INC-05623,SITE-005,2024-07-16,Equipment Failure,High,79.2,Investment ten series catch follow throughout kid old.,Third-party Damage,26.2,Closed
INC-03195,SITE-001,2025-08-09,Spill,Low,84.9,Pm care big tree challenge recent ahead authority.,Material Fatigue,2.3,Closed
INC-01233,SITE-005,2025-04-21,Equipment Failure,Low,90.0,Often six join power.,Corrosion,5.8,Under Investigation
INC-00173,SITE-004,2025-07-27,Spill,Critical,50.9,Identify at back read under per necessary science leave.,Corrosion,6.3,Under Investigation
INC-01948,SITE-003,2024-05-20,EQUIPMENT FAILURE,High,63.6,Nor before specific occur figure yard.,Third-party Damage,6.7,Closed
INC-03558,SITE-001,2025-11-17,Equipment Failure,Medium,75.2,Various key beyond them.,Sensor Malfunction,8.0,Under Investigation
INC-05646,SITE-006,2023-10-19,Equipment Failure,Crit,-5.0,Stock total cut already anyone sister her practice difficult performance baby responsibility above.,Valve Failure,12.2,Under Investigation
INC-03240,SITE-002,2024-12-05,Spill,High,52.3,Make knowledge stay its without.,Third-party Damage,9.6,Closed
INC-02764,SITE-001,04/16/2026,Near Miss,Medium,84.2,Bed hard space art bad wait sort.,Valve Failure,12.0,Under Investigation
INC-05873,SITE-003,2024-12-01,Near Miss,High,51.4,Wear option ten dark between performance.,Operator Error,14.7,Open
INC-04100,SITE-006,19/06/2025,Equipment Failure,medium,64.6,Building responsibility page oil adult oil international suggest then.,Material Fatigue,6.2,Under Investigation
INC-01563,SITE-004,2024-08-07,Near Miss,Medium,75.8,Rule red themselves century officer serious perform room company account.,Sensor Malfunction,1.0,Closed
INC-04833,SITE-005,2024-12-05,leak ,High,55.1,Open ago grow area about beyond according major international face hundred standard mother develop.,Material Fatigue,4.5,Open
INC-05637,SITE-001,2024-01-15,,Medium,72.4,Tonight early shake other throw natural back have year deal success sell look push.,Valve Failure,5.1,Under Investigation
INC-04648,SITE-006,2024-04-19,Leak,Medium,80.0,Other thousand condition man every.,Sensor Malfunction,14.5,Closed
INC-01856,SITE-006,2024-04-30,Equipment Failure,Low,85.7,Above bit thank song main better politics.,Material Fatigue,2.6,Closed
INC-02711,SITE-003,2025-03-06,Leak,High,70.3,Open or air lose region must always term.,Valve Failure,0.9,Open
INC-01839,SITE-002,01/10/2023,Equipment Failure,High,42.3,Put life candidate television leave organization family receive coach.,Corrosion,7.1,Closed
INC-02820,SITE-005,2024-03-15,,Low,92.2,Table firm Mr full have fall dog student employee expert.,,6.0,Under Investigation
INC-04079,SITE-005,2023-07-28,Leak,Low,74.2,Like scene public book her rather later head have job economy mother whose.,Third-party Damage,29.2,Open
INC-01711,SITE-002,01/08/2025,Equipment Failure,Low,94.2,Sometimes field study a position a represent ahead.,,3.7,Open
INC-03929,SITE-002,2024-06-28,Fire,Critical,55.3,Strategy until sense example international rather sister bad season without network adult coach think term receive somebody adult.,Sensor Malfunction,2.9,Under Investigation
INC-04444,SITE-001,08/20/2025,Leak,Low,93.5,Different pass remember worry law front conference those value.,Material Fatigue,4.5,Closed
INC-00139,SITE-003,2026-02-25,Near Miss,High,60.7,Break above upon player decide attorney box receive approach weight its wonder sit security daughter public exist sell blue.,,5.0,Under Investigation
INC-02306,SITE-005,2025-05-16,Fire,High,56.9,Land follow head fish serious.,Third-party Damage,2.7,Open
INC-01909,SITE-006,04/04/2026,Equipment Failure, High,62.4,Receive view available can day let right wind town.,Material Fatigue,8.8,Under Investigation
INC-03139,SITE-002,2026-05-05,Equipment Failure,Low,85.2,Approach or space kid set list if financial high work.,Operator Error,5.4,Open
INC-05496,SITE-004,17/08/2024,Near Miss,Low,94.9,Prove ahead him gun rest already room life sell laugh few thank.,Third-party Damage,7.5,Under Investigation
INC-00748,SITE-001,2023-11-25,Leak,Medium,84.3,Final wrong blue economy reduce television treat like miss soldier knowledge I management reveal after find.,Operator Error,9.5,Closed
INC-01779,SITE-006,2024-03-11,Spill,HIGH,57.8,Detail money southern environmental bring administration field.,Third-party Damage,28.8,Open
INC-04196,SITE-004,2025-03-04,Spill,Low,79.5,Total you star true field.,Third-party Damage,1.6,Open
INC-01634,SITE-003,2024-12-13,Near Miss,High,51.5,Toward physical two yes step professional stuff look admit allow low cover establish.,Material Fatigue,4.7,Under Investigation
INC-01079,SITE-006,2025-04-23T00:00:00Z,Equipment Failure,High,50.8,Line computer born hair once book popular politics cost.,Corrosion,5.2,Under Investigation
INC-01815,SITE-003,2023-09-19,Equipment Failure,,61.2,Great court method only democratic high boy there technology.,Third-party Damage,8.1,Open
INC-04291,SITE-006,2026-01-11,Spill,Low,78.3,Group Congress deal yard.,,3.1,Under Investigation
INC-01590,SITE-003,2026-01-15,Spill,,67.6,Never Democrat dark stay note daughter third practice without conference everybody.,Corrosion,6.1,Under Investigation
INC-01736,SITE-006,29-Oct-2025,Spill,Critical,42.8,Ahead find card defense loss probably reflect deep case meeting interview its film rather.,Valve Failure,2.3,Under Investigation
INC-05017,SITE-004,2024-11-28,Near Miss,Hi,70.1,Watch item computer decade strategy medical wear use form hope occur kind.,Material Fatigue,6.6,Open
INC-05255,SITE-006,09/08/2024,Near Miss,High,50.4,Particularly whole different again age camera effort including civil probably professor.,Valve Failure,1.2,Closed
INC-00435,SITE-003,2024-02-03,Leak,Critical,23.9,Car family out beat action art today send likely able senior.,Corrosion,3.0,Under Investigation
INC-00148,SITE-002,2025-08-16,Near Miss,Low,100.0,Wrong morning mouth religious off four pass herself black address structure admit.,Valve Failure,2.2,Closed
INC-01561,SITE-006,2024-02-23,Leak, medium,104.0,Sit develop assume mission rise size ever stuff TV gas.,,4.5,Under Investigation
INC-05698,SITE-002,2023-12-15,spill,Low,91.4,Wide community candidate level room American every Mrs.,Operator Error,4.7,Closed
INC-05223,SITE-004,2025-06-03,Equipment Failure,High,57.2,Almost few travel avoid once hear expert group.,Valve Failure,4.0,Open
INC-03109,SITE-006,2026-09-10,Fire,Critical,53.5,Among side where whom first.,Sensor Malfunction,0.9,Open
INC-01595,SITE-005,2025-08-09,Equip. Failure,Low,85.0,Happy trip side report serve what improve resource various.,,4.6,Open
INC-00389,SITE-006,01/14/2024,Leak,High,39.4,It western increase time participant street outside much Mrs significant want.,Material Fatigue,4.1,Closed
INC-01444,SITE-005,2025-07-17,SPILL,Low,104.0,Stock professional know lose deep do.,Operator Error,22.9,Open
INC-02446,SITE-006,2024-05-28,Oil Leak,High,58.1,Clearly reflect Mr such year lot parent ok type.,Valve Failure,6.4,Open
INC-04497,SITE-005,2024-02-01,Fire,Low,88.0,Mrs weight book.,Operator Error,3.6,Closed
INC-03486,SITE-001,2025-05-03,Fire,Medium,80.9,And effect pass nor plan including business present expert.,Third-party Damage,12.1,Open
INC-02400,SITE-006,2024-07-27,,Medium,84.1,This prepare decision must spend fast from large far subject chair.,Sensor Malfunction,0.8,Open
INC-00751,SITE-002,2025-11-17,Near Miss,Medium,74.4,Describe thus modern past live.,Sensor Malfunction,7.3,Closed
INC-01252,SITE-004,2024-02-27,Near Miss,Low,92.4,Including describe represent newspaper all middle stay majority determine today.,,3.3,Under Investigation
INC-00152,SITE-001,2024-04-16,Equipment Failure,Critical,45.0,Quality future military care because power.,Sensor Malfunction,6.7,Under Investigation
INC-03317,SITE-006,2026-03-19,Equipment Failure,Medium,85.1,Ask clearly value many maintain join ask guy value individual market number far computer including.,Third-party Damage,16.0,Open
INC-00494,SITE-003,2025-03-18,Spill,Critical,56.4,Another training purpose cut.,Corrosion,5.5,Closed
INC-03377,SITE-005,2026-05-24,Leak,High,56.0,Rock she kitchen family fall out paper meeting red.,Third-party Damage,0.7,Open
INC-00138,SITE-002,2024-01-14,Fire,Low,87.7,Increase unit do near same seem age still state teacher throughout production administration describe fast rather sense.,Sensor Malfunction,5.1,Closed
INC-05462,SITE-001,2025-02-16,Near Miss,Medium,65.7,Itself cover themselves performance direction across entire treatment budget add skill.,Valve Failure,2.0,Under Investigation
INC-01528,SITE-003,01/29/2026,Leak,,95.9,Particularly strong war something money television knowledge process indeed per bring.,,3.4,Open
INC-05216,SITE-005,2023-09-07,Near Miss,Low,84.6,If pick agent call why news idea study it level.,Operator Error,32.0,Open
INC-02116,SITE-006,2026-05-02,Equipment Failure, Low,86.9,List tax instead into usually road receive work go kitchen well.,Valve Failure,1.0,Open
INC-05082,SITE-006,2024-06-20,Leak,HIGH,59.1,Figure their up talk southern school federal agree.,Material Fatigue,13.0,Under Investigation
INC-01458,SITE-001,2024-03-09,Equipment Failure,Medium,63.7,Kind sense early pressure hair go eye decide something suddenly thus herself.,Operator Error,14.3,Open
INC-03307,SITE-001,2025-02-25,Leak,Medium,76.3,Policy available somebody once.,,5.3,Closed
INC-01266,SITE-006,2023-12-25,Spill,Hi,47.6,Family site board start along quickly safe.,Operator Error,6.3,Under Investigation
INC-02384,SITE-003,2024-05-05,FIRE,Medium,76.7,Inside country garden just race certain campaign time where wind want born consumer defense staff.,Third-party Damage,12.2,Open
INC-01208,SITE-006,27-Feb-2024,Near Miss,Critical,45.2,Continue break eight any will candidate phone minute good.,Material Fatigue,5.3,Closed
INC-04386,SITE-006,2026-04-14,SPILL,Medium,74.4,Look themselves often necessary walk bank enjoy free baby hit him account successful happy reflect war number.,Corrosion,4.5,Open
INC-02000,SITE-006,16/02/2026,Equipment Failure,High,42.6,Style clear benefit fill cover relate.,Sensor Malfunction,7.0,Open
INC-05242,SITE-001,2025-05-02T00:00:00Z,Equipment Failure,Medium,73.4,Seek speech save health whatever here movement arm lawyer.,Operator Error,3.8,Open
INC-01903,SITE-003,2024-06-13,Spill,High,47.9,Man expert price per stand method similar ahead plant.,,8.2,Open
INC-04458,SITE-003,2026-08-08,SPILL,High,62.0,Lot off me support air.,Sensor Malfunction,6.1,Under Investigation
INC-05188,SITE-006,12/17/2023,Fire,High,76.5,We sort western former about research employee good fund.,,5.0,Under Investigation
INC-05606,SITE-002,2025-04-11,Equipment Failure, Low,87.9,Then factor nor question expect back.,Material Fatigue,9.6,Open
INC-05553,SITE-003,2025-09-06,Leak,Critical,54.4,Consider shake image almost energy ok phone both.,Corrosion,11.3,Open
INC-02228,SITE-002,07/11/2026,Equipment Failure,Low,93.5,Would read north method agent office there institution.,Valve Failure,13.6,Closed
INC-02669,SITE-004,02/04/2026,Leak,Medium,72.7,Change partner choice hear short somebody change store eight.,Sensor Malfunction,7.2,Open
INC-02783,SITE-003,2026-04-24,Leak,Medium,84.1,Around impact Congress consider fill raise number.,Sensor Malfunction,8.1,Under Investigation
INC-05100,SITE-002,2024-02-27,Equipment Failure,,79.9,Lawyer public draw without across because hospital agency against stay be weight look.,,7.3,Under Investigation
INC-04655,SITE-003,2026-07-03,Leak,High,62.0,News tonight doctor moment hard six note partner.,,12.8,Under Investigation
INC-04547,SITE-006,01/26/2025,Near Miss,High,64.8,Once letter thus whose attorney.,Sensor Malfunction,0.7,Under Investigation
INC-00731,SITE-003,2026-02-10,Near Miss,Critical,42.3,Source health wall west they charge view event accept out degree defense Republican skill.,Material Fatigue,15.4,Open
INC-05467,SITE-005,2025-04-03,Leak,Low,93.1,Great sort both center wish baby newspaper.,Material Fatigue,6.1,Closed
INC-02792,SITE-003,2024-04-22,Spill,Medium,66.4,Loss recognize someone trip rise image energy easy page story purpose term.,Corrosion,12.8,Open
INC-03615,SITE-006,2026-05-23,Spill,Critical,60.1,Page ok nothing sea involve while future pretty amount against skill article.,Third-party Damage,2.3,Open
INC-01130,SITE-003,2024-09-01,Leak,Crit,60.7,Indicate lawyer itself word same in challenge loss structure group employee spring cell statement hundred make day.,Corrosion,18.4,Closed
INC-01760,SITE-004,2025-10-02,leak ,Low,92.1,Worry safe nature report modern movement call try material.,Sensor Malfunction,16.2,Closed
INC-04278,SITE-003,2026-07-07,Near Miss,Critical,64.1,Will hard not threat eight recognize though cover edge international huge participant let environmental.,Material Fatigue,9.3,Open
INC-02549,SITE-006,2025-07-19T00:00:00Z,Near Miss,Crit,48.6,Ready foreign current something note majority total onto market chance top control.,Third-party Damage,6.5,Open
INC-04144,SITE-003,2024-03-15,Spill,Critical,44.9,Store occur east car stuff wall notice.,Third-party Damage,10.3,Open
INC-04626,SITE-005,2025-05-27,Equipment Failure,Low,96.3,Per free indeed watch offer bag drop travel lawyer open federal station.,Valve Failure,5.3,Under Investigation
INC-00690,SITE-001,01/12/2025,Equipment Failure, Critical,66.3,Star wife fight short image single discussion move area example real today experience.,Corrosion,13.9,Open
INC-05343,SITE-001,2025-11-13,Near Miss,High,47.7,Eat arrive think scientist especially administration.,Operator Error,1.1,Open
INC-04843,SITE-006,2024-11-18,Leak,Critical,45.7,Probably camera last him admit accept coach energy administration nothing.,Valve Failure,11.3,Closed
INC-05957,SITE-003,2026-04-06,Equipment Failure,Medium,69.6,Once exist loss sit group building media ago capital choice until outside.,Valve Failure,2.7,Closed
INC-02493,SITE-006,2025-03-31,Leak,,54.3,Opportunity still generation certainly open pattern source amount marriage.,Third-party Damage,5.1,Under Investigation
INC-01716,SITE-003,04/01/2026,Fire,Medium,77.8,Discussion billion technology life ask born claim group class information.,,5.8,Under Investigation
INC-03968,SITE-006,2024-12-06,Equipment Failure,Critical,29.4,Reflect month interest particularly teach Congress short few.,Material Fatigue,8.1,Open
INC-01244,SITE-005,2023-10-26,Near Miss,Lo,91.9,Deep wonder hear difference energy visit again attorney guy find bad save view these.,Sensor Malfunction,6.3,Open
INC-01069,SITE-006,2024-12-13,Equipment Failure,High,35.7,Structure treatment miss especially describe party house individual marriage painting late shake meet national.,,5.8,Closed
INC-02847,SITE-003,2025-08-07,Equipment Failure,Low,90.4,Easy citizen option reason news really once course without reduce to music young current true hard.,Material Fatigue,3.2,Closed
INC-01836,SITE-002,2026-07-04,Fire,Medium,77.6,Loss have cost standard study job study may figure always throughout color I wind shake.,Material Fatigue,6.0,Under Investigation
INC-03186,SITE-003,2026-04-05,Equipment Failure,Critical,54.9,Reach control stop animal high tree anything.,,3.6,Open
INC-04021,SITE-004,2025-05-14,Spill,Low,88.9,Provide fire crime early wish table why behind spring.,,4.8,Closed
INC-02196,SITE-001,2024-11-27,Equipment Failure,high,73.6,Manager imagine cut ahead partner back employee anyone.,Valve Failure,3.9,Open
INC-04672,SITE-006,2025-06-30,Equipment Failure,HIGH,66.9,Moment do fear talk season such mean win.,,3.5,Under Investigation
INC-02092,SITE-002,2025-11-05,Near Miss,High,55.7,Team imagine anyone feel hundred somebody professor direction it I a catch better.,Sensor Malfunction,5.9,Closed
INC-03128,SITE-004,2023-10-17,Equipment Failure,Low,98.9,Yet seem author listen assume adult wrong main amount strong onto clear couple.,Valve Failure,17.7,Closed
INC-04499,SITE-004,2024-10-11,Near Miss,High,38.7,Born fear expert sure read admit doctor.,,1.4,Under Investigation
INC-03516,SITE-005,18/01/2025,Fire,Low,-12.3,Republican property benefit Republican successful then believe worry put.,Corrosion,0.8,Under Investigation
INC-03683,SITE-002,2025-09-10,Near Miss,Medium,77.0,True spend while eye behavior happen music financial two that full material stock executive why from able.,Operator Error,3.1,Under Investigation
INC-01881,SITE-002,2024-06-18,Near Miss,Medium,75.6,Seem trade understand already authority.,Third-party Damage,9.8,Closed
INC-05554,SITE-002,10/08/2024,,high,45.8,Benefit participant since.,Sensor Malfunction,9.7,Open
INC-05571,SITE-004,2023-09-18,Near Miss,Low,82.9,Meeting travel range could appear be evidence international push police senior station management project.,,3.5,Open
INC-00452,SITE-006,2023-10-13,Spill,Critical,55.5,Step particularly enter success party task practice moment beat price standard time.,Valve Failure,4.4,Open
INC-04683,SITE-006,2025-10-05,Fire,Critical,34.3,Expert concern project take seem child act program.,,4.9,Under Investigation
INC-01050,SITE-001,2025-06-21,Spill,Medium,88.8,Help sit rest center night do south woman person he receive foot owner.,Valve Failure,4.8,Under Investigation
INC-04377,SITE-006,2023-12-02,Spill,Critical,38.1,Culture item prove true significant power media arm raise in finish.,Material Fatigue,8.2,Closed
INC-03688,SITE-001,2026-06-15,Leak,,85.5,Side bag note contain fire those job situation fight remain rate hot have worry star.,Sensor Malfunction,18.1,Open
INC-00994,SITE-001,2024-02-14,Near Miss,Medium,67.6,Onto get win system suggest.,Corrosion,2.7,Open
INC-03861,SITE-002,2024-10-03,Fire,CRITICAL,33.2,Little lose benefit account community measure travel actually financial represent also.,Sensor Malfunction,2.0,Under Investigation
INC-00581,SITE-003,2025-01-10,Leak,Critical,45.4,Simple bar particularly heavy any unit great example.,Sensor Malfunction,5.4,Closed
INC-04761,SITE-004,08/07/2024,Fire,Medium,78.8,Series ok full score film soon place politics power soldier second our participant.,Sensor Malfunction,9.4,Closed
INC-01474,SITE-003,24/10/2024,Fire,High,68.0,Establish single resource leg opportunity according tend century stay I stay few plant possible about not lose.,Third-party Damage,4.8,Closed
INC-05860,SITE-005,2026-06-19,Spill,Medium,76.7,Provide fish cup require more crime fast.,,4.4,Open
INC-03917,SITE-002,2025-04-25,Near Miss,High,37.2,Second past suddenly often western notice be yet necessary nearly production wonder begin.,Valve Failure,9.1,Under Investigation
INC-04060,SITE-005,2025-04-27,Near Miss,LOW,87.9,Down perhaps Congress visit make the eat key air.,Valve Failure,6.7,Open
INC-04812,SITE-006,2024-06-10,Leak,High,64.7,These challenge sing allow world similar practice official fly wife sometimes black yourself.,Corrosion,6.2,Under Investigation
INC-05693,SITE-004,2025-12-30T00:00:00Z,Near Miss,High,33.2,Seven leader population nor interview like growth somebody.,Sensor Malfunction,2.2,Under Investigation
INC-04230,SITE-006,2024-11-10,Fire,Medium,68.5,Fire property skin strong present apply science read consider statement.,Sensor Malfunction,14.8,Under Investigation
INC-02273,SITE-001,2024-04-18,Spill,Low,90.3,Rich head food pretty likely general then course necessary at.,Valve Failure,14.0,Closed
INC-01869,SITE-001,2023-08-27,Spill,Low,99.0,Buy age consumer once total once respond western listen pretty pretty step break minute special nice.,Operator Error,0.9,Closed
INC-02131,SITE-004,2026-03-04,Spill,Low,92.0,Probably central fire trade growth social happen difficult though draw environment natural artist.,Material Fatigue,18.1,Open
INC-05361,SITE-003,2025-02-14,Leak,High,65.9,Institution south maintain likely issue wide thought interesting be guess radio term.,Valve Failure,10.1,Open
INC-03977,SITE-005,2025-11-03,Equipment Failure,MEDIUM,81.0,Mother total paper parent economy thing.,Material Fatigue,4.6,Closed
INC-05775,SITE-003,2025-04-08,Equipment Failure,High,44.3,Car success while need upon company by laugh worker almost to agree sing.,Valve Failure,7.7,Closed
INC-03634,SITE-003,2023-11-04,Equipment Failure,Critical,41.7,Wife gas hard someone close bank she anyone grow oil majority myself.,Third-party Damage,3.1,Closed
INC-05154,SITE-001,2025-01-22,Spill,Medium,71.0,Majority together approach board any husband.,Valve Failure,4.9,Closed
INC-03044,SITE-006,2024-07-05,Leak,Critical,34.8,Ask finally relate radio court conference industry law weight individual history.,Material Fatigue,15.9,Open
INC-00942,SITE-003,04/01/2025,Oil Leak,High,54.3,Develop similar apply government wind total open notice court exist land car.,Operator Error,7.3,Open
INC-04154,SITE-002,2025-09-09,Leak,High,60.5,Either try fish grow trial.,,7.0,Under Investigation
INC-00239,SITE-006,2024-01-20,Spill,Critical,41.4,Oil pay magazine special care nothing get discuss west bill yes owner.,Third-party Damage,18.3,Open
INC-02750,SITE-002,2026-06-26,Fire,Medium,83.6,Probably coach federal dinner send two prevent program almost.,Material Fatigue,1.4,Closed
INC-05026,SITE-006,2023-12-03,Leak,High,52.8,Those character deal at.,Operator Error,7.8,Open
INC-03619,SITE-006,2025-05-11,, Critical,13.3,Lawyer push mission summer ever the surface model card clearly lead edge difference morning data.,Operator Error,7.6,Under Investigation
INC-02406,SITE-003,05/26/2025,Spill,Critical,36.2,Deep mouth ground question couple treatment buy likely produce law last security election picture amount road write age.,Operator Error,24.5,Under Investigation
INC-05090,SITE-001,2025-12-19T00:00:00Z,Spill,Critical,32.7,Majority significant risk we as growth mouth economic upon recognize apply including language by.,Material Fatigue,13.4,Closed
INC-01393,SITE-006,2025-04-05,Leak,Low,82.6,Congress physical explain those choose each exist.,Operator Error,3.2,Open
INC-05061,SITE-006,2026-04-10,LEAK,Critical,31.8,Official use bit agency letter open very coach station range energy.,Operator Error,10.8,Under Investigation
INC-03822,SITE-003,2024-08-11,Equipment Failure,Critical,7.3,Easy culture spend important executive audience all.,Valve Failure,3.4,Under Investigation
INC-04282,SITE-003,06/13/2024,NEAR MISS,High,42.4,Tv much dinner south letter evening.,Sensor Malfunction,5.5,Open
INC-00738,SITE-002,2025-02-04,Leak,Medium,83.8,Major shake sure full treat standard responsibility.,Material Fatigue,2.8,Closed
INC-01719,SITE-001,2025-06-07,near-miss,Critical,36.3,Loss happy take fact really evening lay.,Third-party Damage,1.7,Closed
INC-02535,SITE-003,2025-08-13,Leak,Hi,72.5,Economic little impact effort however century write add laugh idea woman evidence talk couple parent heavy choice.,Corrosion,17.6,Open
INC-04867,SITE-001,2024-04-03,Leak,Low,91.7,Seat fear police rate impact purpose every daughter society red follow physical.,Third-party Damage,6.8,Under Investigation
INC-05690,SITE-001,2025-07-18,Fire,Critical,54.8,Home generation husband party truth west let save decision.,Valve Failure,14.1,Closed
INC-04287,SITE-004,05/28/2025,Leak,High,65.6,Room audience also team phone remember.,Valve Failure,6.1,Under Investigation
INC-05439,SITE-005,2026-01-24,Equipment Failure,Medium,65.8,Century study though protect beautiful partner economic rest actually environment power major right tell.,Operator Error,11.5,Under Investigation
INC-02605,SITE-006,2023-07-25,Near Miss,High,75.3,Manage news game everything instead agreement sister friend important data choose very hundred lot.,,5.9,Open
INC-01982,SITE-002,02/06/2024,Near Miss,,81.7,Field speak instead hot last expect.,Third-party Damage,5.6,Closed
INC-04216,SITE-001,2025-11-18,Fire,Low,92.9,As rise technology present.,Valve Failure,0.9,Closed
INC-05239,SITE-005,2025-02-11,Near Miss,Low,83.7,Stay teacher daughter mother simply area because any purpose scene property run there.,Corrosion,13.4,Open
INC-02351,SITE-002,12/10/2025,Leak,low,86.4,Could result big play feeling writer push describe general term.,,16.0,Open
INC-04802,SITE-002,2026-01-14,NEAR MISS,Med,76.4,His catch leave weight glass purpose more like street.,Corrosion,2.5,Under Investigation
INC-02974,SITE-004,2024-06-23,Fire,Low,104.0,Once believe play onto word camera page method too company stock these.,Operator Error,7.8,Open
INC-05997,SITE-006,2024-12-31,Near Miss,Critical,62.2,Military chair often whatever market key.,,7.4,Open
INC-00783,SITE-003,2025-11-02,Equipment Failure,Medium,71.4,Bed same decide experience start.,Third-party Damage,6.0,Under Investigation
INC-03174,SITE-005,2025-05-26,Near Miss,low,92.3,Summer policy wear discussion consumer approach culture rest five.,Third-party Damage,19.4,Open
INC-05878,SITE-005,2025-07-11T00:00:00Z,Equipment Failure,Medium,76.3,Structure quickly authority series energy great which owner yet area generation all.,Valve Failure,1.8,Under Investigation
INC-05750,SITE-002,2024-04-21,EQUIPMENT FAILURE,Low,100.0,Throw authority much loss view red should professor.,Operator Error,10.0,Under Investigation
INC-05947,SITE-003,2026-01-15,Leak,Critical,150.0,College color break American before career bill cause hour something laugh.,Sensor Malfunction,3.0,Closed
INC-02304,SITE-006,2024-11-05,Spill,Critical,39.2,Action goal if lead training trade truth trial possible speak together argue bill rock father day answer.,Operator Error,26.8,Closed
INC-04579,SITE-004,2025-09-01,Equipment Failure,Medium,46.2,But notice popular cost law skin summer range.,,4.4,Under Investigation
INC-04780,SITE-003,2024-06-18,Fire, medium,84.6,Necessary become subject size test grow necessary cover letter manager.,,10.7,Closed
INC-03954,SITE-006,2023-12-12,Fire,Critical,45.7,History hour four present several describe produce stage production ground part who spend.,Corrosion,19.0,Open
INC-05040,SITE-003,02-Sep-2023,spill,High,46.5,Official stop direction boy until its each trouble trial wall recently.,Corrosion,6.8,Open
INC-03462,SITE-006,2024-09-23,Leak,High,57.1,Huge sometimes write perhaps first energy significant beyond where themselves.,Operator Error,16.4,Under Investigation
INC-04158,SITE-005,04/18/2026,Fire,Critical,29.8,Explain friend character answer policy whatever international executive economy happen kind feeling few including police run dream.,Corrosion,8.3,Closed
INC-01167,SITE-004,2025-07-28,Oil Leak,High,70.7,Require specific record probably its second full make science down remain nothing seek.,Operator Error,3.6,Under Investigation
INC-05339,SITE-004,2024-07-30,Equipment Failure,Medium,64.8,Officer rule range training bad each mother anyone.,Material Fatigue,33.6,Open
INC-00161,SITE-006,2025-11-22,Near Miss,Critical,50.6,Central church easy perhaps day individual to task research inside.,Material Fatigue,9.1,Under Investigation
INC-00845,SITE-004,2026-06-11,Equipment Failure,Medium,69.7,Area management heavy yet statement especially change good them soon.,Valve Failure,13.4,Closed
INC-02151,SITE-006,2025-07-31,Leak,High,56.2,Write bag step protect lot.,Operator Error,9.6,Under Investigation
INC-03465,SITE-001,2025-07-16,Near Miss,High,51.7,Training fill food create too only sea follow detail.,Sensor Malfunction,2.8,Open
INC-01828,SITE-005,2026-07-20,Spill, Low,100.0,Serious guy community stand toward behavior before.,Operator Error,25.5,Under Investigation
INC-04896,SITE-004,2023-11-26,Leak,Low,84.1,Choice as TV on leg about now wife.,Operator Error,3.7,Under Investigation
INC-04662,SITE-006,07/16/2024,Leak,Low,87.5,Every manager relationship cover what guess consumer far city commercial election remember attack skin able bag.,Operator Error,25.5,Under Investigation
INC-02280,SITE-001,2025-03-28,Fire,Medium,63.4,Without protect with become sing general magazine likely.,Operator Error,2.8,Under Investigation
INC-00838,SITE-002,2024-11-10,Near Miss,Low,99.1,Anything fight deep with health gun medical memory fact former I interview recently watch painting to.,,5.8,Closed
INC-00871,SITE-005,2024-05-08,Leak,Low,-0.5,Concern risk join surface Democrat chance.,Material Fatigue,8.6,Closed
INC-01702,SITE-004,2026-01-18,Near Miss,Medium,77.5,Ability student American get vote include hospital race their heart night year.,Third-party Damage,6.5,Open
INC-02881,SITE-006,2025-08-23,Leak,High,51.0,Whose around compare leg audience little machine total.,,12.1,Under Investigation
INC-03760,SITE-006,2026-05-02,,Critical,46.8,Material way discuss visit return consider oil add scientist series.,,4.5,Under Investigation
INC-01838,SITE-006,2026-03-20,Near  Miss,High,43.3,Result anything job also condition election security great attorney society.,Valve Failure,18.8,Open
INC-02428,SITE-006,2026-05-05T00:00:00Z,Spill,Medium,74.0,North movement conference happy trip window available life man third method green.,Sensor Malfunction,5.0,Under Investigation
INC-05831,SITE-001,17/08/2025,Equipment Failure,Crit,41.5,Range its employee discover.,Material Fatigue,8.6,Under Investigation
INC-05331,SITE-003,2025-10-01,Spill ,Medium,81.9,Dream month fund TV mean return direction stock role their play walk quickly probably interest woman gas.,Operator Error,9.6,Under Investigation
INC-01645,SITE-006,2025-09-20,Leak,High,76.2,Statement conference forward during degree memory trouble find billion Mr project response include.,Third-party Damage,5.4,Closed
INC-00694,SITE-006,2024-04-10,Near Miss,High,47.4,Where establish daughter follow similar performance president take both ten become firm college decade.,Third-party Damage,8.6,Closed
INC-04519,SITE-001,2026-03-17,Leak,Medium,68.8,Much write professional student subject benefit alone crime dog control business drop defense or successful popular.,,10.0,Open
INC-05429,SITE-006,2024-11-11T00:00:00Z,Equipment Failure,Med,76.8,Color choice area possible.,Corrosion,4.1,Under Investigation
INC-02719,SITE-004,2024-04-26,Leak,High,38.1,Specific pretty north city chair.,Third-party Damage,8.6,Under Investigation
INC-01915,SITE-004,2026-01-03,Fire,High,45.8,Able record project garden growth soldier tough later country traditional away.,Valve Failure,8.2,Under Investigation
INC-01442,SITE-001,2023-09-21,Equipment Failure,Critical,42.4,Green reason represent onto sense easy management some move source kitchen set far.,Valve Failure,11.2,Closed
INC-02374,SITE-001,08/24/2024,Equipment Failure,Medium,72.0,Own direction focus raise.,Third-party Damage,3.4,Open
INC-00554,SITE-001,2023-10-25,Fire ,Medium,79.7,Off anyone chance western baby deal yes note tough new.,Operator Error,2.5,Closed
INC-01055,SITE-004,2025-07-01,FIRE,MEDIUM,65.0,Sit those son whatever threat as chance employee around star tree.,Valve Failure,5.3,Closed
INC-02441,SITE-006,2024-04-26,Spill,Medium,76.6,News consider process kid forget father.,Material Fatigue,3.1,Open
INC-00126,SITE-006,2024-06-10,Spill,Medium,75.2,Size admit skill choose know clear but power feel wrong.,Third-party Damage,17.9,Closed
INC-01927,SITE-005,07/21/2026,Equipment Failure,Medium,84.7,Itself for mind feeling wear by student pull bit soldier social.,,6.1,Open
INC-02455,SITE-003,2025-12-31,Near Miss,Medium,75.7,Game staff least impact phone war tend must generation support discussion responsibility budget.,Valve Failure,6.2,Under Investigation
INC-01726,SITE-004,2025-01-15,Fire,Medium,83.6,Shoulder number less Mr cover until.,Corrosion,6.7,Closed
INC-03751,SITE-004,2026-07-03,Spill,High,37.2,Industry right before letter.,Valve Failure,0.9,Open
INC-03270,SITE-004,2024-08-21,Fire,Low,76.5,Morning issue fear play follow economic democratic.,Sensor Malfunction,7.7,Closed
INC-02382,SITE-003,2024-02-20,Near Miss,Medium,67.7,Dream college without drive nice side at.,Operator Error,6.6,Closed
INC-01476,SITE-006,2025-07-16T00:00:00Z,Leak,Critical,55.6,Cell ever late woman stuff certain fall raise edge reflect marriage effect for member area south Mrs teach although.,Valve Failure,5.0,Open
INC-03758,SITE-004,2025-04-17,Leak,High,66.2,After executive challenge respond individual financial usually hot move game wrong hear daughter arm focus prevent woman tough and.,Material Fatigue,11.0,Under Investigation
INC-01581,SITE-005,2024-01-07,Spill,High,67.1,Fear drop garden quite majority still travel in hold short shoulder.,Sensor Malfunction,2.5,Under Investigation
INC-04546,SITE-005,2025-11-30,Equipment Failure,Medium,85.8,Tonight car increase may forward activity want sign method glass.,Third-party Damage,8.2,Closed
INC-02458,SITE-006,2026-04-11,Leak,Medium,74.1,Answer our together world site one treatment exactly.,Operator Error,1.3,Closed
INC-01822,SITE-006,21/04/2026,Leak,Critical,40.7,Result I actually image environment other story charge watch modern east sit camera century someone.,Material Fatigue,9.8,Under Investigation
INC-01586,SITE-001,2026-01-09,,Medium,91.7,Almost Democrat reach series either customer writer.,Operator Error,7.3,Closed
INC-05865,SITE-006,2025-04-13,Leak,High,61.4,Behavior nearly case standard protect.,Valve Failure,14.0,Under Investigation
INC-05279,SITE-001,19/07/2026,Spill,HIGH,64.7,Understand politics role sign that book newspaper natural alone wide forget join.,Third-party Damage,9.5,Closed
INC-05065,SITE-003,2025-11-10,Leak,Critical,45.3,Religious important strategy finish sound indeed member learn as beautiful so politics week design enough.,Operator Error,11.0,Closed
INC-04133,SITE-005,07/13/2026,Equipment Failure,High,54.1,Step company alone degree start power act check.,Operator Error,4.3,Closed
INC-00252,SITE-002,2026-02-05,Leak,Medium ,72.0,Because we value let risk military skill.,Corrosion,15.2,Closed
INC-00114,SITE-005,2023-11-19,Fire,Low,89.5,Defense material situation relate conference be just matter.,Sensor Malfunction,2.7,Open
INC-02295,SITE-004,2025-01-08,near miss,Low,81.1,Born economy both someone try production administration tax.,Valve Failure,9.5,Under Investigation
INC-03990,SITE-004,2023-08-04,Near Miss,Critical,49.9,Should require phone protect policy once partner subject available recent ability center staff significant current.,Corrosion,12.7,Closed
INC-03573,SITE-006,2026-03-16, spill ,Critical,47.2,Contain artist discover through record.,Sensor Malfunction,11.7,Open
INC-01970,SITE-006,2026-04-03,Equipment Failure,High,60.8,Chance firm think level section if market.,Corrosion,13.6,Under Investigation
INC-03531,SITE-001,2026-05-14,Minor Spill,Medium,65.1,Under fire remember education prove identify should sign property really get series test word tax practice bar.,Third-party Damage,3.5,Under Investigation
INC-04118,SITE-002,2025-10-12,,Medium,88.9,Against north other wind get trip defense.,Third-party Damage,4.4,Closed
INC-02229,SITE-001,2025-05-19,Equipment Failure,Low,87.8,Wrong democratic two memory town through music.,Valve Failure,6.1,Closed
INC-05117,SITE-002,2024-02-20,Equipment Failure,High,56.6,Into everyone start follow miss career.,Third-party Damage,18.1,Open
INC-03943,SITE-006,2025-02-25,Fire,High,65.6,Under and pull trade offer prevent practice behind couple.,Valve Failure,5.2,Under Investigation
INC-02269,SITE-001,2025-11-19, Leak,High,71.2,Heart stand unit know brother reflect life despite need.,Operator Error,27.3,Under Investigation
INC-00721,SITE-006,2026-01-19T00:00:00Z,Equipment Failure,High,45.7,Expert friend production everything bed foreign east oil share center money soon.,Material Fatigue,3.8,Open
INC-05994,SITE-003,2023-11-24,Leak,High,43.1,Doctor particularly there data push career happy just.,Valve Failure,7.9,Closed
INC-01289,SITE-005,27/09/2024,Near  Miss,Medium,74.2,Letter safe opportunity seem hope song blood certain difficult section character nothing parent who.,Operator Error,10.4,Under Investigation
INC-02355,SITE-006,07-Mar-2026,Spill,High,48.5,Into trouble authority whole against threat class range impact store generation interesting.,Corrosion,21.8,Open
INC-02760,SITE-005,2026-01-15,Equipment Failure,Medium,65.9,Would free many later bank cultural share four amount agent.,Sensor Malfunction,1.4,Open
INC-05249,SITE-003,2023-12-29,Leak,Critical,77.7,Knowledge everything list customer force sound win seat camera.,Operator Error,15.8,Closed
INC-03807,SITE-003,2023-10-02,Near Miss,Critical,44.9,Water seat century the game talk blue anyone.,Material Fatigue,3.7,Under Investigation
INC-01660,SITE-001,2025-01-28,Near Miss,Medium,79.3,Girl year tree specific man oil present effort local today series sing real against civil prepare.,Operator Error,17.8,Under Investigation
INC-05263,SITE-005,2023-07-25T00:00:00Z,Spill,High,59.0,In main front account almost community us by politics something animal picture arm Democrat force democratic beyond.,Operator Error,7.1,Closed
INC-05149,SITE-003,2024-05-01,Near Miss,High,54.3,Point item feel quickly discover decision food husband why your message natural recognize wall hundred hand our book player.,Third-party Damage,0.7,Under Investigation
INC-03834,SITE-001,2023-12-18,,Low,82.6,Eight establish project the city develop water south factor ago learn ever beyond age.,Valve Failure,28.7,Open
INC-02744,SITE-001,2024-07-23,Leak,High,63.6,Difficult enjoy hospital final me.,Sensor Malfunction,8.5,Closed
INC-05309,SITE-001,2025-01-11, spill ,Medium,81.3,Sure analysis remain create education through start rise town real.,,0.8,Closed
INC-04557,SITE-003,2025-11-16,, Critical,104.0,Throughout federal fall camera north partner reflect.,,6.9,Closed
INC-00312,SITE-005,2024-09-05,Spill,High,69.7,Bank party hospital will military suffer worry purpose house the.,,4.3,Open
INC-05753,SITE-006,2023-11-24,Equipment Failure,Low,85.3,Fact tax conference admit what approach four floor wide Mr idea.,Valve Failure,10.8,Open
INC-01377,SITE-006,2025-12-07,Spill,Hi,84.7,Compare great case box college all perhaps check organization win official agree.,Material Fatigue,3.6,Open
INC-02961,SITE-003,2023-08-01,Spill,Critical,46.8,Fight once establish every in few economy identify just budget recognize stay most.,,8.8,Closed
INC-03797,SITE-003,2025-08-06,Equipment Failure,High,42.9,Artist in line might recently art fish kind city buy a door likely.,Sensor Malfunction,18.4,Under Investigation
INC-02609,SITE-002,2025-07-25,Equipment Failure,Low,87.7,Short fish fight cold task can few machine sound health.,,5.1,Closed
INC-02395,SITE-004,2026-03-14T00:00:00Z,,Low,84.0,Church official guy kitchen explain human huge practice together management stuff go nation tend.,Corrosion,3.6,Under Investigation
INC-03940,SITE-001,2024-08-29T00:00:00Z,Near Miss,Low,94.0,Hand strong agent sometimes painting bring man night guess nor end low send vote understand wear thing above office.,Third-party Damage,3.6,Open
INC-05802,SITE-001,16/12/2024,Spill,High,59.3,Drop end while central fact bad to raise order.,Valve Failure,5.9,Closed
INC-00097,SITE-001,2026-05-26,Equipment Failure,,83.0,Water watch product response bed short benefit.,,9.8,Closed
INC-02095,SITE-005,2023-09-27,Equipment  Failure,Med,77.1,Individual clearly TV friend tend place keep discover they security boy within.,Valve Failure,23.8,Open
INC-00054,SITE-001,2026-06-24T00:00:00Z,Fire, Critical,40.8,Stand say present foreign ground.,Valve Failure,2.4,Open
INC-05922,SITE-003,2026-05-02,Leak,Medium,79.5,Industry sure whose news baby threat team region unit marriage environmental education.,Material Fatigue,10.0,Under Investigation
INC-01911,SITE-005,2024-03-26,Leak,Medium ,82.1,Break our few leader risk toward item piece move.,Valve Failure,12.1,Open
INC-02442,SITE-005,2025-12-29,Equipment Failure,Medium,93.8,Development former air enjoy religious person sign provide partner.,Sensor Malfunction,4.2,Open
INC-01680,SITE-006,2024-03-05,Near Miss,Medium,80.2,Price offer total their.,,4.5,Open
INC-03798,SITE-001,2024-12-04,Near Miss,Medium,80.1,Create blue through matter view door firm oil hope several.,Sensor Malfunction,12.3,Open
INC-01800,SITE-003,07/23/2025,Spill,High,53.9,Television senior father each.,Corrosion,21.2,Closed
INC-00726,SITE-005,2025-08-12,Near Miss,Critical,50.1,Car social pay thing save former.,Corrosion,8.7,Open
INC-01096,SITE-004,2024-05-02,Equipment Failure,Low,87.8,More step son other meet board idea north forget.,Third-party Damage,6.2,Under Investigation
INC-03463,SITE-002,05-Dec-2024,Near  Miss,Medium,72.0,Hold sort political natural listen them machine business factor win list institution.,,4.5,Under Investigation
INC-02608,SITE-005,2024-08-30,Leak,Low,83.6,Special case sort appear thought participant mind room add opportunity exist assume.,Third-party Damage,9.1,Closed
INC-02451,SITE-001,2025-11-29,Leak,Critical,48.1,If center similar need indicate have edge chair skin identify life theory hour.,,18.2,Under Investigation
INC-02439,SITE-003,2024-12-31,,Medium,66.8,Which role whose boy his home rich role buy account set huge recent develop capital.,Operator Error,8.8,Open
INC-05686,SITE-003,2023-12-08T00:00:00Z,Spill, Critical,38.5,Window high care.,Material Fatigue,17.3,Open
INC-05297,SITE-002,2025-10-08,Leak,Medium,61.2,Important animal bank stand every great player up able cup ok computer.,Valve Failure,0.4,Open
INC-04838,SITE-005,2024-01-30,Near Miss,Low,85.2,Seek series several general rise off.,Sensor Malfunction,3.9,Under Investigation
INC-05267,SITE-002,2024-12-24,spill,Low,92.3,Exactly within seven sense beyond share continue skin decide.,Operator Error,3.9,Under Investigation
INC-03509,SITE-002,2026-04-06,Fire,High,66.5,Recognize something under mind but program professional.,Third-party Damage,5.7,Closed
INC-04179,SITE-006,2024-05-27,Spill,High,65.2,Discover one while Mr civil many check shake.,,7.7,Closed
INC-04538,SITE-006,2026-06-30,Spill,Medium,75.3,Soon deal fly town open far girl serious I rock significant many base style.,Valve Failure,12.0,Open
INC-00009,SITE-005,2023-07-23,NEAR MISS,Medium,87.3,Difference explain over account green manage south hope great attention.,,2.7,Closed
INC-02674,SITE-004,2025-03-05T00:00:00Z,Near Miss,,80.8,Along enter recognize it share reason.,Third-party Damage,4.5,Open
INC-05293,SITE-004,2024-07-18,,High,55.2,Task natural international world thing region new.,Material Fatigue,4.5,Under Investigation
INC-05470,SITE-005,12/06/2025,Equipment Failure,Low,82.9,Picture interesting east experience American.,Corrosion,4.4,Under Investigation
INC-00078,SITE-005,2024-04-10,Fire ,,87.7,Include live everyone summer degree others red able example.,,7.0,Closed
INC-05161,SITE-002,2026-07-20,Spill,Medium,74.8,Front decision drop old situation generation our.,Operator Error,14.3,Closed
INC-05879,SITE-005,2025-05-04,near miss,Low,92.0,Traditional then minute participant doctor glass Democrat.,Sensor Malfunction,4.6,Under Investigation
INC-04924,SITE-003,2026-01-11,Near Miss,High,55.8,Yet safe them from movie quite capital assume science man.,,3.7,Open
INC-04588,SITE-004,2023-09-20,Spill,Low,84.4,Behind behind ten yes just activity else central color daughter learn.,Valve Failure,3.3,Open
INC-00800,SITE-002,2023-08-30,Spill,Medium,73.4,Yet front rise attack coach hot not friend.,Valve Failure,12.4,Under Investigation
INC-05377,SITE-001,2025-05-15,Near Miss,High,67.0,Lose feeling large point energy work again level attention brother.,Operator Error,2.4,Open
INC-03857,SITE-001,2023-09-01,Near Miss,Medium,60.8,Prove occur real practice think role offer require truth owner service phone unit or.,,4.5,Open
INC-00743,SITE-003,2024-05-14,Leak,,68.2,Across operation now ago likely resource.,Material Fatigue,15.4,Open
INC-02986,SITE-006,2026-01-04,Equipment Failure,Critical,54.4,Medical huge whatever off foot few part adult suddenly perhaps student case language.,,11.6,Closed
INC-05705,SITE-001,2026-05-28,Fire,High,47.2,Feel talk consumer.,,6.6,Closed
INC-05932,SITE-006,2026-05-21,Leak,Critical,43.0,Sport owner stock resource final how hundred.,Third-party Damage,2.8,Under Investigation
INC-03097,SITE-005,2025-11-09,Equipment Failure,High,43.7,Social chair necessary with back system social cause standard actually.,Third-party Damage,10.0,Under Investigation
INC-03110,SITE-004,2024-07-15,Fire,MEDIUM,82.0,From skill director long rest.,Corrosion,4.2,Closed
INC-02258,SITE-006,10/17/2025,Near Miss,Critical,58.5,Discussion add response for seek find ask tonight watch chance military.,Operator Error,14.7,Under Investigation
INC-04837,SITE-006,2023-12-18,Leak,Low,88.8,Shoulder always later father arm unit contain short medical.,Sensor Malfunction,5.0,Open
INC-05517,SITE-002,2025-06-10,Near Miss,High,51.5,Peace black key western Mr one first respond need environment sure husband discussion attack him such task check event.,Corrosion,4.3,Open
INC-00398,SITE-005,2025-01-06,Equip. Failure,Hi,61.4,Medical gas anyone majority culture structure traditional him common who.,Material Fatigue,3.6,Under Investigation
INC-02691,SITE-003,2025-09-04,Leak,,59.4,Fall nearly our investment suddenly visit statement challenge official imagine TV leg.,Material Fatigue,8.5,Closed
INC-04860,SITE-004,2024-01-25,Near Miss,Low,90.3,Team little up follow conference employee card yes figure population official few remember more.,Sensor Malfunction,2.2,Under Investigation
INC-00555,SITE-005,2024-03-27,Near Miss, Low,89.8,Test event station relate response life read.,Third-party Damage,8.8,Open
INC-03791,SITE-001,2024-08-12,Near Miss, High,62.7,Evidence including maybe site popular above us easy small.,,13.8,Open
INC-05981,SITE-005,2024-01-17,Equipment Failure,Low,97.1,Single trouble beautiful turn recently main.,Valve Failure,9.5,Open
INC-02017,SITE-001,2026-03-20T00:00:00Z,Leak,Low,88.4,Image hair consumer article interest how door prevent need could.,,4.7,Open
INC-03648,SITE-004,2026-08-26,Near Miss,MEDIUM,93.6,Ten cell safe morning tree bill crime cultural radio level cost pattern campaign evidence fine tend recently investment sign.,Operator Error,9.7,Under Investigation
INC-02320,SITE-005,2024-03-26,Fire, Low,150.0,Why research save ready respond will simply.,Corrosion,7.6,Open
INC-00299,SITE-002,09/03/2023,Equipment Failure,Critical,28.6,Organization on forward.,Third-party Damage,2.8,Under Investigation
INC-03554,SITE-006,2024-01-02,Near Miss,Critical,39.6,Player leave upon article I trip manage father development capital myself join rock.,Corrosion,27.3,Under Investigation
INC-04735,SITE-001,2025-08-26,Fire,Low,96.9,Concern cup man laugh at never mean everybody study onto event.,Operator Error,3.4,Under Investigation
INC-00218,SITE-004,2024-02-02,Near Miss,Low,80.4,Exactly choose manage challenge it both present your.,Operator Error,3.8,Under Investigation
INC-00309,SITE-004,16-Jan-2026,Near Miss,,70.7,Inside themselves amount table agency condition guess size draw develop.,Sensor Malfunction,2.3,Closed
INC-01226,SITE-005,08/06/2024,Near Miss,Low,86.7,Enjoy tough after series project see box arm occur drive for employee school.,Corrosion,4.2,Closed
INC-04550,SITE-002,2023-07-31,Fire,Low,85.2,Now suggest ago author tell tend really adult man environment always than compare heavy.,Sensor Malfunction,8.7,Closed
INC-02222,SITE-006,2023-10-24, Leak,High,59.9,Environment all very board our society decision break east tell go.,Operator Error,5.1,Closed
INC-03048,SITE-006,2025-10-06,Spill, High,72.7,A full throw use thank while training may police easy room.,Third-party Damage,11.6,Under Investigation
INC-04213,SITE-003,12/08/2024,Fire,Medium,82.2,A meeting share side care of.,Corrosion,5.9,Closed
INC-03041,SITE-005,2024-02-18,Near Miss,High,57.0,Scene chance test black require item fine maintain magazine space.,Sensor Malfunction,16.4,Open
INC-02316,SITE-002,08/01/2026,Near Miss,Low,81.8,More very especially use major compare card water field however family cell picture despite alone he pressure.,,12.3,Open
INC-04097,SITE-004,2026-02-08,,HIGH,58.7,Film home bad side to whatever small often response consumer both.,Sensor Malfunction,10.1,Closed
INC-00532,SITE-003,2025-09-10, Leak,High,49.2,Song blue case environment sit only property.,Operator Error,5.6,Under Investigation
INC-01615,SITE-005,2026-05-21,Near Miss,High,60.5,Nor face theory thus laugh close.,,6.9,Closed
INC-01461,SITE-002,10/23/2025,LEAK,High,58.9,These make camera mean go list.,Operator Error,4.3,Under Investigation
INC-00606,SITE-004,2023-08-29,Near Miss,High,66.9,Somebody half town heavy.,Corrosion,11.8,Closed
INC-00432,SITE-004,2025-04-27,Equipment Failure,,90.9,Total necessary create water around TV enjoy develop any expert season it dinner person any situation nor.,Corrosion,1.7,Open
INC-02245,SITE-003,2026-04-29,Spill,Medium,67.7,Happen phone approach job wall though require especially trip.,Corrosion,5.5,Closed
INC-01785,SITE-006,2024-04-26,Leak,Medium,75.7,You write skill say win how party no wide lawyer data indicate fast.,Third-party Damage,9.2,Closed
INC-05765,SITE-006,2024-03-15,Equipment Failure,Critical,45.1,Woman series front account sure success since reflect kind we however be responsibility someone face follow operation manager southern.,Material Fatigue,3.8,Open
INC-00892,SITE-002,2026-07-19,Equipment Failure,Low,90.9,Officer study more huge anything actually chair side.,Sensor Malfunction,2.8,Under Investigation
INC-05102,SITE-004,2024-05-19,Leak,Low,90.2,Administration simple bank free personal white could character once.,Valve Failure,12.0,Closed
INC-05811,SITE-006,2023-08-11,Leak,,63.6,Player break find require together sell.,Sensor Malfunction,7.5,Closed
INC-02188,SITE-003,12/08/2025,leak , High,63.0,Again fire tonight kitchen show must agreement environment recently.,Third-party Damage,3.9,Closed
INC-00004,SITE-005,2024-06-19,Leak,High,55.8,Collection water well machine fund.,,13.2,Open
INC-02002,SITE-003,08/10/2024,Leak,,75.2,Itself as or economy stock place store effort although together.,Corrosion,19.2,Under Investigation
INC-01980,SITE-004,2024-12-10,Equipment Failure,Critical,53.4,Throw like wall bar remember social.,Sensor Malfunction,5.4,Closed
INC-04498,SITE-002,01-Nov-2025,Equipment Failure,Low,100.0,There race family military country administration house beat change somebody wrong.,Sensor Malfunction,8.9,Under Investigation
INC-05209,SITE-006,2025-07-25,Fire,Critical,36.3,Beat energy key apply color language produce school personal indeed.,Operator Error,12.5,Under Investigation
INC-04174,SITE-004,24/07/2024,Equipment Failure,Medium,68.2,Best me interesting former conference room share town road.,Valve Failure,4.7,Closed
INC-04128,SITE-002,2025-01-20,Spill,High,62.1,Me thought by radio body lawyer ago or phone door investment western thing.,Operator Error,10.8,Under Investigation
INC-01962,SITE-004,2024-08-09,Fire,Low,80.0,Course those tree debate plan mouth reality step dog very head contain consider everyone.,,4.6,Open
INC-02876,SITE-004,2026-01-01,Near Miss,High,65.3,Mr thus save moment character member short pressure protect than research affect investment perform sell full.,Third-party Damage,5.6,Open
INC-02430,SITE-003,2025-01-02,Equipment Failure,High,72.0,Away card professor night candidate TV strategy.,,3.3,Under Investigation
INC-02547,SITE-001,2024-11-21,Fire,Medium,74.5,American man know air bring local his news so approach something treatment.,Third-party Damage,3.4,Closed
INC-04201,SITE-005,2024-08-06,fire,Medium,69.8,Participant system artist next little too.,Third-party Damage,11.4,Under Investigation
INC-04272,SITE-003,2024-02-03,Equipment Failure,High,64.3,Special talk society goal room game lawyer threat glass feeling fund item argue natural.,Sensor Malfunction,24.5,Under Investigation
INC-05069,SITE-001,08/23/2025,Fire,High,61.3,Religious its follow seek cup career issue tough.,Material Fatigue,3.3,Under Investigation
INC-03646,SITE-005,12/14/2023,Leak,Medium,150.0,Technology control official long recent plan wonder and unit that memory keep.,Sensor Malfunction,6.6,Closed
INC-03172,SITE-005,2025-01-26,Fire,Low,96.7,Economy lose whether wife year side little center night article simple material threat.,Corrosion,0.6,Open
INC-01026,SITE-002,2025-11-03,Equipment Failure,Medium,64.1,Truth article beautiful contain record several.,Sensor Malfunction,9.3,Closed
INC-04262,SITE-003,2025-04-07,Near  Miss,Medium,70.2,Family whose chance give himself find smile rest court.,Third-party Damage,2.5,Open
INC-05481,SITE-003,2024-07-01,Spill,High,89.2,Nothing term risk soon the food.,,6.4,Closed
INC-05196,SITE-002,2026-06-20,Near Miss,Medium,74.1,Worry matter voice today sound themselves between exactly be something.,Corrosion,9.9,Under Investigation
INC-02622,SITE-004,2025-05-04,Near Miss,High,58.8,Show tough wonder response office wife goal start imagine seven focus.,Corrosion,6.5,Under Investigation
INC-00016,SITE-001,2023-09-16,Equipment Failure,Low,90.6,Performance save physical friend or apply place.,Operator Error,7.3,Open
INC-00376,SITE-006,2026-04-20,Leak,Low,89.0,Evening sell either two nice happen surface woman build treat including manage break.,,8.5,Closed
INC-00501,SITE-006,2025-10-20,Near Miss,Critical,48.3,Have positive campaign why plant vote guess market trip best.,Third-party Damage,7.3,Open
INC-01843,SITE-004,2024-02-13,Spill,Low,79.8,Seat direction eat its service great especially.,Operator Error,3.7,Closed
INC-03210,SITE-001,2024-07-20,Fire,Low,96.6,Improve discussion parent worker represent develop coach watch night away week work price action on voice glass subject officer painting.,Operator Error,12.3,Under Investigation
INC-00639,SITE-001,2024-04-03,Near Miss,Low,88.0,From star total treatment back thus movement car late agreement report actually open should risk wife several.,Valve Failure,6.0,Open
INC-04816,SITE-006,2023-10-10,Spill,Medium,85.8,Issue manager third fast another find become again somebody wonder.,,6.2,Open
INC-00360,SITE-006,2025-08-07, Leak,High,67.8,Major tree often single serious less also if four budget western let yet piece place build half statement.,Valve Failure,2.8,Closed
INC-02808,SITE-004,2024-04-28,Spill,Low,96.7,Same same one type view.,Operator Error,5.4,Open
INC-03982,SITE-003,2023-07-25,Spill,High,48.0,Increase when also second huge serve seven paper can test add.,Sensor Malfunction,5.0,Closed
INC-00241,SITE-005,2026-07-05,Fire,High,60.2,Place reach man value trouble know subject second positive cultural spend.,Valve Failure,2.1,Open
INC-04814,SITE-005,2024-09-13,Spill,Medium,115.7,Your fight against gas ask other.,Valve Failure,5.4,Under Investigation
INC-00370,SITE-001,2025-06-14,Near Miss,High,55.3,Because show source expect institution class discussion.,Material Fatigue,4.0,Open
INC-04788,SITE-003,2025-06-22,Near Miss,MEDIUM,70.5,Enter write computer dream growth turn town international hand this.,Third-party Damage,11.5,Closed
INC-01423,SITE-004,2026-04-24,Leak,Low,86.1,Social move poor risk turn possible up skin.,,11.1,Under Investigation
INC-03666,SITE-006,2025-04-29,Spill,High,74.7,History hospital nothing report collection executive sometimes since start Democrat part.,Material Fatigue,11.4,Open
INC-05551,SITE-002,2025-04-05,Fire,Medium,90.2,Ok language like provide price nation if final wrong nothing our.,Corrosion,15.1,Closed
INC-04515,SITE-003,18-May-2026,Equipment Failure,Medium,72.9,Hand appear figure subject amount under fly ago professor accept everything issue politics.,Operator Error,1.8,Under Investigation
INC-02013,SITE-006,2026-05-13,Fire,Critical,55.9,Thank base hold everything cover.,Valve Failure,15.5,Closed
INC-02473,SITE-003,2026-08-12,Equipment Failure,Critical,50.6,Truth son partner single buy main.,Valve Failure,4.9,Open
INC-05013,SITE-005,2025-03-07,Leak,Lo,98.9,Hold rate team responsibility fill something site even he whatever hit computer director list.,Third-party Damage,4.4,Under Investigation
INC-01076,SITE-001,11/28/2024,Near  Miss,Medium,73.2,Former land several act eight town able too tree.,Operator Error,7.1,Under Investigation
INC-04625,SITE-005,2026-02-26,Equipment Failure,Low,79.2,Brother international the for growth certainly head according blue anyone seven these picture responsibility less heavy.,Valve Failure,7.3,Open
INC-02509,SITE-002,2026-07-07,Leak,Low,94.7,Real think can blue real very side.,Valve Failure,1.8,Closed
INC-04315,SITE-005,2024-11-03,Fire,critical,59.8,Common it rich condition general beautiful series kind note.,,8.8,Closed
INC-00720,SITE-004,2025-09-22,Near Miss,Medium,92.8,Quality over man while common.,Material Fatigue,4.7,Under Investigation
INC-00094,SITE-003,2024-05-07,Near Miss,Critical,49.5,Two nature road activity growth tonight myself just.,Third-party Damage,12.6,Closed
INC-01956,SITE-006,2024-01-12,Spill,Critical,59.1,Night eye human reality.,Sensor Malfunction,12.2,Closed
INC-00948,SITE-005,2023-10-08,Equipment Failure,Medium,82.5,Lawyer light actually machine record job pass financial example.,Operator Error,4.0,Under Investigation
INC-01025,SITE-004,2025-10-05,,Medium,87.2,Friend deep my protect before actually happen candidate ground small.,Valve Failure,6.5,Under Investigation
INC-00747,SITE-006,2023-08-06,LEAK,High,65.4,Field ago bit fire decade community west clearly administration type.,Valve Failure,7.0,Closed
INC-04631,SITE-005,2026-09-10,fire,Low,95.5,Top time easy century particularly kind eight wish yeah.,Sensor Malfunction,0.8,Open
INC-03689,SITE-003,2024-10-15,,High,81.2,Reveal break blue just main nor none game week law factor good character why worry ask.,Third-party Damage,1.9,Open
INC-05071,SITE-006,2025-12-17,Equipment Failure,Low,86.6,This red however continue spend argue crime reach listen upon vote.,Operator Error,2.9,Open
INC-03813,SITE-005,2024-04-25,Near Miss,High,65.0,Focus dog opportunity use too able door school great we become age suddenly.,,6.5,Closed
INC-05913,SITE-001,2024-08-22,Equipment Failure,Lo,95.6,Add feel talk response customer social fast west.,,8.7,Open
INC-03679,SITE-001,2024-05-10,Near Miss,Medium,70.9,Human local include total painting majority not set partner certain.,Third-party Damage,1.8,Closed
INC-03460,SITE-002,02/15/2025,Near Miss,High,82.7,Page measure public the Congress move live thus accept not.,,11.4,Open
INC-00558,SITE-002,2026-04-04,Spill,High,59.2,Want director identify time work beyond institution.,Corrosion,13.0,Closed
INC-01996,SITE-006,2023-11-23,LEAK,high,54.7,Road full player suffer how everyone industry from.,Third-party Damage,4.4,Under Investigation
INC-00699,SITE-005,2023-12-22,Fire,Medium,69.4,Peace us behind would development political person let ball north think father economy value.,Operator Error,6.2,Under Investigation
INC-03743,SITE-006,2026-02-04,Equipment Failure,Medium,75.5,Sign child phone lose international board form last.,Third-party Damage,13.2,Open
INC-02827,SITE-003,2023-10-28,,Medium ,83.3,Source fast only loss western politics avoid say plan forward item.,Third-party Damage,16.8,Open
INC-04112,SITE-003,08/12/2025,Spill,Low,88.6,Too out test seek agreement audience tree performance seek.,Operator Error,7.8,Under Investigation
INC-00757,SITE-006,2025-11-21T00:00:00Z,Leak,High,69.3,Create my actually appear reality any coach back difficult.,,1.9,Open
INC-01531,SITE-003,08/24/2025,Spill,High,69.7,Feeling front admit today free more call name policy including town scene close push.,Third-party Damage,9.3,Closed
INC-04055,SITE-006,2024-04-06,Near Miss,High,63.2,Song maintain foot hard society her yard garden specific.,Valve Failure,3.8,Closed
INC-01110,SITE-004,2024-09-18,Leak,Low,95.3,Bill produce approach stuff accept on professor wish suggest.,Valve Failure,5.1,Closed
INC-05907,SITE-004,2023-11-18,Fire,Medium,80.6,Visit certain buy memory those pay fight although.,Third-party Damage,2.0,Under Investigation
INC-03879,SITE-005,22-Nov-2024,fire,Low,84.6,Store father collection peace letter.,Corrosion,3.7,Closed
INC-03899,SITE-002,2024-01-27,Near Miss,Medium,80.0,Any sit produce cup view these have line similar several can sense suddenly.,Sensor Malfunction,14.2,Closed
INC-04245,SITE-004,2026-05-15,Equipment Failure,Low,94.4,Indicate piece lose month win field continue similar forget.,Valve Failure,2.7,Under Investigation
INC-00306,SITE-002,2024-07-05,Equipment Failure,Medium,65.4,Skin series attack another walk government.,Material Fatigue,7.5,Closed
INC-05996,SITE-002,2025-08-06,Equipment Failure,Medium,82.7,President use at produce would risk hotel over reflect.,Material Fatigue,1.3,Under Investigation
INC-04889,SITE-001,2025-04-02,Spill,HIGH,46.9,Rock partner weight lot consider former purpose.,Material Fatigue,13.9,Open
INC-00778,SITE-003,2024-01-20,leak ,High,58.4,Right customer peace kid need take network response prevent team affect security citizen employee carry writer citizen range night behind.,Operator Error,4.3,Open
INC-05719,SITE-004,2026-05-14,Fire,Critical,48.3,Eight determine decade address piece reason film behavior.,Third-party Damage,2.1,Closed
INC-03000,SITE-003,2025-11-29,Near Miss,High,48.2,Weight establish result college.,Sensor Malfunction,14.8,Closed
INC-00373,SITE-006,2024-10-12,Leak,Low,86.9,Day kid order only ask.,Material Fatigue,11.9,Closed
INC-01817,SITE-001,2026-04-14,Equip. Failure,Medium,60.7,Rest particularly stuff majority out subject southern two customer cold.,Material Fatigue,7.1,Closed
INC-01890,SITE-005,2025-10-20,Spill,Low,83.9,Middle near early hotel bring early none drug bad friend help concern draw assume year agency begin generation prove.,Valve Failure,6.8,Closed
INC-04339,SITE-001,2026-07-25,Equipment Failure,High,56.7,History rich trip perform personal color method.,Operator Error,9.5,Closed
INC-05269,SITE-006,2026-05-27,Near Miss,MEDIUM,93.0,Play article political front machine true nothing between particular site black learn candidate get bad eye six choose weight now alone.,Sensor Malfunction,1.7,Open
INC-05268,SITE-003,2023-11-07,Spill,Low,86.0,Century its consider vote mother program window sing.,Material Fatigue,8.4,Closed
INC-03101,SITE-002,2024-10-19,, High,62.3,Artist treat without century suggest person newspaper hand rate reduce road fight almost voice support.,Material Fatigue,11.6,Under Investigation
INC-01361,SITE-005,2025-03-06,Spill,Low,89.1,Here social first past would.,Third-party Damage,17.0,Open
INC-03227,SITE-004,2024-06-13,Fire,Medium,59.2,Discover gas sure myself hair.,,10.9,Under Investigation
INC-03391,SITE-004,2026-01-05,near-miss,Low,76.7,Police TV heavy friend go probably your face catch fund western thank general hair strategy house responsibility.,Sensor Malfunction,10.7,Closed
INC-04236,SITE-001,25/11/2025,LEAK,Medium,68.5,Forget still center detail party on mind industry true song do.,Third-party Damage,6.0,Under Investigation
INC-02195,SITE-001,2025-03-30,Fire,Medium,86.8,Its its floor win performance particularly middle discuss deep policy.,Operator Error,0.3,Closed
INC-05063,SITE-001,2025-09-01,Equipment Failure,Medium,83.4,Small light heart key kind agreement.,Material Fatigue,5.0,Closed
INC-03318,SITE-003,22-Mar-2024,Oil Leak,Medium,75.1,Serious kid clear watch follow rich meet development many live heavy cultural never become raise.,Corrosion,10.8,Closed
INC-02839,SITE-005,2025-04-24,Equipment Failure,Medium,60.7,Head here issue operation face purpose without TV.,Material Fatigue,1.2,Closed
INC-04341,SITE-003,2026-04-17,Near Miss,Medium,79.3,Majority follow would report foot pressure store.,,12.7,Closed
INC-02577,SITE-006,21/06/2024,Equipment Failure,High,64.0,Low hour pretty part.,Third-party Damage,6.1,Closed
INC-03911,SITE-002,2025-12-24,Leak,Medium,79.7,Few than material school maintain upon many box picture fill window imagine early.,Corrosion,11.2,Open
INC-04727,SITE-006,2026-05-25,Equipment Failure,Critical,42.5,Increase exist popular fall left decide him already study first person behavior.,Operator Error,2.2,Open
INC-00672,SITE-004,2024-08-23,Leak,Critical,38.7,Us character sound daughter order ground culture.,Corrosion,5.3,Under Investigation
INC-04806,SITE-005,22/10/2023,Near Miss,Low,94.7,Happy development yourself lot step western field suffer such bag front themselves.,Corrosion,12.0,Open
INC-02710,SITE-003,2024-12-27,Leak,High,52.1,Their yourself simple direction lot back week sport.,,6.8,Under Investigation
INC-04333,SITE-002,2026-06-23,FIRE, Low,86.8,Cut ability long free machine summer office audience kid general.,,1.5,Under Investigation
INC-05504,SITE-006,2023-09-24,Spill,crit,39.6,Available daughter figure able sea ten office threat pretty million.,Valve Failure,10.0,Open
INC-01568,SITE-002,2026-06-05,Fire,,86.0,Away support standard site list those student after make strong throughout also piece push season very and appear.,Operator Error,3.1,Open
INC-01247,SITE-001,2024-04-18,Near Miss,,80.7,Food surface something position address cost position recently although billion require available hair.,Valve Failure,6.8,Open
INC-04375,SITE-003,2023-08-05,Spill,High,53.2,Risk ball apply nearly strategy visit government teach.,Material Fatigue,0.3,Open
INC-05236,SITE-006,2025-09-12,Spill,Low,91.0,Military mission front which car decade run themselves position step little leg drive father provide.,Material Fatigue,7.0,Open
INC-00040,SITE-004,2026-02-25,Equipment Failure,Low,86.5,Believe vote reflect store result blue necessary.,Valve Failure,20.9,Closed
INC-00667,SITE-006,2024-11-11,Fire,Critical,52.4,Than see word church spend officer give.,,7.4,Under Investigation
INC-00787,SITE-006,05-Oct-2023,spill,Critical,54.3,Store yeah high important which source image natural old.,Sensor Malfunction,10.7,Closed
INC-05515,SITE-003,2025-11-27,Near Miss,medium,78.5,Actually gas power same standard which rate especially interview.,Operator Error,1.5,Closed
INC-02755,SITE-005,02/01/2025,Equipment Failure,low,85.8,First bit draw assume situation crime on home author citizen top north pick whole base.,Corrosion,23.2,Open
INC-00671,SITE-001,2026-03-12,Leak,High,64.2,Well career reality hotel under film building improve understand.,Corrosion,7.8,Open
INC-02751,SITE-006,2026-05-06,Equipment Failure,High,62.2,Plan lay practice walk probably discussion bad treat though trade.,Third-party Damage,2.5,Under Investigation
INC-02676,SITE-006,2025-10-24,,High,55.7,Human position respond agent certain amount eye ability relationship specific responsibility home main any.,Valve Failure,13.0,Open
INC-04075,SITE-002,2024-08-24,,Medium,79.6,Budget reflect TV concern sit hold forward election kind.,Corrosion,4.1,Closed
INC-01739,SITE-004,2026-03-16,Spill,Medium,62.7,White show physical evening management control time during you cut south situation.,Third-party Damage,6.9,Closed
INC-02747,SITE-006,2024-04-07,Leak,Critical,40.0,Land effort political force fish game cup structure fast.,Valve Failure,10.0,Open
INC-03343,SITE-004,01/22/2024,Equipment Failure,Low,95.4,Toward short model you success option home story former race lot future audience simply reality.,Sensor Malfunction,13.4,Closed
INC-03014,SITE-005,2023-09-17,Equipment Failure,Critical,60.5,Fish investment hundred fast for up trouble themselves.,Material Fatigue,19.5,Closed
INC-00828,SITE-003,2024-06-27,Spill,Critical,50.8,Production civil happy miss population.,,1.7,Under Investigation
INC-00522,SITE-004,07/09/2024,Spill,High,59.7,Material her have address force continue growth.,,3.6,Closed
INC-05820,SITE-003,2024-01-31,Fire,HIGH,56.7,Him surface lose early agree rate movie civil dog.,,9.1,Under Investigation
INC-03953,SITE-003,2025-12-13,Equipment Failure,Medium,75.7,Next wonder around cup music statement great authority.,,9.4,Closed
INC-02533,SITE-003,2023-09-27,Near Miss,,88.2,Quality month mind police about bill arrive.,Operator Error,11.1,Under Investigation
INC-05657,SITE-006,2026-07-06, Leak,Critical,44.4,He foreign I foreign grow.,Corrosion,2.1,Closed
INC-02678,SITE-002,2023-10-21,Leak,Medium,70.5,Experience authority wrong home identify onto war community establish impact use soon father bit.,,8.9,Open
INC-02491,SITE-001,2026-02-27,Spill,Medium,80.7,Soon lot rise reduce production.,Valve Failure,6.1,Closed
INC-04565,SITE-001,2023-09-30,Near Miss,,90.0,Professor ready government son mother vote serve physical sound.,Corrosion,15.1,Under Investigation
INC-03790,SITE-006,2023-12-22,Near Miss,High,68.9,Line perhaps parent likely hundred surface usually.,Corrosion,4.7,Closed
INC-03294,SITE-003,2025-02-21,Fire,Critical,70.3,Position around fight area woman mother.,,4.0,Closed
INC-04212,SITE-001,2024-10-18,Near Miss,Low,85.9,Side address return skill trouble able worry rather position she claim full.,Sensor Malfunction,15.7,Closed
INC-00814,SITE-003,2023-09-08,Equipment Failure,Low,89.1,Throughout market heart course media near product protect explain decade start former beautiful threat phone writer.,Sensor Malfunction,3.6,Under Investigation
INC-00183,SITE-001,2025-08-19,spill,Lo,79.5,Eye form dark point group policy prepare present.,,3.5,Under Investigation
INC-03121,SITE-001,2026-03-23,Near Miss,Medium,67.3,Natural medical different enter reduce not TV simply new.,Valve Failure,3.9,Closed
INC-01487,SITE-002,2024-09-07T00:00:00Z,Fire,Medium,84.0,Cost budget behavior improve.,Corrosion,0.2,Closed
INC-05422,SITE-005,2026-02-11,Spill,Medium,77.3,Table everything great always success sure thank involve difference federal interest just paper front.,,11.9,Open
INC-04934,SITE-001,2024-03-02,Equipment Failure,Medium,70.6,Culture sing per water media game foreign partner well best that.,Valve Failure,5.7,Open
INC-03301,SITE-005,07/08/2025,Leak,Med,75.2,Set institution voice even cold picture phone specific blue international.,Material Fatigue,21.0,Open
INC-01727,SITE-001,2025-12-31,Leak,Critical,39.8,Middle end on physical this car century feel last billion station end system exactly prove.,Operator Error,11.7,Open
INC-01401,SITE-003,2024-02-17,Leak,Critical,37.4,Image fear seat land view end.,Sensor Malfunction,6.6,Under Investigation
INC-05405,SITE-003,13/01/2025,Equipment Failure,Critical,61.9,Car main project base prevent.,Corrosion,8.4,Open
INC-05158,SITE-003,2024-01-29,Spill,Low,86.9,Her join ago store for nothing development game.,Corrosion,11.1,Open
INC-02414,SITE-003,2024-07-10,Fire,Medium,92.1,Anyone us shake among your.,Sensor Malfunction,13.6,Closed
INC-02488,SITE-005,2026-02-04,Fire,Low,89.4,Professor me star message Mr.,Valve Failure,4.2,Closed
INC-05341,SITE-001,2025-03-11,Equip. Failure,Critical,30.5,Read conference drug key soldier today young home site person century.,Material Fatigue,2.5,Under Investigation
INC-03106,SITE-003,2023-12-08,Leak,High,56.6,Great investment represent personal reason occur amount worry coach task one.,,5.3,Closed
INC-02333,SITE-001,2024-08-27,Equipment Failure,High,68.5,Page me city data fast generation group computer radio receive.,Third-party Damage,2.4,Open
INC-00739,SITE-006,2024-10-16,Leak,,54.7,Learn beat college create alone for tell condition.,Sensor Malfunction,5.5,Under Investigation
INC-05604,SITE-003,2025-06-02,Leak,High,77.8,Plant beyond executive factor partner news check prove magazine loss way doctor.,Operator Error,1.1,Open
INC-00256,SITE-001,2025-11-02,Near Miss,Medium,83.2,Minute buy people structure life seem station reveal project various nation hotel.,,3.8,Open
INC-04222,SITE-002,2024-10-31,Equipment Failure,Medium,66.3,Best place past room choose general create avoid.,Material Fatigue,4.7,Under Investigation
INC-04612,SITE-003,2023-12-02,leak ,Critical,42.3,Mouth game probably baby participant ability seven wrong party cover.,Corrosion,2.5,Open
INC-01776,SITE-002,2024-05-14,Fire,Medium,67.2,Seat whatever lawyer cultural get trial six analysis develop beyond.,Sensor Malfunction,8.9,Closed
INC-02642,SITE-006,2025-09-02,Equipment Failure,High,58.0,Maybe score in statement myself hundred magazine key.,Corrosion,7.2,Under Investigation
INC-01177,SITE-004,2026-04-16,Leak,Critical,51.5,Attorney although sure answer fear.,,4.8,Open
INC-04739,SITE-006,2025-03-23,Equipment Failure,Critical,46.5,Probably rate way above point wait blue at attorney draw despite image.,Valve Failure,11.2,Open
INC-00171,SITE-002,2025-12-18,Leak,,37.4,Reason drive indicate provide ground draw affect.,,6.3,Under Investigation
INC-01045,SITE-001,2024-01-04,Fire,High,50.1,Material situation leg party large off probably behavior leave sure protect kid address particular concern.,Operator Error,12.7,Under Investigation
INC-04164,SITE-002,2025-11-22, fire,Low,80.9,Blood next bit of foot such start enter past lay eight woman understand.,,5.9,Under Investigation
INC-02129,SITE-001,2026-03-06,Equipment Failure,Low,87.1,Maybe public indicate project officer stuff reveal.,Third-party Damage,6.4,Under Investigation
INC-05174,SITE-004,2025-01-02,Leak,Medium ,82.8,Such push final teach he memory nearly current on you build short understand.,Third-party Damage,4.8,Under Investigation
INC-00425,SITE-001,2023-09-20,,low ,79.4,Resource type firm.,Operator Error,16.1,Under Investigation
INC-01897,SITE-005,2026-04-11,Near Miss,Medium,78.4,Opportunity school so me age economy sell candidate pass all certainly remember write strategy resource manager.,Corrosion,1.1,Under Investigation
INC-02220,SITE-003,2026-06-10,Leak,Critical,42.6,Say industry challenge sister before mother.,Operator Error,13.6,Open
INC-04092,SITE-003,10/04/2025,Leak,High,62.0,Drive before purpose would also might.,Corrosion,19.3,Open
INC-05354,SITE-005,2024-11-03,Near Miss,Low,85.6,Art skill necessary arrive then ten himself into can include hospital.,Sensor Malfunction,5.2,Open
INC-00608,SITE-002,2023-11-01,Oil Leak,Critical,68.8,Middle east however world animal ten.,Valve Failure,6.0,Open
INC-02163,SITE-004,2024-09-26T00:00:00Z,Fire,Low,91.0,Pass family need message discuss few set social officer me or type people.,Third-party Damage,4.5,Closed
INC-03663,SITE-003,2025-03-27,Leak,High,45.9,Market smile former budget past back second apply lawyer.,Corrosion,4.0,Under Investigation
INC-00936,SITE-001,04/10/2025,Fire,Medium,61.9,Coach second of power hit trip truth coach recent.,,2.4,Closed
INC-05982,SITE-002,2024-01-16,Fire ,Medium,78.4,Business sell most in.,Valve Failure,3.1,Under Investigation
INC-01238,SITE-002,2024-04-12,Spill,Low,79.3,Arrive president move cold discover couple under treatment plant me.,Corrosion,1.3,Closed
INC-01001,SITE-002,2025-12-29,Equipment Failure,Low,95.3,Cause account each month sit similar training must statement bag perhaps right.,Corrosion,16.9,Open
INC-05144,SITE-003,2026-06-24,Spill,Critical,46.7,Method middle town a many technology.,Sensor Malfunction,4.5,Open
INC-02398,SITE-003,2024-08-07,Leak,Low,88.0,Trip always image author everyone lead police Democrat beyond help discussion operation.,Sensor Malfunction,7.1,Under Investigation
INC-03523,SITE-006,2025-06-28,,Low,83.4,Hit anything build story head language president ground focus TV tax lot.,Third-party Damage,16.4,Under Investigation
INC-05218,SITE-003,2023-12-19,Leak,High,57.7,Small right system bad force than bill.,,10.1,Under Investigation
INC-03757,SITE-003,2025-08-25,Spill,High,48.4,Deal structure behavior enjoy opportunity decide open.,Operator Error,7.5,Open
INC-05819,SITE-004,2023-12-10,Fire,Medium,72.4,Tell study worry whose kitchen reveal opportunity eight.,Valve Failure,2.3,Open
INC-02232,SITE-004,2024-11-24,Near Miss,Low,91.7,Matter yard whether back financial little music professional admit smile few end.,Valve Failure,17.4,Closed
INC-05032,SITE-006,2023-07-26,Equipment Failure,Critical,40.1,Difference capital story direction along list partner attention machine through west more.,Corrosion,12.8,Under Investigation
INC-03038,SITE-006,2025-03-18,Leak,Critical,72.4,When response data enter team society man road somebody fish attack their member pay base morning.,Material Fatigue,2.3,Under Investigation
INC-00524,SITE-004,2025-01-12,Spill,Medium,83.9,Must hair hit and plant they field across analysis someone usually smile general.,Third-party Damage,13.8,Under Investigation
INC-04610,SITE-002,2026-02-16,Equipment Failure,,79.7,Democratic discover understand onto knowledge term success despite the court gas table buy.,Sensor Malfunction,13.1,Under Investigation
INC-02589,SITE-004,2026-07-05,Equipment Failure,Medium,79.3,Design community if low magazine more somebody.,Operator Error,5.1,Open
INC-05445,SITE-006,2025-11-03,Leak,High,87.4,Always likely should available agree light scene go nor the other future management nothing herself.,,8.9,Open
INC-01317,SITE-005,2024-05-17,Leak,Low,87.8,This quickly enjoy he really film manager admit role inside or.,Material Fatigue,3.3,Under Investigation
INC-05402,SITE-001,2026-04-01,Near Miss,LOW,87.0,Affect whose little get present wall maybe this south.,Corrosion,5.5,Closed
INC-00693,SITE-005,2025-03-31,FIRE,Medium,80.0,Figure miss drive may above job.,,5.8,Closed
INC-02654,SITE-004,07/04/2026,Leak,High,49.0,Behind throw past environmental window ok natural example leave five hear.,,6.8,Open
INC-02282,SITE-003,2025-04-26T00:00:00Z,Leak,HIGH,75.0,Audience rich ready hotel itself cell course lose build detail success although phone around.,Operator Error,12.9,Open
INC-05539,SITE-003,2026-02-27,Equipment Failure, High,65.5,Soldier bit government model.,Corrosion,12.2,Open
INC-05324,SITE-003,2026-07-19,Fire ,High,58.5,Store cover center keep number throw offer your skin old direction by fast listen.,Third-party Damage,1.1,Under Investigation
INC-03305,SITE-006,2025-02-25,Leak,High,53.7,Writer town once try over free share tell course already agreement what cup cause bit.,Third-party Damage,9.1,Open
INC-02368,SITE-005,2024-03-01,Near  Miss,medium,67.8,Difference technology summer strong safe result paper.,Valve Failure,5.1,Under Investigation
INC-05570,SITE-003,19-Aug-2023,Fire,Low,88.6,Design happen likely bank brother reveal century general food moment debate sell physical.,Third-party Damage,12.8,Closed
INC-01757,SITE-004,2025-08-18,Equipment Failure,Medium,66.6,Recently physical all western reflect direction condition worry wonder our.,Material Fatigue,0.6,Under Investigation
INC-03175,SITE-002,2025-11-17,Fire,Medium,67.5,Book have throw method research up father position.,Material Fatigue,2.1,Under Investigation
INC-01448,SITE-005,2025-11-11,Spill,Medium,83.7,Detail trouble campaign always mean poor either where raise.,Valve Failure,17.0,Closed
INC-05330,SITE-001,2023-12-24,Fire,Low,88.6,Less far officer bill myself do morning rich least Mrs.,Sensor Malfunction,1.5,Closed
INC-03664,SITE-001,2024-08-10,Near Miss,High,62.5,Explain center end year power authority east employee world full personal six traditional.,Sensor Malfunction,15.6,Closed
INC-00018,SITE-005,2025-01-06,Fire,medium,74.4,Left computer community represent strategy.,Third-party Damage,4.1,Under Investigation
INC-05088,SITE-001,2026-03-24,Near Miss,Critical,69.8,Answer water mouth.,Operator Error,2.9,Open
INC-01695,SITE-003,11/14/2023, spill ,High,56.0,Evening building billion for be approach improve growth good thousand.,Valve Failure,9.7,Closed
INC-01740,SITE-003,2025-11-09,Leak,Medium,67.5,Knowledge dog statement magazine cut mother beautiful development take best.,Sensor Malfunction,1.7,Under Investigation
INC-05452,SITE-003,2024-11-18,Near Miss,Critical,48.1,Scientist what which network rather.,Material Fatigue,2.4,Open
INC-05777,SITE-003,2023-12-05,Leak,High,60.3,Animal by radio bring rich financial hit cell investment medical myself example.,Corrosion,17.8,Closed
INC-00377,SITE-004,2025-03-18,Near Miss,Low,89.1,Actually parent behind play woman trip after try analysis choice shoulder enter attorney goal hot tend physical force play wait consumer.,Operator Error,13.8,Open
INC-03304,SITE-003,2026-08-21,Spill,High,67.7,Opportunity else the already plant receive hour pull well development investment interest raise within worker.,Material Fatigue,6.2,Closed
INC-00765,SITE-004,2023-11-07,Leak,Medium,74.4,Career sure question analysis father note wide might smile age appear challenge talk when good daughter.,Material Fatigue,2.0,Under Investigation
INC-05928,SITE-003,2025-02-13,Fire,Critical,49.9,Take show anything area value sing case.,Corrosion,1.1,Under Investigation
INC-03275,SITE-004,12/02/2023,Spill,Low,88.1,Around natural sit toward condition long shoulder wide foreign open ok among read do student law base agent trouble.,Valve Failure,28.1,Closed
INC-03756,SITE-002,2026-05-27,Leak,Low,96.3,Red show appear different middle compare dream study cut onto seem sound.,Valve Failure,3.6,Under Investigation
INC-03752,SITE-003,2025-06-19,Leak,Low,78.9,Remember fight thing receive.,,1.8,Under Investigation
INC-01964,SITE-003,10/07/2024,Near Miss,High,70.3,Mother develop TV be history themselves.,,10.8,Open
INC-04657,SITE-006,15-Feb-2026,Spill,Medium,73.5,Try fill little summer simple few student meet career friend suddenly bag perhaps glass three continue certain.,Valve Failure,4.1,Closed
INC-02101,SITE-002,2023-12-13,Equipment Failure,Medium,90.6,Opportunity experience around yeah oil away community impact appear.,Material Fatigue,3.4,Closed
INC-05431,SITE-002,27/06/2024,Near Miss,Medium,65.0,Computer woman look forward full word.,Operator Error,9.1,Under Investigation
INC-04221,SITE-002,2026-06-08,Leak,Low,70.0,Military approach strategy million heavy start understand instead success worker around source able audience reduce somebody affect.,Corrosion,9.4,Under Investigation
INC-05260,SITE-001,07/26/2024,Equipment Failure,Medium,67.5,People reflect tonight often like we camera soldier century almost low no wall next begin.,Operator Error,13.4,Under Investigation
INC-00244,SITE-004,2023-08-03,,Low,84.5,Live account seek case yeah sense address join at security rich.,Valve Failure,5.8,Open
INC-02094,SITE-006,2025-03-04,Equipment Failure,High,53.5,Position week husband person treat second tonight interest consider.,Operator Error,7.4,Open
INC-04706,SITE-002,2025-07-15,Fire,Medium,78.6,Tell company place right.,Corrosion,3.9,Under Investigation
INC-02621,SITE-006,2024-05-21,Leak,Crit,41.6,Appear soon their force if bill low respond create protect woman voice.,Material Fatigue,12.9,Open
INC-02569,SITE-005,03/26/2025,Equip. Failure,Lo,87.6,Management color rather major movie Mr mind resource.,Operator Error,13.5,Closed
INC-03656,SITE-001,09/02/2025,Near Miss,Low,88.0,Represent least a entire cut play school among long born force heart education thought do as concern.,Operator Error,11.6,Under Investigation
INC-03245,SITE-003,2026-02-17,Spill,Critical,47.9,Anything continue before floor beat seven seem common day concern shoulder drug third charge treat number.,Valve Failure,6.4,Under Investigation
INC-00618,SITE-002,2025-02-22,Spill,High,71.3,Energy try safe success do year local nation evidence coach mind serve modern.,,3.2,Open
INC-02953,SITE-004,2025-01-03T00:00:00Z,Fire,Medium,75.9,Industry several citizen sing reach perform.,Operator Error,6.3,Open
INC-05351,SITE-005,2025-06-24,Spill,Medium,83.3,Left trip own attack message cause course course top side century similar player.,,17.9,Under Investigation
INC-03903,SITE-002,2025-05-21T00:00:00Z,Leak,Critical,62.2,Team order film structure inside black challenge road together trip for summer manage back hold.,Third-party Damage,3.2,Closed
INC-00499,SITE-001,2025-12-20,Near Miss,High,69.5,Fund fact industry firm other during.,Material Fatigue,10.2,Closed
INC-04229,SITE-006,2026-05-22,Leak,Critical,43.2,Guy hour certainly others tonight firm.,Operator Error,7.1,Closed
INC-01107,SITE-004,2025-09-19,Near Miss,Medium,86.6,Drop risk our event still the.,Material Fatigue,11.6,Closed
INC-04260,SITE-005,28/04/2026,Leak,Medium,67.0,Speech enter home alone use develop.,Third-party Damage,15.8,Open
INC-04811,SITE-006,2025-12-19,,Critical,35.3,Place woman box less water value each expert dinner character less.,Operator Error,8.9,Open
INC-03385,SITE-006,2024-08-28,Spill,High,50.4,Find over watch rather talk great national court as activity society.,Operator Error,1.6,Closed
INC-03413,SITE-001,2024-09-15,Fire,,87.5,Lose series today cause well order position wife condition require none close medical.,Operator Error,8.5,Closed
INC-05232,SITE-003,2025-01-05T00:00:00Z,Leak,High,47.3,Its our win firm compare director phone return quite rock.,Material Fatigue,10.0,Open
INC-02085,SITE-004,2024-05-04,Equipment Failure,High,63.8,Authority common feeling anyone maintain sure with do job green policy view.,Corrosion,2.7,Under Investigation
INC-03766,SITE-001,2024-05-07,Equipment Failure,Critical,-12.3,Manager effort every throughout feeling.,Corrosion,6.3,Open
INC-05474,SITE-005,2024-12-28,Equipment Failure,Medium,84.7,Piece cup with memory just surface there business store world.,Operator Error,7.8,Closed
INC-03151,SITE-006,2025-06-16,Equipment Failure,Critical,32.3,Nothing television professional anything left mouth night.,Sensor Malfunction,4.6,Under Investigation
INC-05095,SITE-001,2024-10-07,equipment failure,Medium,86.7,Stop teach sit consider.,Material Fatigue,35.7,Open
INC-04455,SITE-001,2023-09-10T00:00:00Z,Spill,Medium,78.6,Expert speak past star from particularly former kid truth half shake.,Sensor Malfunction,11.7,Under Investigation
INC-03753,SITE-003,2024-05-03,Fire,,67.0,True want seat win head north notice yeah deep night these most performance often.,Corrosion,9.3,Under Investigation
INC-02870,SITE-006,2025-01-13,Near Miss,High,56.4,Toward free return maybe if improve fund.,Third-party Damage,4.8,Closed
INC-03825,SITE-002,2024-12-22,Spill,Critical,53.7,Open soon they other.,Material Fatigue,5.4,Open
INC-03300,SITE-003,08-Dec-2023,Leak,High,55.2,Wear relationship seem company control.,Material Fatigue,6.1,Under Investigation
INC-01267,SITE-002,2025-05-06,Equipment Failure,High,60.3,Not southern can suddenly our serious.,Third-party Damage,4.2,Open
INC-02628,SITE-003,2024-04-27,Near Miss,low ,93.6,Relate arrive entire son item second subject citizen idea right authority owner cut.,Sensor Malfunction,23.5,Open
INC-03560,SITE-004,2023-11-09,Near Miss,Medium,73.4,Art fall radio any hundred.,Corrosion,15.9,Closed
INC-01478,SITE-002,2026-01-14,Spill,High,67.2,Include maybe wear off TV save discover recently control marriage partner least point.,Operator Error,8.7,Under Investigation
INC-04673,SITE-001,2023-10-24,Equipment Failure,Critical,115.7,Group about brother wait.,Operator Error,7.4,Under Investigation
INC-02819,SITE-001,06/06/2025,Equipment Failure,High,48.4,Man run theory amount job site purpose.,Third-party Damage,18.9,Open
INC-00071,SITE-001,2024-01-27,Spill,,82.5,After already mind boy throughout floor former set position member fast three cold pick resource account dark film.,Sensor Malfunction,13.2,Closed
INC-01748,SITE-005,2023-10-15,Equipment Failure,High,47.2,Lay state worry we democratic be raise father everything.,Third-party Damage,11.1,Under Investigation
INC-03535,SITE-003,2026-03-03,near miss,Medium,76.4,Read follow student senior person create various beat morning wall even exactly realize ground better open site least.,Valve Failure,21.2,Closed
INC-00676,SITE-002,2024-08-10,Equipment Failure,Low,93.4,Anyone base service should house law movie shoulder military smile human matter series.,Corrosion,13.6,Under Investigation
INC-01302,SITE-004,2024-08-07,Equipment Failure,High,68.2,Without the economy especially stuff Mr heart.,Corrosion,10.8,Closed
INC-02303,SITE-006,2025-05-20,Leak,Critical,44.5,Skin inside shake before month success stay manage list daughter dark.,Sensor Malfunction,8.7,Under Investigation
INC-05054,SITE-001,2024-05-02,Near Miss,,70.0,Manager we late surface hotel nearly five buy fine name company decision summer.,Operator Error,6.2,Open
INC-05691,SITE-006,2025-08-10,Equipment Failure,Critical,46.7,Too budget old move continue structure woman strong customer defense product medical bar involve.,Third-party Damage,7.1,Open
INC-04521,SITE-004,2024-12-18,Oil Leak,Medium,74.2,Source himself reach of member beautiful keep vote successful until rest rather partner respond with what.,Corrosion,4.6,Open
INC-03499,SITE-004,2026-02-05,Leak,Low,80.1,President check front exactly look design reason sure military month customer.,Sensor Malfunction,2.1,Open
INC-01159,SITE-001,2025-11-03,Near Miss,Medium,66.2,Without enjoy subject girl know.,Sensor Malfunction,13.2,Under Investigation
INC-01404,SITE-005,2026-04-14,Spill,Medium,73.3,Travel amount material reach thank mention service.,Sensor Malfunction,7.8,Open
INC-02348,SITE-006,07/10/2024,Equipment Failure,Medium,73.1,Similar recently capital me win prove performance general town guess certain writer.,Material Fatigue,9.5,Under Investigation
INC-04640,SITE-005,2023-11-01T00:00:00Z,Spill,Low,85.8,Maybe near bar environment college success off gun.,Material Fatigue,9.9,Under Investigation
INC-00338,SITE-003,03/06/2026,Equipment Failure,Critical,29.7,End station various up edge individual after.,Third-party Damage,1.4,Open
INC-03178,SITE-005,2024-04-06,Spill,Low,89.1,Leader stand wind direction consider break family something.,Third-party Damage,15.4,Under Investigation
INC-00678,SITE-002,2025-07-09,Equipment Failure,Critical,39.4,Answer order us range huge interest PM television eight.,,7.4,Open
INC-00343,SITE-004,10-Sep-2023,Equipment Failure,Medium,67.4,Manage rule decide community including something charge company serious everything treat.,Sensor Malfunction,11.8,Closed
INC-02264,SITE-002,2025-02-10,Equipment Failure,Medium,86.7,Catch person trouble remain thing.,Operator Error,7.9,Open
INC-05794,SITE-004,2025-10-09,Equipment Failure, Critical,56.4,All impact left area prove hundred small traditional since.,,12.9,Under Investigation
INC-03886,SITE-003,2024-06-18,Leak,Medium,77.9,Purpose financial study response institution green start few.,,3.6,Closed
INC-05959,SITE-006,2025-04-23,LEAK,Critical,59.7,Assume reflect local amount play bring seek action best though industry owner agent establish increase develop.,,1.8,Closed
INC-02365,SITE-006,2024-02-23,Leak,Medium,77.0,See air former fly something nation share cost myself next figure.,Operator Error,8.8,Under Investigation
INC-05363,SITE-002,25-Jan-2025,Leak,Medium,75.1,Sometimes all edge financial else last air black.,Corrosion,10.5,Open
INC-01194,SITE-005,2024-10-15,Near Miss,High,48.2,Line vote different type account page into really area exist none.,Valve Failure,0.5,Open
INC-00444,SITE-003,2023-10-15,Equipment Failure,High,59.0,Remain foreign anyone herself anyone wonder television.,,2.7,Closed
INC-04063,SITE-005,2025-01-24,Fire,Medium,87.4,Manager professional space food key low majority through operation close close answer task always explain without practice.,Valve Failure,8.4,Open
INC-01846,SITE-001,2024-09-14,fire,Low,90.0,Chance wait plant speak southern conference man wear.,Operator Error,7.1,Open
INC-02671,SITE-005,2025-04-20,Spill,Low,80.0,Near history use they success.,Valve Failure,2.9,Closed
INC-03015,SITE-006,2024-11-04,Spill,Critical,48.9,Movement difference someone concern too several camera.,Operator Error,10.6,Under Investigation
INC-00260,SITE-005,2024-03-08,Fire,Critical,70.7,Keep view charge most job outside image professor consider while pass young church stay region door will quickly entire cold.,,5.3,Closed
INC-04070,SITE-004,2024-09-24,Near Miss,Medium,75.7,Program make Mr rather data once.,Valve Failure,1.3,Under Investigation
INC-04297,SITE-002,2024-09-03,Equipment Failure,High,54.3,Stage small give indeed with team until room.,,29.4,Under Investigation
INC-00022,SITE-004,2024-07-17,Equipment Failure,Low,89.3,Happen he story hand military listen technology.,Corrosion,1.9,Closed
INC-02454,SITE-004,2025-06-06,Spill,High,65.3,Anyone challenge hair life world forget research wish difficult when window crime water.,,3.0,Under Investigation
INC-01033,SITE-001,2025-04-25,Near Miss,Low,90.9,Large like let assume wrong product.,Valve Failure,5.1,Under Investigation
INC-01316,SITE-004,2023-09-06,Leak,Medium,74.3,Hope move wind ok speak raise cell material.,Sensor Malfunction,5.9,Closed
INC-01862,SITE-003,2026-04-28,Spill,,53.1,Stage each actually imagine above total.,Valve Failure,15.0,Under Investigation
INC-03129,SITE-006,2024-08-28,Near Miss,High,65.2,Less yard for either trial red month at wish yard begin analysis guy say perhaps.,Material Fatigue,1.4,Open
INC-02633,SITE-003,2023-11-21,SPILL,High,75.2,Live chance recently hard away any green modern part technology manager pattern foot data where course figure.,Operator Error,1.5,Open
INC-03211,SITE-003,2023-12-28,Leak,high,63.3,Month world across student these toward own Congress around.,Third-party Damage,5.5,Open
INC-04183,SITE-001,2026-01-13,Leak,High,50.8,Peace level local data another recent.,Operator Error,27.8,Closed
INC-04483,SITE-003,2025-01-08,Leak,High,64.3,Identify bit success six check network site yeah.,Operator Error,13.4,Closed
INC-04736,SITE-006,2023-10-10,Spill,High,82.0,Law cut without hand run never build these senior.,Valve Failure,2.4,Open
INC-02969,SITE-004,2023-07-27,Fire,Medium,79.6,Worker go attention minute identify hold list seat cell space contain Democrat difference television.,Corrosion,9.0,Open
INC-03007,SITE-003,28-Feb-2026,Leak,Medium,75.4,Institution push full figure difference very reality appear office local generation very yes.,Corrosion,9.0,Closed
INC-01669,SITE-004,2023-11-14,Leak,Low,96.5,Pm ahead alone around voice relationship my especially necessary number.,Corrosion,10.9,Open
INC-05126,SITE-006,2026-05-27,Near Miss,High,55.8,Stuff military seek.,Sensor Malfunction,8.1,Under Investigation
INC-01286,SITE-001,31-Jan-2024,near-miss,Low,81.3,Candidate season executive herself.,,13.1,Under Investigation
INC-05502,SITE-006,2024-11-24,Spill,High,57.2,Serious rule treat teach position like know interview.,Corrosion,0.9,Open
INC-00610,SITE-005,2023-10-09,Near Miss,Low,83.5,Care beautiful standard stay bring how.,,2.1,Under Investigation
INC-02120,SITE-006,2025-01-28,Spill,,67.7,Hear beautiful at everyone attention partner nearly wall.,,3.6,Open
INC-01419,SITE-005,2026-04-05,Spill,High,66.7,Enough action push enough deal glass now should box herself politics.,Valve Failure,8.5,Open
INC-01220,SITE-002,2024-08-11,Fire,High,58.9,Realize computer happy writer son partner boy buy science.,Operator Error,4.1,Closed
INC-02200,SITE-005,2024-02-26,near-miss,Medium,74.7,Trade even method as kind since.,Sensor Malfunction,15.1,Under Investigation
INC-05485,SITE-003,27/07/2024,Leak,Critical,56.2,Hard game require fight.,Third-party Damage,4.0,Open
INC-00314,SITE-001,2024-09-19,Near Miss,Low,90.8,Hospital fact form director save food me.,Material Fatigue,2.0,Under Investigation
INC-04388,SITE-002,2026-04-10,Equipment Failure,,67.6,Support group speech mouth finish return education.,Sensor Malfunction,21.5,Open
INC-01718,SITE-003,2023-09-05,Spill,Medium,91.3,Identify prevent bar another food adult though Democrat wall none.,Sensor Malfunction,1.8,Under Investigation
INC-01279,SITE-006,2025-04-23,Spill,Medium,68.5,Right station hospital hard.,Corrosion,3.3,Closed
INC-05989,SITE-006,2025-12-26,Leak,High,65.3,Have south step performance chance answer according after serious camera.,Material Fatigue,10.7,Open
INC-01438,SITE-005,2026-04-19,Near Miss,Medium,77.6,Someone lead population message thought.,Third-party Damage,6.1,Closed
INC-04425,SITE-002,2024-11-13,Fire,Low,115.7,Pretty gun claim nothing five health with.,Third-party Damage,9.1,Closed
INC-03264,SITE-006,2026-03-07,Spill,high,53.6,Measure always worker dog class baby fish born.,Material Fatigue,7.8,Under Investigation
INC-05079,SITE-004,2025-04-01,Equipment Failure,Critical,43.0,Couple drug share like pretty step forget make.,Operator Error,6.0,Open
INC-00378,SITE-004,2026-07-04,Near Miss,Low,80.7,Produce property writer left write someone policy machine paper current.,Material Fatigue,2.9,Open
INC-02978,SITE-006,2023-09-24,Leak,Hi,57.9,Bed style world parent number strong space likely future quality.,Sensor Malfunction,6.9,Under Investigation
INC-04448,SITE-003,12/27/2023,Near Miss,High,46.5,Sit weight hour anyone room memory Republican station among.,,5.7,Under Investigation
INC-05417,SITE-006,2024-07-20,Leak,High,61.8,Over boy result organization memory international painting order hospital.,Sensor Malfunction,4.7,Open
INC-02990,SITE-002,04-Jan-2025,Equip. Failure,Medium,79.4,Role life ball woman technology too professor forward.,Valve Failure,8.1,Under Investigation
INC-00645,SITE-005,2023-09-05,Spill, Low,82.3,Enough late soldier outside chance your kitchen serious performance popular but child whose point painting.,Sensor Malfunction,16.5,Under Investigation
INC-01821,SITE-003,02/28/2024,Spill,Medium,62.4,Visit lot usually manage foreign town study accept too safe of.,Third-party Damage,4.3,Open
INC-01671,SITE-003,2024-07-23, spill ,crit,29.8,North black nature eight look others resource work others skill sometimes society wonder.,,5.4,Under Investigation
INC-02262,SITE-003,2025-06-27,leak,Medium,70.8,Technology member growth nor organization garden be floor public.,Valve Failure,16.2,Closed
INC-04692,SITE-006,07/29/2024,,High,67.6,Above room some see.,Third-party Damage,6.6,Under Investigation
INC-00527,SITE-001,2024-01-18,Equipment Failure,Hi,44.7,Amount stock how professor realize rather become use hope another into leg loss.,,2.7,Open
INC-01566,SITE-006,2026-04-10,Fire,High,60.9,Run perhaps statement particularly seven check plant school phone off fast major save sport just second.,Operator Error,10.4,Open
INC-00327,SITE-006,2026-08-09,Spill, Low,91.2,Require image expert network then.,Material Fatigue,9.4,Open
INC-04584,SITE-005,2025-06-28,Near Miss,High,72.2,Participant reason town series world follow article energy bank author analysis dream defense hand least prevent.,Sensor Malfunction,7.0,Closed
INC-00682,SITE-006,2024-06-21,Spill,Low,92.5,Can trial can back less cause according spend focus free attention.,Sensor Malfunction,1.6,Open
INC-05230,SITE-006,2026-02-19,Spill,High,50.4,American view safe almost site lawyer red.,Third-party Damage,5.3,Closed
INC-01432,SITE-004,2024-04-19,Equipment Failure,High,48.7,Side alone rate present of.,Valve Failure,14.2,Open
INC-02800,SITE-006,2025-11-11,Leak,Medium,69.3,Every drop on drug commercial citizen source up subject maybe produce everybody green state.,Sensor Malfunction,4.1,Open
INC-01433,SITE-003,2024-10-24,Fire,High,65.3,Box car dark magazine fine lose most exactly.,Material Fatigue,8.8,Open
INC-03067,SITE-001,2025-04-08,Spill, Low,97.3,Health simple general article conference peace bad tree reach Mrs easy down itself benefit.,Valve Failure,3.0,Closed
INC-01824,SITE-006,2024-08-29,Near Miss,Critical,49.1,Marriage church measure describe treat society no budget car author follow bank civil choose.,Corrosion,6.0,Closed
INC-02096,SITE-002,2025-07-25,Spill,High,55.9,Nor toward call away character discover this probably remember long able serve success reason.,,9.5,Under Investigation
INC-00965,SITE-005,2024-12-16,Spill,Low,99.1,By establish positive them right writer audience decision end into same.,Sensor Malfunction,12.2,Closed
INC-00510,SITE-002,2024-10-05,Equipment Failure,Critical,38.7,Character believe we late arm action century up writer south service paper well stock main to Democrat.,Corrosion,7.5,Under Investigation
INC-02794,SITE-001,2025-08-03,Near Miss,Medium,74.6,Movie make summer although capital begin.,,13.3,Closed
INC-05173,SITE-006,2024-05-05,Leak,Medium,78.1,Else represent ago live event result role anyone ask candidate.,Material Fatigue,9.5,Closed
INC-01379,SITE-006,06-Mar-2026,Near Miss,,67.4,Sea account Mrs share.,Operator Error,15.7,Under Investigation
INC-05374,SITE-001,2024-10-08,Equipment Failure,Critical,54.1,Evening actually trip party able treat ten whose store quickly and.,,3.5,Under Investigation
INC-01257,SITE-005,2024-07-26,Near Miss,,44.6,Remember natural free evening to wide decade much natural because majority our health explain boy feeling almost discuss.,Third-party Damage,14.0,Closed
INC-03672,SITE-003,2025-08-28,Leak,Low,87.5,Reason whom trial sound listen girl.,Operator Error,18.2,Closed
INC-05687,SITE-003,2026-03-27,LEAK,Medium,77.4,Democratic under lawyer little.,,9.3,Open
INC-02651,SITE-006,2024-01-10,Leak,High,53.1,Believe order article purpose pretty owner area society bag wait change value create me.,Corrosion,23.0,Open
INC-03777,SITE-004,2025-11-19,Near Miss,Low,80.3,Paper spring hotel popular else simply whose.,Valve Failure,18.9,Under Investigation
INC-04153,SITE-003,2023-09-17,fire,MEDIUM,76.2,Often term character collection.,Material Fatigue,9.9,Under Investigation
INC-02438,SITE-002,2024-05-29,Leak,Medium,76.2,Figure religious able data million.,Operator Error,15.1,Open
INC-05493,SITE-003,2024-09-29,Fire,Critical,51.5,Billion audience agree individual hope student discover level crime speech nothing house.,,7.6,Under Investigation
INC-02556,SITE-005,2023-09-13,Leak,CRITICAL,47.1,Hope cultural pick financial nice.,Material Fatigue,4.6,Under Investigation
INC-02250,SITE-006,2023-09-14,Leak,High,62.2,Nice feel attorney describe mission Republican actually better.,Third-party Damage,5.5,Under Investigation
INC-04654,SITE-006,2025-12-06,Equipment Failure,Critical,51.7,I describe senior region kind new product admit sort.,Third-party Damage,4.6,Closed
INC-04481,SITE-001,2026-05-23,Equipment Failure,Low,92.7,West knowledge difference hit.,Sensor Malfunction,2.8,Under Investigation
INC-03967,SITE-005,2025-08-19,Equipment Failure,,64.2,Right poor keep gas movement recent sign catch worry rate.,,2.3,Closed
INC-05068,SITE-003,2024-12-04,Spill,High,69.2,Yourself interview writer both buy family memory enjoy us ground room training enter loss.,,4.0,Closed
INC-00300,SITE-002,2024-07-26,Equipment Failure,Low,89.8,Present thousand forget brother kind two professor unit might prepare future.,Third-party Damage,8.1,Open
INC-03981,SITE-002,2026-03-19,Equipment  Failure,Low,79.1,Reality religious environment choose learn stage late pretty any mission right.,Sensor Malfunction,4.1,Open
INC-03880,SITE-006,2026-05-10,,Critical,43.3,Organization central agency choice organization expect information debate rest clearly first personal hour.,,4.9,Open
INC-02946,SITE-002,2025-04-04,Leak,low,92.5,Line moment pick argue behind.,,1.2,Open
INC-01789,SITE-006,2026-04-13,Leak,Medium,85.4,Wear cover support seek easy political her short food street item no soldier recently action focus job raise.,Corrosion,13.8,Under Investigation
INC-00219,SITE-001,2025-02-02,equipment failure,Low,91.1,Operation say assume inside.,Material Fatigue,7.2,Open
INC-02435,SITE-005,2024-12-21,Near Miss,Medium,87.6,No outside language product book blood successful.,Corrosion,5.6,Under Investigation
INC-05304,SITE-003,2025-02-18,Spill,Medium,77.7,Stock up bed activity attention certain never provide standard machine water above arm vote responsibility material.,Sensor Malfunction,4.9,Open
INC-04621,SITE-001,2026-08-29,leak,Low,79.9,Red another in cause check.,Corrosion,14.1,Under Investigation
INC-00394,SITE-003,2024-10-25,Spill,CRITICAL,28.9,Hour amount everybody first member decade happen car green picture analysis course between though weight cut.,Valve Failure,2.7,Open
INC-03556,SITE-001,2024-07-30,Leak,Lo,89.9,Writer understand girl indicate morning enough enter activity task he window phone.,Material Fatigue,8.2,Under Investigation
INC-00873,SITE-001,29-Sep-2025,Near Miss,Medium,67.9,Meet follow commercial meeting provide phone human by standard modern prevent condition identify how identify lawyer audience.,Corrosion,7.4,Closed
INC-04935,SITE-002,2024-06-14,Equipment Failure,Medium,74.1,Plant across throughout TV bar outside.,Third-party Damage,2.1,Open
INC-02899,SITE-005,2025-05-26,Near Miss,High,55.8,Institution minute subject authority prove southern small.,Operator Error,2.1,Open
INC-02137,SITE-002,2025-11-19,Leak,Medium ,80.1,Market blood continue human field key human democratic reach whether season focus lay seven provide loss often.,Material Fatigue,5.8,Closed
INC-05044,SITE-005,2023-10-03,Equipment Failure,Medium,81.8,See station collection lay do key else debate toward benefit high avoid anyone interview rule material.,Corrosion,8.4,Under Investigation
INC-02838,SITE-001,2024-04-25,Fire,,80.0,Data start nation standard close station while sometimes PM current stage visit ever.,Sensor Malfunction,1.7,Open
INC-02857,SITE-002,2024-03-23,Fire,Low,87.8,Rest behind buy upon special never.,Valve Failure,2.6,Under Investigation
INC-03808,SITE-006,2024-12-20,Leak,High,37.5,Expect education challenge technology approach attention.,Operator Error,3.6,Closed
INC-03452,SITE-003,2023-08-31,Equipment  Failure,Critical,36.2,Require mind around similar under beat itself company job page father provide argue price go.,Sensor Malfunction,26.1,Under Investigation
INC-04639,SITE-002,2024-09-16,Near Miss,High,58.3,Note media understand see material white sound way drive place people whole sign ask stock necessary.,Material Fatigue,11.2,Under Investigation
INC-00697,SITE-006,2025-09-28,Equipment Failure,High,69.5,Together admit when century yet between public tax former long try American thousand.,Operator Error,8.3,Open
INC-02223,SITE-004,01-Mar-2025,Equipment Failure,Medium,76.5,Focus fact catch type bill just difficult know member ready power many as.,Material Fatigue,3.5,Closed
INC-04757,SITE-005,2024-08-16,Leak,Medium,82.8,Charge have study hospital all far water environment.,Corrosion,10.7,Closed
INC-02054,SITE-002,2025-02-25,Equipment Failure,Medium,74.1,Reflect compare information use generation day lot example enjoy.,Corrosion,10.0,Open
INC-03365,SITE-003,2023-10-11,Near Miss,Critical,39.7,Build power his ago party number artist rise blood financial exist arm.,Operator Error,4.0,Closed
INC-02239,SITE-005,2024-12-05,Fire,Medium,90.3,At according those method need PM per pay throughout author be work forget trade big time join culture.,Third-party Damage,5.1,Closed
INC-02286,SITE-005,2025-08-21,Equipment  Failure,Low,84.3,Hope media door stop almost edge evidence ground standard.,Operator Error,7.2,Open
INC-02694,SITE-001,2024-05-10,Leak,Critical,16.3,Admit shake probably data ok case.,Third-party Damage,12.8,Open
INC-02020,SITE-002,2023-08-09T00:00:00Z,Equipment Failure,High,49.1,Eye seat sport ready door behavior.,Valve Failure,9.5,Open
INC-04337,SITE-003,2025-01-22,spill,Critical,48.3,Provide near between perform arrive religious agency.,Material Fatigue,8.0,Under Investigation
INC-02329,SITE-005,2025-01-25,Leak,Medium,72.0,Myself manage build later goal choice ten power at employee.,Valve Failure,1.7,Closed
INC-04633,SITE-001,2026-03-05,Fire,High,104.0,Seat quality skill anything whether company bill but around design.,Valve Failure,7.5,Open
INC-05612,SITE-006,2026-06-06,FIRE,High,61.7,Region top ground sing notice.,,20.0,Open
INC-03637,SITE-002,2026-09-11,,High,63.6,Before throughout size fast collection listen pick myself since grow huge toward family billion meeting if owner really personal well.,Corrosion,1.7,Under Investigation
INC-04064,SITE-003,2023-08-28,Leak,Medium,74.1,Really real sport lead onto more under near.,Material Fatigue,7.1,Closed
INC-00220,SITE-004,06/15/2026,Near Miss,Medium,71.4,Tend media resource billion understand official may couple raise.,,2.8,Open
INC-01737,SITE-003,2025-10-03,Equipment Failure,Critical,46.0,Hour federal most phone such help their life area citizen hard.,Sensor Malfunction,7.7,Closed
INC-00877,SITE-006,2024-10-18T00:00:00Z,Spill,Medium,75.0,Focus decision red house class beat agent pick figure structure stand place daughter.,Third-party Damage,3.1,Closed
INC-03456,SITE-004,2025-08-19,Near Miss,Medium,70.6,Growth she home on front win huge market why traditional thus success.,,16.1,Open
INC-00974,SITE-006,02-Sep-2025,Fire,Low,85.9,Network world meet may through ahead will benefit amount which various history little page.,Operator Error,16.7,Open
INC-01676,SITE-006,08-Sep-2025,Spill,Critical,40.8,Next water participant may buy anyone wrong per enough name wait indicate capital.,Third-party Damage,11.7,Closed
INC-01455,SITE-006,31/01/2024,Leak,Low,80.1,Few effort range right buy fine protect capital have star discuss Mrs security tonight community.,Valve Failure,3.4,Open
INC-03429,SITE-003,2025-12-23,Equipment Failure,Medium,77.2,Great year left interesting tough sort her his out experience culture.,Material Fatigue,14.2,Closed
INC-00885,SITE-002,2026-01-07,Spill,Low,87.7,Stop operation line account list quite put officer.,,9.9,Under Investigation
INC-00788,SITE-002,2026-07-11,Fire,Lo,84.1,Model certain sign size well race start minute about age.,Corrosion,11.0,Under Investigation
INC-01469,SITE-003,2026-04-18,Fire,Crit,34.7,Fund law sort air though remember.,Sensor Malfunction,5.7,Open
INC-02059,SITE-003,2025-01-17,Leak,Critical,43.1,Use PM figure rule wide street professor window few really day every me.,Operator Error,7.4,Open
INC-01922,SITE-001,2023-08-28,Leak,High,62.6,Manage tonight enter story.,,19.7,Open
INC-02675,SITE-005,2026-01-16,Equipment Failure,Low,88.2,Record return want such middle play fund skill prevent support discover nation they identify.,Operator Error,5.8,Closed
INC-03095,SITE-006,2025-12-12,Spill,High,49.7,Along stand collection edge fill situation white on.,,12.4,Closed
INC-03847,SITE-004,2024-08-04,Equipment Failure,Medium,83.3,Sell she guy property into writer treatment home hair smile option leave the become type example commercial.,Valve Failure,8.4,Open
INC-04859,SITE-006,2024-10-10,Leak,Low,91.5,This effort whom but sense have new trial total beat loss name check section language let.,Valve Failure,8.1,Under Investigation
INC-04395,SITE-004,2024-06-16,Equipment Failure,Low,96.2,Agreement near bank yard.,Sensor Malfunction,3.9,Closed
INC-02696,SITE-003,2025-06-04,Equip. Failure,Medium,61.8,Six whole program move executive our now.,Operator Error,9.0,Open
INC-03185,SITE-003,2025-07-29,Leak,High,67.4,In traditional yourself program fast while mention stand tree.,Third-party Damage,5.1,Closed
INC-00044,SITE-004,02/16/2024,Equipment Failure,Low,86.2,Although guy job admit.,Third-party Damage,5.3,Under Investigation
INC-00442,SITE-006,2026-01-21,Leak,HIGH,55.1,Pull eight speech stock simply food close white.,Third-party Damage,11.8,Closed
INC-02036,SITE-004,2024-05-21,,High,55.5,Late nearly your our order.,Corrosion,13.9,Under Investigation
INC-04948,SITE-002,2024-08-07,,Low,81.6,Above during three make last best room very thus see offer ask radio car.,Corrosion,14.2,Under Investigation
INC-02205,SITE-004,2024-04-02,Spill,Critical,43.1,Between loss star exist eye research gas source this.,Third-party Damage,4.6,Closed
INC-00188,SITE-006,2026-01-09,Equipment Failure,Low,87.9,Great senior bring mother music attorney there.,Material Fatigue,4.8,Closed
INC-05133,SITE-001,2025-05-13,Leak,Medium,104.0,Would enjoy firm too price old wrong decide much.,Valve Failure,6.7,Under Investigation
INC-00067,SITE-006,2026-03-10,Near Miss,High,60.8,Wear somebody be history front set none safe yes buy try.,,2.4,Closed
INC-04195,SITE-006,12/21/2023,Fire,Medium,83.3,Remain per meeting day few raise page spring camera attack thousand only quality building.,Material Fatigue,11.7,Closed
INC-01097,SITE-006,2026-03-24,Leak,High,47.4,Determine enter notice sign my site.,Operator Error,13.2,Closed
INC-01747,SITE-005,2025-01-17,Equipment Failure,Medium,75.3,Ready say yard three degree college rate design difference.,Operator Error,7.5,Closed
INC-04531,SITE-002,2025-09-20,Equipment Failure,Medium,67.5,Put radio win note like between manager father anything ground.,Corrosion,10.7,Open
INC-04841,SITE-003,2025-04-16,Spill,high,71.7,Describe theory drive animal.,Third-party Damage,0.7,Under Investigation
INC-00855,SITE-003,2026-07-24,Leak,High,50.6,According then wife drop perform everything anything four collection play drive choice arrive degree appear customer often debate break.,Operator Error,1.2,Closed
INC-04479,SITE-003,2025-10-08,Leak,High,62.5,Health north paper report wear mission explain meeting.,Material Fatigue,5.9,Closed
INC-02697,SITE-004,2025-05-17,Leak,High,60.7,By wish base meeting write sort house laugh federal form during indicate I up between.,Operator Error,7.4,Under Investigation
INC-00023,SITE-003,2023-11-21,Near Miss,crit,29.6,Goal development place ten sea condition candidate character interview almost.,Material Fatigue,7.1,Open
INC-01066,SITE-002,2025-06-02, spill ,Critical,61.2,Question along state family away benefit program responsibility.,,17.7,Open
INC-05287,SITE-001,2026-02-23,Fire,Medium,81.8,Daughter speech mean everything hand beautiful present activity nation take institution get tough decision language less radio.,Valve Failure,9.2,Closed
INC-01617,SITE-001,02/09/2026,Leak,Low,83.7,Billion animal nature figure wind she sort benefit myself another door current.,Material Fatigue,7.9,Under Investigation
INC-03806,SITE-003,2026-06-27,Near Miss,Critical,46.2,Time skin politics try discover though white talk under up start perhaps effect yard design card difference then experience building.,Sensor Malfunction,11.2,Under Investigation
INC-02003,SITE-004,2024-04-02,Equipment  Failure,Low,87.7,Job mission represent our network true trade skill mention five strategy heavy article main quite few line.,Corrosion,0.9,Under Investigation
INC-00632,SITE-006,2024-01-14,Spill,Critical,48.7,Stand mission center assume suffer list direction her not.,Operator Error,9.0,Open
INC-02861,SITE-001,2024-12-21,EQUIPMENT FAILURE,Low,92.9,Season task avoid many wind pay conference worry arrive blood sense.,,2.0,Open
INC-03549,SITE-001,17/07/2024,Near Miss,low,87.4,Under and politics machine each certain though open.,Valve Failure,2.9,Open
INC-03335,SITE-006,2023-09-10,Spill,High,47.8,Level when employee share her practice exist realize store.,Third-party Damage,8.2,Under Investigation
INC-00536,SITE-003,2026-01-07,Fire,Medium,72.8,Return resource few including themselves.,Material Fatigue,5.3,Open
INC-00796,SITE-002,2024-08-05,Spill ,Medium,59.9,Hold operation local friend end what character worry in without.,,15.0,Closed
INC-01572,SITE-006,2025-03-05,Fire,Critical,55.7,Meeting name maybe admit book attorney civil military cell test.,Operator Error,7.0,Under Investigation
INC-04019,SITE-001,2023-08-28,Equipment Failure,High,56.3,Federal professional attorney you involve across term natural.,,5.9,Open
INC-05749,SITE-006,2024-09-14,,High,53.1,Break difficult bar defense meet.,Corrosion,10.8,Under Investigation
INC-02181,SITE-006,2024-03-06,Equipment Failure,High,67.5,Wind first able relate fall.,Sensor Malfunction,16.1,Closed
INC-05587,SITE-003,2024-04-11,Spill,Critical,27.3,Sure charge author sense more control own pick scene her eye region.,,9.2,Closed
INC-00583,SITE-001,2024-09-25,,Medium,70.5,Safe family these here heart receive agree.,Material Fatigue,15.9,Closed
INC-03303,SITE-005,2026-05-15,Fire,High,50.1,Happy common speech last present hospital security style health career important.,Corrosion,4.5,Closed
INC-04898,SITE-004,2026-06-28,Leak,High,54.8,Recently drug especially pressure professional play hold help across what adult state reach police exactly break serious age.,Operator Error,8.7,Under Investigation
INC-00617,SITE-004,2023-09-28,Near Miss,Low,87.8,Truth black prevent police have all discuss.,,14.5,Open
INC-03770,SITE-002,2024-09-16,Equipment Failure,High,47.7,Huge space power American moment alone everyone whom people generation follow claim simply activity meeting computer here father nation.,Third-party Damage,4.0,Closed
INC-03945,SITE-002,07-Nov-2025,equipment failure, medium,71.0,Resource understand too next seat best ready fill yourself address get interview.,Operator Error,5.5,Under Investigation
INC-02631,SITE-005,2026-05-30,Near Miss,Medium,75.3,Much almost how bit leave happy indicate than rule actually main especially quite if.,Material Fatigue,8.6,Open
INC-00286,SITE-001,2026-01-15,Leak,Low,85.9,Space community bit three coach.,Material Fatigue,9.6,Open
INC-02249,SITE-002,09/03/2025,Near Miss,Low,85.2,Oil not everything third and camera exactly character my writer paper.,Third-party Damage,4.5,Under Investigation
INC-02039,SITE-006,2025-08-04,Spill, High,104.0,Likely plan central power through rest effect reach imagine eye in.,Corrosion,5.6,Under Investigation
INC-05077,SITE-004,2024-08-31T00:00:00Z,Fire,Medium,77.6,There tree important cup never space once.,Sensor Malfunction,17.9,Under Investigation
INC-01339,SITE-006,2024-10-09,,Medium,85.8,Yet purpose scene husband.,Third-party Damage,15.5,Open
INC-04369,SITE-001,2025-10-19,Near Miss,,61.8,Visit with may continue western or.,Third-party Damage,16.1,Open
INC-04359,SITE-006,2026-04-29, Leak,Critical,34.0,Traditional name together force entire add range.,Corrosion,8.6,Open
INC-03127,SITE-005,2024-07-11, Leak,High,56.1,Exist everybody far need conference carry southern hear case end medical door mission apply.,Sensor Malfunction,16.8,Under Investigation
INC-00316,SITE-006,2024-04-05,Fire,High,56.3,Market teacher force future wrong according market service would.,,24.0,Closed
INC-00630,SITE-003,2025-03-28, spill ,High,80.1,Book professor specific push form like stage.,Third-party Damage,4.8,Closed
INC-04050,SITE-005,2024-09-10,Near Miss,Critical,33.4,Eye case section production point beat Republican.,Valve Failure,7.8,Closed
INC-01470,SITE-003,2024-11-04,Near Miss,Low,74.0,Policy poor pretty stop live later or main hair sure.,Third-party Damage,8.3,Open
INC-05449,SITE-003,2025-05-16,Equipment  Failure,,69.8,Space certain will surface consumer will hold level analysis exist.,Valve Failure,3.7,Open
INC-01021,SITE-003,2026-07-18T00:00:00Z,Fire,Medium,65.9,Cell stage court.,Material Fatigue,1.1,Under Investigation
INC-02885,SITE-001,2024-02-02,Equipment Failure,Low,92.3,You people enjoy lead themselves hotel police analysis.,Operator Error,22.1,Closed
INC-05441,SITE-001,2023-09-09,Equipment Failure,Low,96.8,Term media least total poor thought attack never with quickly seat eight.,Material Fatigue,2.9,Open
INC-04772,SITE-004,18/03/2025,Spill,Medium,58.4,Crime avoid young thus ball air stage tend here.,Operator Error,2.6,Closed
INC-03046,SITE-004,2026-07-03,Spill,Medium,67.3,Adult career such realize interesting affect security upon speak reason.,Valve Failure,20.5,Open
INC-02567,SITE-006,2025-11-04,Leak,Medium,73.4,Realize behind ready what account black push traditional end Democrat.,Operator Error,13.3,Closed
INC-00238,SITE-002,2026-04-13,Fire,High,58.0,Year detail top area use people reflect world group close just anything.,Third-party Damage,13.1,Under Investigation
INC-03316,SITE-005,03/17/2025,Leak,Medium ,82.0,Staff possible point boy piece assume happen.,Material Fatigue,0.6,Under Investigation
INC-04239,SITE-001,2025-10-10,Leak,Low,94.5,Save administration recognize by deep wonder.,Third-party Damage,4.7,Open
INC-04628,SITE-004,2024-11-15,Spill,Medium,89.9,All movement increase son consumer within far staff dark environment writer.,Operator Error,13.3,Open
INC-03801,SITE-004,2025-05-08,Fire,Low,89.3,Door whatever reality before week later bank always glass would.,Valve Failure,6.1,Under Investigation
INC-01592,SITE-002,10/17/2024,Equipment Failure,Medium,65.1,Trouble seat despite identify Republican shoulder low remain draw store us nice.,,12.1,Under Investigation
INC-00272,SITE-006,2026-03-08,Leak,,47.0,More list form term according week maintain fill purpose.,Corrosion,12.2,Under Investigation
INC-01574,SITE-006,2024-10-05,Leak,Low,87.0,Recently now example account plan key author officer through opportunity sense of represent trade even itself.,Corrosion,10.5,Open
INC-03254,SITE-005,2024-11-02,Near Miss,low ,93.1,Free culture brother stand course billion.,Valve Failure,3.4,Open
INC-00762,SITE-006,2026-05-31,Equipment Failure,Medium,77.2,Leader team likely allow treat.,Sensor Malfunction,10.6,Open
INC-02174,SITE-003,2024-09-27,Near Miss,Critical,47.0,Easy compare involve various believe head how technology rock appear.,Sensor Malfunction,3.2,Under Investigation
INC-04219,SITE-001,09/04/2026,Fire,Low,92.3,Pressure suddenly effort keep second fast join second establish picture head money.,Valve Failure,1.5,Closed
INC-03508,SITE-001,2023-11-29,Fire,Medium,84.2,Surface citizen fire left produce without.,Third-party Damage,5.7,Open
INC-05951,SITE-004,2024-11-02,Spill,Medium,83.0,Learn full meeting time opportunity dinner before term.,Operator Error,6.7,Open
INC-01346,SITE-005,2026-05-29,Spill,Low,97.1,When behind wide summer especially easy you along sense six door.,Valve Failure,1.8,Open
INC-05834,SITE-003,2026-05-19,Spill,High,48.0,Keep eat before say.,Valve Failure,26.4,Under Investigation
INC-05986,SITE-004,2024-02-21,Near Miss,Low,82.7,Gas before issue quality major president drug everything.,Operator Error,9.5,Closed
INC-01327,SITE-002,14/09/2023,Fire,High,72.8,Military trouble although whatever radio themselves wrong.,,4.8,Under Investigation
INC-03735,SITE-004,2024-05-20,Near Miss,High,68.7,Seem their cultural blood wide so.,Sensor Malfunction,8.4,Closed
INC-03600,SITE-005,2025-02-04,Leak,Medium,73.8,Manage wrong small assume wonder public.,Operator Error,5.3,Under Investigation
INC-03291,SITE-003,2025-01-14T00:00:00Z,Near Miss,Low,97.0,The usually issue sport entire send challenge operation pull south reason much.,Valve Failure,1.3,Closed
INC-02655,SITE-006,2025-03-03,LEAK,Low,86.5,Operation understand avoid walk chair market read economic.,Third-party Damage,17.9,Closed
INC-00080,SITE-006,2025-08-26,Equipment Failure,Medium,76.7,Difficult impact various call able establish identify yet.,Operator Error,1.0,Open
INC-03032,SITE-003,2025-05-23,Spill,Medium,54.0,After skin the guy return also week.,Sensor Malfunction,6.0,Closed
INC-05565,SITE-002,2024-02-21,Spill,Low,92.4,State watch figure stay growth role remember meeting.,Material Fatigue,18.5,Under Investigation
INC-02436,SITE-005,2025-01-13,Equipment Failure,Low,85.5,Impact go respond provide would space husband thank decade just director.,Operator Error,5.7,Closed
INC-05150,SITE-003,2023-10-15,Equipment Failure,Med,71.5,Realize travel strong involve article.,,0.4,Closed
INC-00572,SITE-003,2025-03-06,Spill,crit,-12.3,Measure pay point cold information development since.,Corrosion,5.1,Open
INC-00438,SITE-002,2025-01-13,,High,61.7,Card person because partner Mrs name.,Corrosion,6.2,Under Investigation
INC-02069,SITE-006,2024-06-30,Spill,High,73.3,Look collection individual artist teach Mr none best director most include site garden among.,Material Fatigue,20.3,Under Investigation
INC-01497,SITE-005,2025-02-03,Near Miss,Medium,71.1,Manage baby third leader entire study half administration.,Corrosion,3.8,Under Investigation
INC-03920,SITE-006,2026-04-17,Leak,Medium,84.6,Source decade happy any rather on poor certainly choose interest husband shake together write stand ten choose former produce.,,2.0,Open
INC-04944,SITE-006,11/26/2023,Near Miss,HIGH,60.9,Direction start special make compare light something drug available.,Material Fatigue,4.1,Under Investigation
INC-04779,SITE-003,2025-05-30,Leak,Critical,31.9,Friend hot collection song point also bring.,Valve Failure,3.1,Under Investigation
INC-01978,SITE-001,03/06/2024,Near Miss,High,68.8,Light investment ability born right war hundred difficult kind line talk save full believe business.,,6.2,Closed
INC-05412,SITE-005,02-Sep-2024,Equipment Failure,Critical,53.5,City he trade successful rate cause particular fish.,Third-party Damage,4.8,Under Investigation
INC-04577,SITE-003,2023-07-23,Spill,Medium,75.4,Everything like while early such edge force happen series wonder particular pass.,Operator Error,4.6,Under Investigation
INC-05207,SITE-002,2023-11-26,Near Miss,Medium,76.0,Lawyer box by executive spend clear no environmental tough perform state middle.,Operator Error,11.3,Under Investigation
INC-01535,SITE-001,2024-05-28,Near Miss,Medium,71.2,Nor list let walk always door indeed want future agreement attention least late hope scientist paper direction four class.,Valve Failure,7.9,Closed
INC-02058,SITE-004,26-Oct-2024,Spill,Medium,74.7,Age good although agreement college court century simple local ready father improve enough ability.,Third-party Damage,4.6,Open
INC-01941,SITE-006,2026-06-18,Spill,Critical,39.7,Foot mission writer position success citizen seat ten different like win beat middle.,Material Fatigue,3.9,Open
INC-04792,SITE-005,2025-11-21,Equipment Failure,LOW,87.5,Number each business wall capital dinner involve which language agent save avoid authority range green test.,Corrosion,1.1,Open
INC-00337,SITE-001,28-Mar-2025,Fire,Medium,84.5,So property word provide manager second detail reveal stop skin win same a eat television.,,7.5,Open
INC-04850,SITE-002,2025-04-24,Leak,Low,97.4,Show central success truth media case gun necessary.,Third-party Damage,2.7,Open
INC-02937,SITE-004,2024-09-02,Near Miss,Low,92.1,Speech radio determine hard test most plan mention.,,15.4,Closed
INC-04433,SITE-005,2026-02-19,Equipment Failure,High,61.0,Own shoulder maintain security maintain student writer moment.,Material Fatigue,3.8,Closed
INC-02716,SITE-001,2024-03-04,fire,High,45.7,Long ok physical data collection east hand both never some specific ahead he road young model business begin.,Valve Failure,2.9,Closed
INC-04680,SITE-004,2025-08-22,Spill,Medium,77.0,Conference consider somebody suffer when likely bar.,Corrosion,2.3,Open
INC-00701,SITE-003,23/08/2023,Leak,High,73.6,Beat our myself girl.,Material Fatigue,6.8,Closed
INC-00371,SITE-004,2026-07-05,Near Miss,High,55.2,Mrs determine seek state raise apply responsibility bank maybe check about.,,3.4,Open
INC-01944,SITE-004,2024-01-03,Equip. Failure,High,62.3,Operation memory light source spring woman I room talk option.,,2.1,Closed
INC-02144,SITE-001,2024-12-16,Spill,low,90.0,Soon since out success mother.,,1.2,Closed
INC-01386,SITE-001,2025-04-30,Leak,,82.0,South real industry necessary reason identify amount right.,Third-party Damage,5.3,Open
INC-01006,SITE-004,2024-06-15,Fire,Medium,70.3,Remain camera white modern occur suddenly relate product product board include price mission.,Valve Failure,7.6,Open
INC-00579,SITE-004,2026-08-11,Spill,Medium,72.2,Individual far anything art partner base suffer call everything board forward environment wait daughter consumer student owner former.,Operator Error,10.3,Under Investigation
INC-00064,SITE-006,2026-01-02,Fire,High,59.6,Official nature miss north protect have test.,Corrosion,12.8,Under Investigation
INC-05426,SITE-005,2025-10-31,Spill,Low,85.5,Now fund see citizen operation require score whole parent brother through tend pretty remain structure way customer include our.,Valve Failure,12.7,Open
INC-01770,SITE-002,2026-06-25,Leak,Low,78.9,Place crime half open scientist change impact country.,Third-party Damage,6.9,Closed
INC-05299,SITE-004,2024-01-05,Leak,Medium,77.2,True heart budget here like approach identify dark really religious positive information.,Material Fatigue,7.1,Open
INC-03035,SITE-001,2026-01-29,Spill,Medium,115.7,Military hospital who consider world whose interesting.,Material Fatigue,4.1,Open
INC-02111,SITE-001,2024-05-21,Leak,High,50.4,Do system piece reveal country difference trip charge.,Sensor Malfunction,5.8,Closed
INC-04786,SITE-003,2025-08-19,Near Miss,High,49.2,Catch main hour right true company.,Material Fatigue,6.3,Under Investigation
INC-04364,SITE-004,2026-04-13,Equipment Failure,High,53.6,Eye ball often without least fly like skill popular action three between animal paper institution sometimes.,Sensor Malfunction,6.6,Closed
INC-01189,SITE-004,2025-11-27,Fire,Lo,88.2,Blue may reason support reason series choose station hair.,Valve Failure,18.7,Closed
INC-04041,SITE-002,2024-03-19,Near Miss,Critical,35.5,Audience officer draw win including smile act.,Third-party Damage,3.6,Closed
INC-04600,SITE-006,2025-01-04,Fire,Med,71.6,American myself take agreement director stock simply bar environment land ability.,,5.2,Open
INC-02769,SITE-006,2025-01-06,Fire,Critical,43.6,Gun tend yourself always serious.,Material Fatigue,15.5,Under Investigation
INC-00041,SITE-002,2024-11-09,Near  Miss,Medium,76.2,Down drug indicate affect dark claim.,,1.9,Under Investigation
INC-01873,SITE-003,2025-03-25,Equipment Failure,Low,97.0,Difference low for grow language budget peace our.,Corrosion,21.6,Under Investigation
INC-05728,SITE-006,2024-01-04,Equip. Failure,High,55.7,Law brother break ok cut organization business firm speech.,,7.4,Under Investigation
INC-01774,SITE-005,2026-10-18,near miss,High,67.1,President boy yard center fine hundred media message pass claim notice too million size style.,Valve Failure,3.1,Open
INC-03563,SITE-001,2023-11-03,Near Miss,Low,79.4,Store either already yard meet until sign use give put front stay hold TV.,Third-party Damage,3.8,Under Investigation
INC-00102,SITE-004,2025-01-03,Equipment Failure,Low,97.6,Partner staff reach often culture hard behavior task case rich professional take reality short middle kitchen exactly.,Corrosion,5.6,Closed
INC-02662,SITE-002,2026-04-18,Equipment Failure,Hi,76.9,Seven detail develop door foreign daughter apply instead different pull modern.,Corrosion,1.3,Closed
INC-04193,SITE-002,2024-01-14,Near Miss,Low,83.7,Owner run past prepare describe political.,,7.2,Under Investigation
INC-03090,SITE-002,2024-01-14,near miss,High,54.8,Quickly car head without instead push company fact spring budget wonder arm.,Material Fatigue,8.4,Under Investigation
INC-05014,SITE-002,2025-10-11,Fire,,46.1,Improve yeah go order control up perform budget at service drug call describe accept seem general fine.,Corrosion,3.3,Under Investigation
INC-00733,SITE-003,2026-07-09,Leak,Medium,77.3,Off analysis turn current green responsibility son American serve office pattern.,Operator Error,3.7,Under Investigation
INC-04081,SITE-001,2024-01-03,Spill,Medium,77.1,I other believe dog father form dinner.,Third-party Damage,14.1,Closed
INC-05516,SITE-004,2026-04-22,Equipment Failure,HIGH,77.8,Adult among determine last both attention nature sing professional.,Sensor Malfunction,3.7,Closed
INC-02578,SITE-003,2025-05-12,Fire,Critical,36.4,Ever thing none art training for resource TV certainly.,Sensor Malfunction,5.8,Open
INC-00833,SITE-003,2025-09-13,Oil Leak,High,70.3,State current heavy analysis not particular medical material turn lawyer fall later throw heavy police somebody month tax whole believe.,Operator Error,6.0,Under Investigation
INC-02298,SITE-005,2024-11-22,Leak,Medium,82.2,Movement these magazine various of happy charge notice grow.,Sensor Malfunction,3.9,Under Investigation
INC-02410,SITE-003,2024-02-18,Spill,Critical,48.9,Experience natural difficult past.,Sensor Malfunction,13.1,Under Investigation
INC-01989,SITE-001,2023-08-27,Near Miss,Medium,63.7,Save long responsibility care service accept training.,Valve Failure,7.8,Open
INC-02767,SITE-001,2023-08-01,Fire, medium,76.7,Summer few sister toward home science rock open health.,Material Fatigue,17.6,Under Investigation
INC-05352,SITE-005,2024-01-18,Fire,High,55.8,Side teach environmental woman city.,Valve Failure,8.0,Closed
INC-05401,SITE-006,2024-03-09,Spill,High,55.6,Look center well size difficult every age recent.,Material Fatigue,25.1,Open
INC-00372,SITE-004,04/09/2023,Near Miss,CRITICAL,36.4,Allow memory television term generation within study former clearly.,Sensor Malfunction,8.5,Open
INC-04202,SITE-005,2025-06-24T00:00:00Z,Fire,Medium,79.5,Science reduce teach plan child kitchen fire.,Valve Failure,5.3,Under Investigation
INC-02238,SITE-003,19-Aug-2023,Fire,Critical,47.9,Guy car call floor meet at.,Third-party Damage,2.8,Closed
INC-05582,SITE-001,2025-10-28,Near Miss,Low,85.5,Long billion sister truth attorney beat cover generation former ten light many hundred state agency should agent among three.,,5.7,Under Investigation
INC-03969,SITE-005,11/09/2024,Near Miss,Critical,33.2,Summer pattern half agree leave picture part feeling them change resource here.,Corrosion,1.0,Open
INC-02477,SITE-005,2024-03-29,Near Miss,High,62.9,Song able exactly different under.,Corrosion,2.0,Closed
INC-05717,SITE-003,2026-05-07,Equipment Failure,Medium,68.7,And lawyer partner anything difference different citizen care.,Material Fatigue,5.8,Open
INC-01602,SITE-002,2023-12-13,Near Miss,Medium,78.8,Entire form everyone suggest oil building.,Corrosion,2.8,Closed
INC-04856,SITE-004,2025-04-28,Near Miss,Medium,78.9,Heart easy project turn kid herself bar.,Material Fatigue,9.6,Closed
INC-03540,SITE-003,14/02/2024,Leak,Medium,68.1,No fear energy administration ago answer interesting fund number church suddenly.,Valve Failure,5.9,Under Investigation
INC-01814,SITE-004,06-Aug-2023,Near Miss,Critical,70.3,Down month science move executive instead approach focus lay develop.,Operator Error,8.6,Closed
INC-01059,SITE-005,2025-11-07,Leak,Low,98.6,Bank individual kid when forget star type.,Corrosion,1.7,Closed
INC-04765,SITE-001,2023-08-29T00:00:00Z,Fire,Low,86.7,Someone focus across well design foreign decision attack raise hold value let court Congress democratic week kind.,,14.5,Open
INC-04537,SITE-004,2024-08-02,Fire,Low,80.1,Clearly down time doctor physical he.,Valve Failure,13.4,Under Investigation
INC-00163,SITE-006,2026-09-17,Equipment Failure,High,59.7,Design left likely possible yes player boy people kid live skin instead our.,Operator Error,6.3,Closed
INC-01303,SITE-001,23-Feb-2025,Near Miss,MEDIUM,61.8,Huge discuss type idea thing fine pass mission join.,,6.7,Under Investigation
INC-03510,SITE-004,2026-09-04,Leak,Low,86.9,Give support read special drug.,Material Fatigue,9.1,Closed
INC-05697,SITE-002,2024-07-09,Near Miss,Crit,62.4,Act pull space tough others never actually simple hair professional follow base wonder.,Corrosion,7.9,Under Investigation
INC-01047,SITE-001,2026-05-25,Fire,Medium,78.5,Cell coach rise need.,Material Fatigue,4.0,Under Investigation
INC-00764,SITE-006,2025-11-06,Equipment Failure,High,60.6,Stuff story concern exactly take future.,Sensor Malfunction,2.5,Closed
INC-02475,SITE-003,2024-02-17,Leak,High,66.5,Career prepare old.,Sensor Malfunction,4.2,Under Investigation
INC-03610,SITE-005,13-Aug-2024,Equipment Failure,Medium,68.9,Cup arrive in dark suggest must citizen serious capital.,Material Fatigue,11.3,Open
INC-01998,SITE-003,2023-11-09,NEAR MISS,Critical,26.8,Although production if you throughout.,Sensor Malfunction,14.8,Open
INC-04485,SITE-004,2026-03-10,Spill,High,55.6,Food morning west without nothing term of price truth amount cause.,Operator Error,10.4,Under Investigation
INC-04267,SITE-003,2025-03-30,Leak,Lo,87.4,Rock sell approach hundred what only.,,1.3,Open
INC-00789,SITE-002,2024-05-16,Leak,Low,91.2,Own Mr into agency institution know.,Operator Error,1.6,Closed
INC-04939,SITE-001,2026-07-20,Fire,Critical,55.4,Up computer blood learn heart tree once degree represent responsibility.,Operator Error,11.6,Open
INC-01630,SITE-004,2025-01-30,Spill,High,69.3,Floor increase safe party thing send long left give glass cold.,Third-party Damage,9.5,Under Investigation
INC-01798,SITE-005,2026-02-19,Near Miss,Medium,86.9,Safe power culture age Mrs cup hot people husband walk health as small admit attack.,Operator Error,5.8,Under Investigation
INC-01400,SITE-001,2025-02-26,Equipment Failure,Medium,75.5,Skill station seven mention police bring than major on wife put business growth still.,Third-party Damage,6.2,Under Investigation
INC-02279,SITE-004,2025-02-19,Near Miss,Low,84.3,Challenge return artist marriage do follow cup before treat.,Corrosion,8.3,Closed
INC-01483,SITE-002,2025-04-27,near-miss,Critical,31.2,Behind support cell anything past institution war traditional baby born break up religious almost.,Corrosion,8.1,Under Investigation
INC-04437,SITE-005,2025-02-08,Fire,Medium,77.0,Provide recent position black nice entire.,Sensor Malfunction,2.8,Closed
INC-04794,SITE-003,2024-06-01,Spill,Medium,80.5,Four hospital none child financial prove.,Corrosion,9.5,Closed
INC-04463,SITE-006,2023-11-02,Spill,Low,78.9,Challenge card recognize wrong final candidate although let through.,Corrosion,7.6,Closed
INC-04218,SITE-005,2023-11-11,Equipment Failure,LOW,88.1,Let less reveal can building success.,Operator Error,4.2,Closed
INC-00469,SITE-003,2024-08-14T00:00:00Z,Equipment Failure,Critical,37.4,Conference stage anything form hotel trial employee can according relationship may happen tell.,Sensor Malfunction,5.8,Closed
INC-02499,SITE-006,2024-10-17,Leak,,88.7,Style rich size because factor claim purpose building assume shoulder everything service amount wish project who.,Operator Error,6.5,Open
INC-05841,SITE-006,2026-09-18,Near Miss,High,76.9,Need boy soldier less production.,Operator Error,11.4,Open
INC-01819,SITE-006,2025-09-05,Leak,High,46.8,Unit car training street community rock since rise heart question east employee.,Sensor Malfunction,4.1,Closed
INC-04707,SITE-001,28/01/2025,Near Miss,low ,86.4,Magazine you father activity city herself me.,Sensor Malfunction,4.2,Open
INC-00454,SITE-004,2025-04-27,Spill,Medium,78.4,Travel kitchen sign west none admit section.,Material Fatigue,8.3,Under Investigation
INC-05850,SITE-006,2026-07-17,,Critical,55.9,Debate recognize improve somebody Republican.,,2.8,Closed
INC-03823,SITE-006,2025-10-08,equipment failure,High,64.5,Various different must particular school last remain radio mouth.,Valve Failure,4.0,Under Investigation
INC-03659,SITE-006,2023-07-25,Leak,Hi,67.5,Forget attorney month hundred guess.,Operator Error,5.1,Closed
INC-02490,SITE-004,2025-07-29,Near Miss,Critical,104.0,For provide understand team statement small director.,Third-party Damage,2.7,Under Investigation
INC-05858,SITE-003,2024-04-26,Equipment Failure,Medium,69.6,Western today action air rest actually surface.,Corrosion,5.2,Open
INC-01422,SITE-002,2026-05-13,,Medium,72.3,Fine hair six something local large.,Third-party Damage,2.4,Under Investigation
INC-05596,SITE-005,03/06/2025,Fire,Low,87.6,Bank boy current save agency part short country brother interest.,Operator Error,3.4,Open
INC-05627,SITE-006,2025-07-23,Leak,High,68.1,Just time certain company.,Material Fatigue,3.4,Closed
INC-05681,SITE-002,2024-02-18,Near Miss, High,42.1,Not significant should star car certain add.,Material Fatigue,6.8,Open
INC-03979,SITE-003,2026-02-15,Leak,high,77.5,Four trade civil senior pay place industry young your season still.,Material Fatigue,4.7,Closed
INC-00844,SITE-003,2024-04-23,Spill,Medium,90.8,Short positive teach religious husband approach.,Valve Failure,11.2,Open
INC-02596,SITE-004,2024-08-10,Equipment Failure,Medium,150.0,Arrive be which cell also idea prevent policy degree everything agency the single television style.,Sensor Malfunction,8.2,Open
INC-01019,SITE-003,2024-12-16,Spill,Medium,74.0,Take stand want either act school bad board seek can author group.,Sensor Malfunction,5.2,Closed
INC-04594,SITE-003,2023-11-08,Near Miss,Medium,87.7,Your meeting effect employee walk day energy approach sign nature development bed total next health discover.,Operator Error,4.0,Closed
INC-03774,SITE-004,03/08/2025,Equipment Failure,Low,99.4,Different road issue two maybe.,Sensor Malfunction,4.8,Closed
INC-04967,SITE-006,23-Mar-2024,Leak,High,66.8,Political degree director table pick trade understand since fly follow each could serve.,,3.4,Open
INC-02834,SITE-001,2025-08-08,Fire,,80.7,Development manager tough know benefit trial system first.,Corrosion,0.4,Closed
INC-02308,SITE-006,2024-05-02,Leak,Medium,74.2,Still scene woman direction people media again their movie fact rule practice.,Third-party Damage,12.1,Under Investigation
INC-02538,SITE-002,04/17/2025,Equipment Failure, Critical,56.0,International professional form prove toward involve career by week.,Sensor Malfunction,15.6,Open
INC-05418,SITE-004,2024-02-06,Spill,,96.7,Similar one start perhaps today fight ask source throw prove report other several last someone.,,5.3,Closed
INC-05700,SITE-006,2025-09-05,Equipment Failure,Critical,52.9,Seem receive that likely activity fund interest task player right politics much social main early.,Corrosion,4.7,Closed
INC-03871,SITE-006,2025-02-17,Spill,High,64.5,Above I land develop draw center world range outside Congress black share spring have usually various use building.,Valve Failure,6.1,Closed
INC-05172,SITE-005,2024-01-20,Spill,medium,84.3,Citizen you hair service education.,,7.9,Under Investigation
INC-04181,SITE-002,2026-01-16,Fire,medium,77.8,Institution cultural world responsibility type along spring occur.,Third-party Damage,13.6,Under Investigation
INC-03685,SITE-002,2024-11-04,Equipment Failure,Low,98.3,Get wish national firm answer young rather nation meeting director peace.,Corrosion,3.2,Closed
INC-00934,SITE-005,2025-04-18,Near Miss,High,66.5,Sit book but road institution between clearly which expert strong employee.,,5.3,Under Investigation
INC-04040,SITE-004,2024-05-19,Near Miss,Low,87.5,Player choice either will ground.,Corrosion,11.7,Closed
INC-02381,SITE-004,2024-03-19,Equipment Failure,Medium,77.7,Him sea speech so forward popular care learn.,Sensor Malfunction,2.0,Under Investigation
INC-02307,SITE-001,2025-01-17,Equipment Failure,Medium,-0.5,However also employee quickly machine focus street.,Valve Failure,1.7,Under Investigation
INC-02155,SITE-006,2024-01-20,leak,High,57.5,Everybody bad paper fast during evening technology class after door feeling popular.,Operator Error,16.0,Under Investigation
INC-01514,SITE-003,2026-07-09,Leak,High,54.7,Wife parent today hold mean growth never.,,3.4,Open
INC-03673,SITE-006,09/10/2024,Near Miss,Critical,21.7,Say hair us newspaper who strategy wait parent billion will hope.,Sensor Malfunction,4.9,Under Investigation
INC-02141,SITE-002,2023-10-18,Near Miss,Medium,96.4,Final view fight dark have surface man speech safe find add suffer.,Third-party Damage,4.5,Under Investigation
INC-03040,SITE-006,2026-01-15,Near Miss,High,57.3,Fight hear beat decade.,Material Fatigue,10.1,Closed
INC-00012,SITE-004,2025-06-08,Fire,Low,87.6,My door use meet successful only sometimes suffer form seat certainly detail memory food police his.,Material Fatigue,5.6,Open
INC-01285,SITE-004,2025-08-24,Fire,Critical,55.8,Use explain wear mention left anyone learn paper page camera.,Valve Failure,5.9,Under Investigation
INC-05191,SITE-001,2023-08-15,near miss,,83.3,Big husband produce serve call lose road.,Corrosion,8.4,Under Investigation
INC-00818,SITE-006,07/07/2024,Equipment  Failure,High,67.3,Fire any first put receive guy pay serious.,Material Fatigue,3.3,Under Investigation
INC-03282,SITE-002,2024-10-03,Near Miss,Medium,70.3,Hair north arrive his teacher risk look child soldier character either.,Valve Failure,2.5,Under Investigation
INC-04210,SITE-004,30-Apr-2024,Near Miss,High,64.5,Term unit recently five interview style specific poor point.,,2.6,Closed
INC-00088,SITE-003,10/02/2024,Leak,High,74.1,Owner call might of agree American half suffer later particular environmental four former vote much military wife.,Valve Failure,2.9,Open
INC-05491,SITE-003,12/21/2025,Fire,High,50.5,Until manage try with nearly our sport me.,,5.2,Under Investigation
INC-01408,SITE-003,2024-04-17,Leak,High,68.9,Sense another most avoid worker but war particular suggest once spend meet school within likely discuss clear hospital energy.,Sensor Malfunction,7.0,Open
INC-03277,SITE-006,2025-11-20,Leak,Medium,69.4,Full miss way front assume interest majority already establish because ball area within do body area individual.,Operator Error,7.0,Open
INC-00919,SITE-004,2026-07-07,Equipment Failure,Low,95.9,Society cost news because part capital factor election also south behind several.,Third-party Damage,11.2,Closed
INC-00620,SITE-003,2023-09-17,Equipment Failure,,74.3,Per certain clear police manager throw green early adult.,Sensor Malfunction,12.0,Open
INC-00595,SITE-006,2024-09-07,Spill,High,64.5,Possible meet real will response record approach many and environment thought everyone answer movie trade.,Third-party Damage,3.5,Closed
INC-01635,SITE-003,2025-02-27,Near Miss,Low,87.2,Admit study three and far believe organization once left sign arrive.,,2.7,Under Investigation
INC-05761,SITE-005,04/11/2024,Leak,Medium,84.2,Century skin happen training pretty.,Valve Failure,19.6,Under Investigation
INC-03668,SITE-005,2023-11-10T00:00:00Z,Leak,Low,88.3,Source recognize finally black.,Material Fatigue,8.0,Closed
INC-01347,SITE-003,2023-12-03,Fire,High,48.8,Environmental make month lawyer evidence.,Material Fatigue,1.9,Under Investigation
INC-02689,SITE-004,2025-10-20,Fire,low,91.1,Chance design international will bank thing range could north.,Valve Failure,3.1,Closed
INC-04234,SITE-004,2025-10-02,Equipment Failure,Medium,79.4,Little discussion five wind how total song work several yourself media market include whom discover news.,Third-party Damage,6.3,Closed
INC-03962,SITE-006,2026-07-05,Spill,Medium,87.6,Identify fear mention campaign wish again.,Corrosion,2.7,Under Investigation
INC-02957,SITE-006,2026-06-23,Spill,LOW,79.9,Left concern nothing close form believe someone full.,Material Fatigue,5.7,Open
INC-03804,SITE-006,2026-06-25T00:00:00Z,Fire,Critical,52.8,Sometimes million hospital weight include physical attention but wear on participant forward live expect some evidence price.,,4.9,Open
INC-01498,SITE-002,2023-08-15,Equipment Failure,Low,74.5,Meeting again information especially hospital say these whom ten deep so four.,Sensor Malfunction,3.4,Open
INC-00777,SITE-003,01/03/2024,Leak,Critical,36.0,Push imagine capital service small ground you.,Operator Error,5.6,Under Investigation
INC-02147,SITE-002,2025-06-06,Leak,Low,91.7,For read figure really miss guess.,Valve Failure,12.0,Closed
INC-02548,SITE-003,2026-03-19,Spill,Medium,86.8,Give adult owner physical instead.,Valve Failure,11.3,Under Investigation
INC-01606,SITE-005,2024-01-24,Near Miss,High,51.3,World what once condition weight third.,Third-party Damage,1.0,Under Investigation
INC-00847,SITE-003,2025-10-27,Equipment Failure,Critical,42.4,Its various far heavy traditional wind field shoulder make feeling.,Valve Failure,9.0,Closed
INC-00136,SITE-004,2023-12-01,Equipment Failure,Low,93.0,Decide weight performance machine year increase meet.,Sensor Malfunction,10.6,Under Investigation
INC-02826,SITE-003,2024-12-17,Equipment Failure,Medium,74.1,They move wall always garden try.,,9.2,Open
INC-04268,SITE-004,2025-05-23,Leak,High,61.3,Office message up leave clear important throughout move visit talk.,Operator Error,2.9,Closed
INC-00353,SITE-003,2025-08-22,leak ,Critical,52.5,Woman however hot toward wear page produce now part.,Third-party Damage,4.6,Closed
INC-04925,SITE-001,27/03/2026,Equipment Failure,Low,88.8,Tonight oil vote how she benefit next knowledge whose minute language shake life where money it.,Operator Error,8.3,Under Investigation
INC-01190,SITE-001,2023-12-10,Equipment Failure,Lo,85.6,Than lead wear since investment catch so.,Sensor Malfunction,3.3,Closed
INC-04443,SITE-004,2025-02-19,Spill,Low,88.3,Within only American control yes party teacher information.,,2.8,Under Investigation
INC-04423,SITE-001,2025-11-20T00:00:00Z,Fire,Medium,92.8,Late chance especially daughter scene quite positive keep each officer same job.,Operator Error,8.7,Closed
INC-02929,SITE-004,2024-05-21T00:00:00Z,Equipment Failure,High,73.9,Name among rock record kid detail apply art kind go different change indeed message off western relate travel yourself.,,2.6,Closed
INC-00382,SITE-003,2024-05-31,Spill,High,71.9,Then factor that yet rise throughout teacher policy.,Third-party Damage,11.0,Closed
INC-04881,SITE-006,2024-08-15,Fire,High,56.2,Remember feel teach task attention news new company support hope investment project image size author.,Third-party Damage,12.2,Closed
INC-05842,SITE-006,2025-05-18,Leak,Critical,47.2,Bad successful despite play great party yes.,Operator Error,8.9,Closed
INC-04555,SITE-001,2023-11-15,Near Miss,Medium,59.8,Hotel effect hard follow laugh purpose me door picture go know discuss toward pattern million pass.,Third-party Damage,6.9,Open
INC-05075,SITE-002,2026-04-11,Equipment Failure,Medium,61.6,Sport itself forward employee above action late visit teacher major they.,Material Fatigue,6.0,Open
INC-04490,SITE-006,2024-10-21,Near Miss,Critical,38.4,Much wide family you off article contain indeed nation beyond natural good.,Operator Error,5.6,Under Investigation
INC-00700,SITE-002,2026-08-22,Spill,Medium,79.5,Add pay discuss system sister certain open door list hotel.,Valve Failure,5.1,Closed
INC-02449,SITE-004,2024-08-24T00:00:00Z,Near Miss, medium,60.1,Treat front factor prepare individual surface camera consider rather newspaper.,Sensor Malfunction,9.7,Under Investigation
INC-00533,SITE-004,2026-04-06,Near Miss,Low,80.3,Because protect study notice.,Third-party Damage,7.8,Open
INC-00050,SITE-006,2024-03-04,Spill,MEDIUM,53.1,Investment various chance because small appear sport scene development base general ever person cell.,Valve Failure,11.6,Open
INC-00621,SITE-002,2024-03-10,Fire,crit,29.1,Rock pay range scientist well politics purpose often.,Valve Failure,7.4,Closed
INC-01482,SITE-001,2024-08-11,Spill,Low,85.0,Different sing lead success idea mention field spend clear.,,9.2,Open
INC-04217,SITE-003,04/16/2026, spill ,Critical,54.6,Affect information matter figure live dark then compare believe either forget cover senior coach foot race huge forward on.,Valve Failure,2.7,Under Investigation
INC-00025,SITE-005,2026-04-05,Near Miss,Low,81.6,Industry play PM budget indicate find enter decade response suddenly billion live perform.,Sensor Malfunction,2.6,Open
INC-01463,SITE-004,2025-12-02,Near Miss,Medium,63.4,Deep miss could group PM less fly model career movie tax word.,Corrosion,8.6,Closed
INC-05682,SITE-006,2026-08-19,Near Miss,High,60.2,Thus decision manager wind machine a hard three with in spend interesting go son visit fire character according worker.,Sensor Malfunction,7.0,Open
INC-03184,SITE-001,02/23/2025,Equipment  Failure,,85.8,Instead represent before race home manage body continue.,Material Fatigue,4.6,Under Investigation
INC-02915,SITE-002,11/09/2023,Near Miss,crit,60.7,Capital century present operation recognize inside many operation budget just determine.,Sensor Malfunction,8.3,Under Investigation
INC-04984,SITE-006,2024-03-18,Spill,High,43.3,Might spring painting opportunity pick already might visit look.,Corrosion,16.7,Open
INC-00336,SITE-003,2026-04-18,LEAK,High,150.0,Hold sign something fly good any raise describe growth.,Valve Failure,10.8,Open
INC-02213,SITE-003,2026-09-30,Leak,Critical,26.2,Realize send company fish all another answer one laugh along.,Valve Failure,0.5,Closed
INC-04422,SITE-005,2023-11-01,Near Miss,Critical,60.9,Lead resource save accept item create senior bag right.,Sensor Malfunction,12.0,Under Investigation
INC-05170,SITE-003,2025-09-14,Leak,High,64.7,Next summer face rule property low help surface nearly enough.,Valve Failure,2.4,Closed
INC-02030,SITE-001,2026-04-10,Leak,Medium,79.7,Mother poor president laugh system theory.,Corrosion,8.8,Open
INC-04376,SITE-005,2025-10-30,Leak,Medium,78.6,Stand whatever summer total list term grow campaign increase always surface look measure already thus difficult inside.,Valve Failure,0.2,Closed
INC-00539,SITE-004,19/12/2024,Near Miss,Medium,78.6,Room material thank ago policy perhaps that rate floor draw enter.,Sensor Malfunction,2.0,Closed
INC-02789,SITE-005,2024-09-10,Leak,Low,91.6,Treat election already choose should debate beautiful poor about space grow since war they center once exist little age.,,1.8,Under Investigation
INC-01952,SITE-003,10/11/2025,Leak,High,66.2,Agent war pay Congress section per.,Third-party Damage,6.3,Open
INC-02109,SITE-003,2024-02-21,near miss,Critical,41.1,Floor sometimes dark feeling happy close.,Sensor Malfunction,10.8,Closed
INC-05659,SITE-004,2024-05-09,Leak,Low,85.3,Public full pick rise skill.,Third-party Damage,15.5,Closed
INC-01517,SITE-001,2023-10-23,Equip. Failure,Low,84.0,Something seat control mission laugh his election discuss suddenly guess area building section range pass information pretty item artist idea.,Material Fatigue,19.5,Under Investigation
INC-00941,SITE-004,2025-03-31,Equipment Failure,,75.6,Mention several development follow continue hear population drop action.,Third-party Damage,4.4,Closed
INC-05105,SITE-003,2023-08-26,Leak,High,64.1,Stop million student employee despite another manage.,,14.1,Closed
INC-00970,SITE-005,23/02/2026,Near Miss,Critical,37.0,Usually threat everything interest same despite method happen like win economy situation generation employee yes and.,Material Fatigue,11.1,Under Investigation
INC-05902,SITE-001,2025-08-25T00:00:00Z,Near Miss,Low,96.6,Executive effort including eight.,Corrosion,8.6,Under Investigation
INC-04049,SITE-004,2023-11-05,Spill,low ,88.4,Son option them fire include thousand Democrat Republican last truth.,Sensor Malfunction,5.7,Open
INC-00213,SITE-005,2025-08-10,Equipment Failure,High,47.2,Fund hour look yourself dog ago above special always apply.,Operator Error,19.9,Closed
INC-05800,SITE-001,2025-01-12,Fire,Low,90.0,Born they bar reality guess together.,Valve Failure,2.7,Closed
INC-01895,SITE-003,2026-04-17,Leak,Low,82.0,Wrong yard person whatever hear money start name rule future edge note out situation special phone morning story send.,Sensor Malfunction,4.6,Under Investigation
INC-00230,SITE-004,2026-07-17,Near Miss,Medium,83.2,Old sister nor under popular way interest kind carry.,Valve Failure,3.4,Closed
INC-04428,SITE-005,2023-09-18,Equipment Failure,Critical,22.7,Which design quality political sort democratic member deal share open.,Sensor Malfunction,0.8,Open
INC-01060,SITE-006,05/05/2024,Spill ,High,59.9,Bad final arrive deal to option control young.,Third-party Damage,10.6,Closed
INC-05889,SITE-004,24/12/2024,Near Miss,Medium,71.5,Be see raise general despite camera investment last partner look.,,6.3,Under Investigation
INC-04581,SITE-001,2025-12-28,Near Miss,High,42.7,Run writer pressure deep boy perform full miss follow.,Corrosion,3.9,Open
INC-04617,SITE-005,2026-08-24,Spill,Low,90.4,Very trial door appear decide system name show more adult focus husband note take.,Material Fatigue,5.5,Open
INC-02178,SITE-002,2026-06-29,Leak,high,50.6,Game between close big field board.,,8.4,Under Investigation
INC-01783,SITE-006,2023-09-27,Leak,Critical,60.0,Certainly property well report close chance TV author couple page quickly.,Corrosion,4.4,Open
INC-02480,SITE-002,2026-03-18,Near Miss,High,42.5,Wear activity why relate control father ten.,,10.7,Closed
INC-05096,SITE-003,2025-08-08,Spill,High,71.5,Worry always describe station ever economic control investment recently hard.,Valve Failure,7.1,Under Investigation
INC-02034,SITE-004,2025-08-01,Equipment Failure,Low,90.9,Defense down or Mr.,,2.4,Under Investigation
INC-03713,SITE-001,2025-06-28,Fire,Medium,72.8,Red material current key process task same peace cup stop cup recent staff.,Operator Error,9.3,Open
INC-04189,SITE-003,2026-05-21,Near Miss,Critical,47.2,Particular then hold work light man blood receive certainly reason group half bill there check traditional already walk arrive relationship.,Material Fatigue,2.3,Open
INC-02555,SITE-001,2025-04-09,Equipment Failure,Medium,77.9,Own first natural little scientist me both whose.,Material Fatigue,2.8,Under Investigation
INC-04352,SITE-003,2023-11-03,spill,Critical,59.2,Those state design office my too fly.,Operator Error,2.8,Under Investigation
INC-03542,SITE-006,2024-10-12,Equipment Failure,High,54.0,Election white type investment my full shake significant.,Valve Failure,3.8,Open
INC-05229,SITE-006,2023-09-29,leak,High,42.6,Structure crime professional high Congress example in fact though west behavior glass factor message natural.,Sensor Malfunction,11.0,Under Investigation
INC-02201,SITE-006,2026-09-24,Equipment Failure,Medium,76.0,Though network imagine safe listen bit.,Sensor Malfunction,5.3,Under Investigation
INC-03918,SITE-001,2023-12-24,Spill,crit,30.0,Rise answer wait several here glass idea.,Valve Failure,5.5,Open
INC-04998,SITE-006,2026-01-17T00:00:00Z,Fire,High,63.6,Town dog decade me past one rest operation statement I collection mother.,Third-party Damage,11.3,Closed
INC-05938,SITE-005,2026-10-05,Near Miss,Critical,45.5,Article second stuff side heart right community.,Operator Error,18.8,Open
INC-03512,SITE-005,2024-08-26,Equipment Failure,Medium,67.7,Understand reduce economic line able trip.,Corrosion,1.7,Closed
INC-01596,SITE-002,2025-03-30,Near Miss,Low,86.4,Property store system growth.,,9.2,Closed
INC-00488,SITE-005,2024-07-23,Fire,Medium,73.8,Hotel laugh lot increase environmental few least should can realize you represent certain when article admit.,Valve Failure,3.0,Closed
INC-01559,SITE-004,2023-08-21,,Low,87.3,Everything animal order billion possible gun resource mother behind member.,Material Fatigue,7.9,Under Investigation
INC-04993,SITE-006,2025-11-30,Near Miss,Critical,46.7,Law about teach smile thousand each simply student skin play research.,Operator Error,3.2,Closed
INC-02019,SITE-003,2025-07-24,Near Miss,Critical,51.5,Individual certain rule ball.,Operator Error,5.2,Open
INC-03293,SITE-003,2025-02-24T00:00:00Z,Spill,Low,79.9,Though to many week series response image letter late beyond I someone standard.,Third-party Damage,23.2,Closed
INC-02998,SITE-006,2024-05-13,Fire,,61.0,Other there by police political follow provide born civil growth media time pick follow rate.,Valve Failure,4.4,Open
INC-01950,SITE-005,2025-08-07,Near Miss,Medium,74.9,Hear resource sound black together in gun defense speak.,Operator Error,5.8,Under Investigation
INC-02339,SITE-006,2024-09-26,Spill,Medium,115.7,Actually money rest address attention certainly those letter raise.,Corrosion,4.8,Open
INC-02463,SITE-001,2026-06-13,Fire,,81.9,Water test again where hope maintain yard.,,6.9,Closed
INC-00137,SITE-001,2026-02-24,Equipment Failure,Medium,53.5,Message tell buy six plan building former drop short purpose.,Operator Error,10.0,Closed
INC-02362,SITE-002,2024-07-29,Near Miss,Medium,71.4,Exist natural various produce financial benefit brother financial change.,,4.1,Open
INC-04693,SITE-001,2024-01-30,,High,61.2,Group foot language establish to law risk practice person draw sport today.,Material Fatigue,3.3,Under Investigation
INC-00929,SITE-006,2025-05-24,Leak,Critical,41.0,Measure try relationship way threat cell reveal.,Valve Failure,6.1,Closed
INC-03642,SITE-004,07/05/2024,Spill,Medium,77.2,Ground receive state majority present camera little difference together.,Sensor Malfunction,6.7,Under Investigation
INC-00657,SITE-001,2024-08-07,Leak,LOW,91.4,Cell hear expect require grow kitchen bar than.,Corrosion,12.5,Under Investigation
INC-00465,SITE-002,28/01/2024,Leak,Low,83.6,Produce might dream gun least mention inside foreign again cold film drive.,Material Fatigue,9.7,Closed
INC-02657,SITE-001,2025-05-05,Spill,High,49.2,Soon expert system require at early its leader specific mind.,Third-party Damage,11.6,Open
INC-05921,SITE-002,2026-07-09,Fire,Medium,87.5,Offer black various today bill door early half old exactly environment make long life challenge close mother.,,15.3,Open
INC-02419,SITE-003,2024-03-23,Leak,Low,75.5,Enjoy discussion baby whose I.,Corrosion,9.4,Open
INC-03028,SITE-001,29/02/2024,Equipment Failure,Low,94.3,Society reality per keep city traditional produce drug listen.,Sensor Malfunction,2.6,Open
INC-04671,SITE-003,2026-02-16T00:00:00Z,Spill,Critical,29.3,Article short least sort yes personal industry among issue rule religious show personal add.,Third-party Damage,13.4,Open
INC-00918,SITE-004,2023-12-02,Spill,High,60.2,Pressure share know stand them wonder third day than effect water turn send must through light.,Sensor Malfunction,13.7,Closed
INC-05282,SITE-005,10/14/2024,near miss,Low,94.8,Shoulder popular type baby less area require medical away air social determine reality base head environment.,Valve Failure,3.8,Under Investigation
INC-05966,SITE-002,2023-10-13,Near Miss,,92.8,Eat hour around eat.,Valve Failure,4.8,Closed
INC-05098,SITE-005,2024-07-03,Spill,Low,89.2,Policy leg pattern college north get travel represent according give least.,Valve Failure,12.4,Closed
INC-01457,SITE-004,2025-10-26,Equip. Failure,High,52.0,Cultural least service during whom maintain full.,Material Fatigue,16.7,Closed
INC-02700,SITE-005,31/10/2025,Fire,Medium,75.0,Large better hit live difference agree security.,Corrosion,8.3,Open
INC-03923,SITE-003,2024-11-26,SPILL,Critical,36.0,Somebody yourself dog past address environmental nice.,Corrosion,15.6,Closed
INC-04488,SITE-006,2025-06-24,Spill,High,62.7,Serious Republican discussion than experience almost almost level program card physical four fill.,Material Fatigue,7.8,Open
INC-02500,SITE-004,2025-11-24T00:00:00Z,Near Miss,High,58.3,Oil order tonight side hear prevent seat must.,Sensor Malfunction,10.1,Open
INC-05468,SITE-001,2026-07-14,Leak,Medium,82.6,Town according story offer movement individual practice ask tell push.,Material Fatigue,14.9,Closed
INC-01755,SITE-001,11-Feb-2025,Near Miss,Low,89.5,Performance step contain address often real development read current knowledge listen staff.,Sensor Malfunction,8.4,Closed
INC-04418,SITE-001,2024-06-24,Near Miss,Low,87.2,Movement state American fine yard move base mission.,Material Fatigue,5.9,Under Investigation
INC-01772,SITE-002,2025-11-18,, Critical,61.4,Save amount send source.,Operator Error,5.6,Under Investigation
INC-00324,SITE-005,2026-05-15, fire,Medium,100.0,Current role stock player country discuss recent reduce participant.,Third-party Damage,8.3,Closed
INC-01151,SITE-003,29-May-2026,Leak,Critical,32.9,Religious right body maybe beat party.,Corrosion,6.6,Closed
INC-01328,SITE-006,2026-03-27T00:00:00Z,Near  Miss,Critical,41.6,Pressure current soon shoulder town reach avoid newspaper church speak special into plan.,Operator Error,3.3,Closed
INC-05156,SITE-006,2026-07-15,Leak,Low,85.5,There too force prove occur music agent work spend wife strategy fight.,Valve Failure,6.0,Closed
INC-05664,SITE-001,2026-01-29,Leak,critical,41.4,Energy season huge long rise tree sing expect describe quite PM source share difficult.,Sensor Malfunction,2.9,Closed
INC-01052,SITE-006,2026-09-24,Equipment Failure,Critical,49.1,Majority it it they wife so generation its plan education that Republican.,Valve Failure,4.6,Closed
INC-05427,SITE-003,2025-04-16T00:00:00Z,Spill,Low,75.1,Stop need peace meet enough cut media hotel treat order population than.,Sensor Malfunction,12.3,Under Investigation
INC-04300,SITE-004,09/04/2023,Near Miss,Medium,80.7,Attorney leg door under by keep yes education story when turn office.,Third-party Damage,7.6,Closed
INC-01990,SITE-006,2024-12-18,Equipment Failure,Medium,77.3,Seven job appear pass media activity yeah candidate movie.,Sensor Malfunction,9.0,Under Investigation
INC-05724,SITE-001,2023-09-17T00:00:00Z,Near Miss,High,79.4,Particularly heart they college wife clearly push him bar.,,6.9,Closed
INC-03831,SITE-002,2025-11-19,Leak,Critical,40.3,Medical ready somebody drop billion miss may air tonight everyone court answer able responsibility feeling.,Material Fatigue,10.1,Under Investigation
INC-02833,SITE-006,2023-11-24,Fire,Critical,37.8,Time whole happy grow care enough.,Third-party Damage,7.0,Closed
INC-02749,SITE-001,07/07/2026,Fire ,High,54.0,Network good blue care organization clear reflect less suffer director how indeed.,Material Fatigue,4.1,Closed
INC-02743,SITE-001,2024-01-09,Equipment Failure,Low,90.2,Administration back campaign catch whatever guy fall young great ask especially development arrive maybe sport bar.,Valve Failure,5.2,Open
INC-04590,SITE-005,2026-07-16T00:00:00Z,near miss,Low,88.9,Hospital me someone go film high benefit phone control produce culture break read such represent suggest.,,18.6,Under Investigation
INC-03674,SITE-006,07/12/2025,Spill,Critical,46.3,Floor hit close kid investment those show occur.,Material Fatigue,4.3,Under Investigation
INC-02050,SITE-001,2025-04-25T00:00:00Z,Near Miss,,68.6,Together what entire what some beat always result lot.,Third-party Damage,15.6,Open
INC-02415,SITE-002,2026-02-27,Leak,Medium,62.2,Need inside talk team conference modern example spend method hair.,,3.9,Open
INC-04120,SITE-002,06/19/2025,Equipment Failure,Medium,79.4,Air enjoy its their establish heart feeling continue cost.,Corrosion,5.6,Under Investigation
INC-04058,SITE-005,2025-02-06,Leak,High,46.9,Major trade specific from.,,0.6,Under Investigation
INC-01858,SITE-002,2025-07-13,Leak,Critical,35.3,Model know four word region heart medical administration role strategy.,,1.3,Closed
INC-00955,SITE-006,2025-12-17,Spill, High,52.7,Claim thank give side interesting father receive finish figure dream look yes crime whom house might those security.,Sensor Malfunction,2.2,Open
INC-04664,SITE-001,01-Nov-2024,Equipment Failure,High,53.6,Service event near spring draw option any more.,Third-party Damage,9.1,Under Investigation
INC-00772,SITE-001,2024-05-19,Spill, High,70.9,President far explain forward friend sea surface.,Sensor Malfunction,2.6,Under Investigation
INC-03738,SITE-002,2024-11-26,Near Miss,Low,90.7,Who even court television catch stock check prepare fish purpose cell many write argue.,Corrosion,10.8,Open
INC-01976,SITE-003,2025-11-16,Leak,Critical,60.9,Dream hotel question begin identify.,Third-party Damage,4.7,Open
INC-04601,SITE-006,2024-02-21,leak,High,51.4,Drop especially spend wide relationship shoulder performance state various.,Material Fatigue,6.4,Closed
INC-00696,SITE-005,2025-08-25,Near Miss,Low,104.0,Knowledge plant often business often break.,Third-party Damage,12.1,Open
INC-02983,SITE-006,2025-02-01,Near Miss,Critical,43.0,Policy central surface star western remember traditional real give store half class art federal brother kitchen style.,Operator Error,6.9,Open
INC-04928,SITE-002,2023-11-07,Spill,Low,88.3,Several budget however including us my resource account onto act room day partner.,Material Fatigue,6.6,Closed
INC-00636,SITE-006,2025-09-29,Leak,Critical,28.1,Someone maybe article if nothing computer seem democratic whole task our stop clear wrong form paper game.,Valve Failure,3.7,Under Investigation
INC-04787,SITE-005,2024-04-07,Equipment  Failure,Medium,74.3,Couple try agreement according watch six player treatment stuff air accept task Congress ability away part.,Valve Failure,18.8,Under Investigation
INC-02393,SITE-006,2023-08-15T00:00:00Z,Fire,Low,87.6,All and risk letter performance within very media remember may again result.,,1.9,Closed
INC-02481,SITE-004,2024-05-07,Spill,low ,84.4,Same process create gas decision event already whatever become budget hour.,Material Fatigue,2.8,Under Investigation
INC-05988,SITE-004,20/04/2025,Equipment Failure,Medium,-12.3,About continue instead must themselves my religious church garden.,Third-party Damage,3.4,Closed
INC-01211,SITE-001,2024-05-30,Equipment Failure,High,50.3,Summer school professor current forget question least every area.,Corrosion,5.8,Under Investigation
INC-00026,SITE-006,2023-11-06,Leak,Medium,70.5,Huge television nature street official base event friend American expert author commercial management somebody.,Material Fatigue,6.4,Under Investigation
INC-01102,SITE-005,03/12/2026,Fire,Low,82.4,Like participant experience guess.,Operator Error,9.4,Open
INC-03115,SITE-003,2024-12-08,Spill,Medium,67.5,Author care as read help role listen half test.,Third-party Damage,22.8,Open
INC-04758,SITE-003,01-Jul-2026,Fire,Medium,72.1,Foreign available rest store establish lot test term partner star participant return.,,13.2,Open
INC-04244,SITE-003,05/06/2024,Near Miss,Low,98.4,Environmental thank wish foot reality letter stop.,Operator Error,5.0,Closed
INC-04974,SITE-006,2024-03-04,Equipment Failure,High,61.1,Send early growth try person training learn organization garden church.,,4.2,Under Investigation
INC-05089,SITE-002,2024-05-19,Spill,Critical,45.8,Entire concern trade now recognize body.,Third-party Damage,16.1,Closed
INC-00399,SITE-005,15/10/2023,,Medium,81.1,Television question long right everybody manage play.,Material Fatigue,13.3,Under Investigation
INC-05999,SITE-006,2024-11-21T00:00:00Z,Equipment Failure,High,57.2,Person that practice message operation south song affect say in.,Third-party Damage,5.9,Open
INC-05685,SITE-001,12/06/2026,Near Miss,Medium,69.7,Pressure film every management money tough yes according safe amount support control poor discover modern.,Third-party Damage,2.2,Under Investigation
INC-04909,SITE-001,2024-10-03,Equipment Failure,High,59.5,Front then recognize officer movement across once with list oil specific already.,Third-party Damage,3.1,Closed
INC-01778,SITE-005,2025-11-05,Leak,Low,81.8,Life hospital political sound seem year truth line yourself success not mission back over respond something.,Third-party Damage,12.0,Closed
INC-00907,SITE-006,2024-04-25,Equipment Failure,Critical,31.3,Beyond garden group pattern guy down product keep.,Material Fatigue,8.3,Under Investigation
INC-00159,SITE-003,2024-03-02,Near Miss,Critical,68.4,Help defense minute professor perhaps.,Operator Error,16.1,Under Investigation
INC-00060,SITE-006,12/12/2023,Leak,Medium,65.7,Fast relate subject campaign.,Corrosion,7.2,Under Investigation
INC-02940,SITE-002,2026-07-01,Leak,Low,94.9,Week true head dinner three scientist west alone room analysis present over special lot clear heart it design.,Third-party Damage,4.6,Closed
INC-00484,SITE-003,2026-05-11,Spill,Critical,32.0,Section which suggest score Congress right feeling west add idea shoulder appear.,Corrosion,6.7,Closed
INC-05314,SITE-006,2025-01-19,Leak,Medium,75.6,Popular like space morning eat house director effort bed.,Third-party Damage,4.5,Under Investigation
INC-04627,SITE-003,2024-04-21,Equipment Failure,Medium,82.9,Notice other note course rich fast.,Sensor Malfunction,4.9,Closed
INC-00596,SITE-005,2023-12-26,leak ,Medium,75.8,House into action mission material become treat study central.,,5.0,Open
INC-05743,SITE-006,08/20/2024,Spill,Low,89.5,Low create lawyer kitchen short thank mention human.,Operator Error,17.1,Closed
INC-03082,SITE-005,2023-08-26T00:00:00Z,Equipment Failure,High,45.0,Fact piece voice such.,Corrosion,8.2,Closed
INC-02942,SITE-003,26/08/2024,Equipment Failure,High,71.1,Argue happen couple process sense cover a quite accept over research store suffer thus.,Operator Error,20.7,Closed
INC-02949,SITE-005,2023-11-11T00:00:00Z,Near Miss,Low,86.3,What book tree young security order sell skill forget support memory democratic prove audience require civil safe position course.,Corrosion,14.3,Under Investigation
INC-03563,SITE-001,2023-11-03,Near Miss,Low,79.4,Store either already yard meet until sign use give put front stay hold TV.,Third-party Damage,3.8,Under Investigation
INC-04676,SITE-004,2024-11-14,Near Miss,Low,85.8,Nearly ask argue since middle read.,,3.7,Under Investigation
INC-00289,SITE-006,2026-03-18,Leak,High,66.2,Civil computer myself something necessary join participant style his husband college.,Material Fatigue,9.1,Closed
INC-03905,SITE-003,2023-08-22,near-miss,,81.0,Food board guess court least business fast player week woman community.,Material Fatigue,3.9,Closed
INC-04822,SITE-001,2026-05-04T00:00:00Z,Equipment Failure,High,62.9,Onto draw believe that fly nature site scientist same.,Corrosion,11.2,Under Investigation
INC-02007,SITE-005,2025-02-22,Equipment Failure,Critical,38.1,Happy degree us star hit south he trouble might.,Valve Failure,4.3,Open
INC-05411,SITE-005,2024-12-13,Near  Miss,Medium,75.3,Run at for unit maintain place into something soldier number without environment prevent cut everyone magazine act.,Corrosion,13.5,Open
INC-03647,SITE-003,2024-07-01,Equipment Failure,High,57.6,Shake type spring box pick strategy hard hot product.,Corrosion,18.2,Open
INC-01198,SITE-003,2026-01-09,Equipment Failure,Low,94.2,Black defense surface open billion trip watch form truth easy former.,Operator Error,5.6,Open
INC-01844,SITE-001,2023-08-24,Fire,Medium,78.3,Popular discuss help interesting feel rest then election line.,Sensor Malfunction,3.0,Under Investigation
INC-05059,SITE-006,2024-10-18,Leak,Critical,52.1,Over drug deal blue single conference western leave tonight research last as what voice.,Valve Failure,3.6,Closed
INC-04005,SITE-001,2024-10-21,Equipment Failure,Medium,60.6,Know hot professor forget recently.,Valve Failure,3.2,Closed
INC-00269,SITE-001,17/02/2026,Fire,Med,71.6,Instead weight data financial conference middle.,Corrosion,1.3,Under Investigation
INC-05328,SITE-005,2025-08-15,Fire,Low,99.7,Be difficult top test different major common of product area all up.,,8.9,Under Investigation
INC-03908,SITE-003,2026-04-10,Leak,Critical,55.3,Arrive building fish either summer prove second series role continue why reflect worker blue letter fine.,Valve Failure,10.1,Closed
INC-04593,SITE-001,30/07/2023,Fire,Low,94.8,Try effort marriage hold provide certainly century.,Corrosion,3.5,Under Investigation
INC-00480,SITE-002,2025-11-12,Equipment Failure,,49.0,Record natural personal thousand serious through research to capital whom let.,Operator Error,4.8,Open
INC-04578,SITE-002,2026-03-22,Spill,Medium,76.8,Process difficult might yourself letter detail federal key.,,10.7,Closed
INC-02534,SITE-004,2024-10-13,Near Miss,Medium,85.5,Family look easy store believe first at.,Corrosion,7.5,Closed
INC-04251,SITE-001,2025-10-07,Equipment Failure,High,63.6,Go share including pass member realize.,Operator Error,8.4,Open
INC-00650,SITE-005,2025-04-28,Equipment Failure,Medium,90.6,Cup respond see way long partner.,Valve Failure,4.0,Under Investigation
INC-04847,SITE-005,2025-12-05,Near Miss,Low,90.1,Expert first common thought represent once require.,Valve Failure,7.3,Closed
INC-01587,SITE-005,16-Oct-2023,Leak,Low,92.1,Five drive adult tell still market general man service TV race instead message detail.,Material Fatigue,12.7,Under Investigation
INC-03955,SITE-003,2024-09-24,Leak,High,85.6,Court build appear still pass everybody edge before painting family interview east wear step radio us degree across.,Corrosion,8.0,Open
INC-01236,SITE-003,2025-09-12,Near Miss,Low,89.7,Believe eight thank street down eat per red require final if you I natural card.,Material Fatigue,3.7,Closed
INC-02444,SITE-006,2024-01-05,Spill,,-5.0,Value election together return son each should right one memory nice.,Sensor Malfunction,21.4,Under Investigation
INC-05420,SITE-006,01-Jan-2024,Spill,Critical,64.8,Maybe line goal member cost evening shoulder admit matter.,Sensor Malfunction,3.8,Closed
INC-01902,SITE-001,2023-08-01,Near Miss,Low,83.8,Past interest ever daughter idea send we Congress.,Corrosion,4.3,Under Investigation
INC-01666,SITE-004,2024-08-09,Fire,Low,78.6,Two perhaps hundred apply.,Operator Error,5.1,Under Investigation
INC-02973,SITE-006,2023-09-10, Leak,High,65.0,Turn case night.,Material Fatigue,3.0,Under Investigation
INC-05678,SITE-006,2026-03-05,LEAK,High,68.9,Want be possible whether.,,1.6,Open
INC-01098,SITE-006,2025-11-14,Fire,Medium,81.5,Visit suddenly ability network.,Operator Error,7.5,Open
INC-00287,SITE-004,2025-07-06T00:00:00Z,Fire,Low,95.5,Seek seek agent put take step discover thus.,Valve Failure,6.0,Under Investigation
INC-05898,SITE-006,2025-10-04T00:00:00Z,Leak,Critical,-5.0,Woman plan fall challenge why a decade cover front direction cup.,Sensor Malfunction,10.2,Under Investigation
INC-05404,SITE-004,2026-01-24,Near Miss,Low,81.6,Street learn understand current until dinner throw dinner whatever relationship fish rule officer behind.,Valve Failure,5.9,Closed
INC-00081,SITE-001,2024-07-21,Fire,Medium,62.4,Minute at movie break pressure risk experience north Congress especially season worker evidence get over stage yes war investment.,Valve Failure,10.9,Closed
INC-00201,SITE-002,2023-12-25,Near Miss,Medium,79.9,Plant political order save station.,Third-party Damage,6.6,Open
INC-00662,SITE-002,2025-07-20,Leak,Low,91.9,Oil together leader against according instead.,,4.9,Open
INC-00331,SITE-003,2026-06-26,Near Miss,Critical,20.2,Agree tell trouble evening join lawyer next go significant them particularly pretty especially these perhaps teacher tell painting.,Operator Error,7.3,Under Investigation
INC-02705,SITE-006,2026-03-27,Spill,Critical,21.3,Lawyer young political save teacher along.,,40.1,Under Investigation
INC-02663,SITE-006,2026-02-02T00:00:00Z,Spill,Critical,74.5,Market to kitchen age resource shoulder.,Third-party Damage,11.2,Open
INC-03103,SITE-002,2025-10-21,Near Miss,High,64.3,Story fear news forget food job hair thousand heavy be morning election pick clear word owner stuff.,Operator Error,2.6,Closed
INC-01250,SITE-003,2026-06-10,Spill,Critical,27.9,Dinner name establish environmental everybody Democrat official see risk middle technology whom expert career team.,Material Fatigue,5.2,Closed
INC-01769,SITE-005,2025-08-09,Fire,High,64.5,Music later center student woman skill opportunity business free child cold Mr miss under office special us happen large PM.,Material Fatigue,16.1,Under Investigation
INC-01396,SITE-006,25/09/2025,Spill,critical,18.7,Time down argue who difference situation prove century amount positive too.,Sensor Malfunction,6.9,Under Investigation
INC-05967,SITE-001,2025-10-06,Spill,Critical,28.4,Involve out marriage six culture civil successful into agree.,Material Fatigue,0.7,Open
INC-00325,SITE-006,2025-01-14,Leak,Critical,39.0,Increase support move reach training group sit market help during itself sense.,Third-party Damage,12.6,Open
INC-05121,SITE-005,2025-12-28,Near Miss,Low,94.6,Event future the alone so executive.,Material Fatigue,7.5,Under Investigation
INC-05788,SITE-001,2025-07-11,Equipment Failure,Low,80.1,Visit easy day record building civil compare you treat see along my under piece war various.,Valve Failure,6.6,Closed
INC-03904,SITE-002,2024-04-28,Equipment Failure,Medium,83.9,See size response political exactly.,Operator Error,8.6,Closed
INC-02268,SITE-001,2024-07-06,Near Miss,Medium,66.2,Little senior grow provide open Mr size from center.,Operator Error,16.2,Closed
INC-02897,SITE-006,2026-01-18,Equip. Failure,Medium,72.7,Level identify sort question.,Sensor Malfunction,20.3,Closed
INC-00440,SITE-003,2024-06-25,,High,68.8,Chair fact although amount to.,,8.7,Under Investigation
INC-01780,SITE-005,2025-01-30,Spill,Low,83.0,Wonder goal star rather realize son yard nearly law street star painting sit anything threat down maintain.,Corrosion,14.5,Under Investigation
INC-00478,SITE-001,2024-07-13,Spill,Low,81.5,Second itself us bring thus democratic then ago matter send story.,,13.8,Open
INC-00285,SITE-003,2023-08-29,Spill,Medium,76.9,Sing share mouth from true voice generation yet him brother remain to.,Third-party Damage,4.0,Open
INC-05458,SITE-004,25-Apr-2025,Fire ,Medium,79.3,Attention front family story.,Corrosion,1.2,Closed
INC-04003,SITE-002,23/11/2025,Equipment Failure,High,48.7,State each forward item threat including sort fear claim health.,Third-party Damage,10.6,Open
INC-05532,SITE-001,13/04/2026,Fire,Medium,68.2,Instead member realize analysis type leader read.,Material Fatigue,14.7,Closed
INC-00631,SITE-001,2023-11-16,equipment failure,Medium,81.2,Bar from stop as plan ready surface miss.,,1.6,Closed
INC-00296,SITE-001,2023-09-15,NEAR MISS,Medium,71.9,Place coach those sometimes marriage me sit over against still.,Operator Error,11.7,Open
INC-03120,SITE-003,2025-11-08,Leak,High,60.5,Particularly wind toward message defense soldier.,,3.6,Open
INC-01318,SITE-003,20-May-2024,Spill ,Medium,77.0,Environmental thank consumer across nation body war think anyone business watch include after nearly act case.,Corrosion,17.2,Closed
INC-03593,SITE-003,2026-01-23,Spill,Critical,35.8,Teach it help size front floor service.,Operator Error,9.8,Closed
INC-00966,SITE-001,2024-03-07,Fire,Low,93.6,Owner respond fly part ten international alone.,Third-party Damage,5.5,Under Investigation
INC-03358,SITE-002,01/30/2024,,Critical,42.1,Case here to phone a rock well.,Third-party Damage,3.5,Open
INC-03772,SITE-001,2024-03-13,Spill,Medium,66.6,Culture area near vote bed appear.,Operator Error,6.8,Closed
INC-05320,SITE-001,2026-06-07,Fire,Low,100.0,Feeling party same how step firm face worry thought physical water responsibility fast form sit south.,Corrosion,0.6,Under Investigation
INC-01802,SITE-003,2024-09-26,, Critical,19.2,Moment civil amount result what at not purpose training leg.,Third-party Damage,7.8,Under Investigation
INC-05189,SITE-003,2025-11-28,Spill,High,57.3,Order type source against me bit lay reveal.,,4.7,Closed
INC-04493,SITE-004,2024-05-06,Equipment Failure,High,64.4,Finally item guess heavy large black few food between instead raise church street difficult I break.,,11.3,Under Investigation
INC-03427,SITE-003,2026-01-18,Leak,High,66.1,Young ever morning because land best personal especially it statement activity cover could beautiful build.,Third-party Damage,8.6,Under Investigation
INC-05029,SITE-001,2025-03-02,Equip. Failure,Low,87.4,Range life agree career dark condition candidate defense accept positive choice food general dream.,Valve Failure,10.8,Open
INC-02476,SITE-006,2023-11-20,Leak,High,58.1,Cause debate special finish fast already try who try.,Valve Failure,9.9,Closed
INC-05910,SITE-002,2023-10-25,Near Miss,High,56.4,Never part add world she likely international suffer.,,2.5,Open
INC-02579,SITE-002,08-Apr-2024,SPILL,Low,88.5,City could economic participant move public majority chair perhaps develop foreign national glass than.,Corrosion,5.6,Under Investigation
INC-01612,SITE-006,2023-11-26,Leak,High,65.1,Two standard check agent perhaps feel gas woman class whom scene of administration food professor.,Material Fatigue,11.9,Under Investigation
INC-04486,SITE-006,2023-09-15,Leak,Medium,68.1,Cover political simply him thing challenge smile type within culture black none instead worker can.,Material Fatigue,11.8,Under Investigation
INC-00174,SITE-002,2023-10-01,Fire,Critical,48.7,Such show water finish collection store method finally.,Sensor Malfunction,2.9,Under Investigation
INC-03190,SITE-003,2024-08-10,Leak,LOW,90.8,Arm international pretty minute local single list whether.,Material Fatigue,3.8,Closed
INC-03306,SITE-001,2024-06-26,Near Miss,Medium,69.9,Able control full behavior cut.,Third-party Damage,13.0,Open
INC-04082,SITE-005,2025-03-02T00:00:00Z,Spill,Medium,66.9,Put ball toward live cultural type onto across he.,Operator Error,14.1,Under Investigation
INC-02758,SITE-002,2026-06-10,Leak,Medium,75.1,Nor hard should authority concern light right scene sense will trade enjoy.,Sensor Malfunction,9.9,Closed
INC-05737,SITE-006,2024-08-24,Leak,High,51.1,Wide key director sense water.,Material Fatigue,9.6,Under Investigation
INC-05047,SITE-004,2026-05-12,Fire,Low,84.9,Some interesting voice church.,Sensor Malfunction,13.8,Open
INC-03025,SITE-005,2025-05-14,Leak,High,53.0,End claim region story throughout music.,Corrosion,5.4,Closed
INC-04356,SITE-004,2025-08-12,Spill,Low,83.4,Language side make common price someone fill set material him environment provide debate however rule.,Material Fatigue,9.9,Closed
INC-02110,SITE-006,25/02/2026,Equipment Failure,Critical,63.2,Ever war hope hot rate truth.,Operator Error,10.2,Open
INC-00486,SITE-002,2023-10-06,Leak,Medium,73.8,Want spring firm month business ready.,Material Fatigue,7.5,Closed
INC-03515,SITE-005,2025-12-02,Leak,Medium,79.6,Indicate fall difficult window religious more fear agree store child opportunity remain.,Operator Error,6.7,Under Investigation
INC-02921,SITE-001,2023-08-28,Equipment Failure,Critical,51.7,Opportunity beat exist because dog least authority central.,Sensor Malfunction,2.4,Open
INC-03034,SITE-006,2026-04-15,Fire,High,55.0,Common decade answer hair power result.,Operator Error,4.6,Closed
INC-02173,SITE-004,2025-02-05,Equipment  Failure,,79.7,Manage understand vote college wrong.,Valve Failure,11.5,Under Investigation
INC-04206,SITE-005,2024-04-07,Leak,High,60.0,Despite understand child argue well control.,Sensor Malfunction,5.1,Open
INC-00034,SITE-001,2025-08-11,,Critical,19.3,Learn money already mean.,Third-party Damage,3.8,Under Investigation
INC-04815,SITE-006,25-Oct-2024,Leak,High,64.8,Side central peace between back class black news whether if maintain large.,Valve Failure,1.1,Under Investigation
INC-03329,SITE-004,2024-11-29,Near Miss,Medium,75.0,Buy ground themselves a pick cup exactly gas unit wonder game.,Valve Failure,11.8,Under Investigation
INC-02666,SITE-003,2025-09-06,Near Miss,High,60.1,Play government friend strong road stay high buy turn business marriage no effect he whose.,,1.9,Under Investigation
INC-02183,SITE-006,2024-10-04,FIRE,High,66.0,Most deal into billion during share yard company large evening.,Sensor Malfunction,4.5,Under Investigation
INC-02099,SITE-003,2026-05-22,Leak,High,68.8,Enough fact hand good eat finish mouth goal perform most wrong yet need.,Sensor Malfunction,1.9,Under Investigation
INC-01216,SITE-004,2024-05-13,EQUIPMENT FAILURE,Hi,53.2,Let pretty everyone kitchen.,Operator Error,4.4,Closed
INC-04864,SITE-005,2026-09-27,Leak,Medium,91.8,Loss least politics drop season right.,Material Fatigue,3.1,Under Investigation
INC-03692,SITE-006,2026-05-18,Leak,High,66.1,Deep result message thousand wide raise understand.,Sensor Malfunction,14.7,Under Investigation
INC-02782,SITE-006,2024-06-14,Spill,Low,85.1,Me point body stock see late ground.,Material Fatigue,3.0,Closed
INC-03875,SITE-001,12/20/2023,Near Miss,Medium,96.2,Individual radio region again benefit keep unit a mention happy.,Operator Error,13.5,Under Investigation
INC-00654,SITE-006,2024-05-23,,Critical,40.6,Medical loss center series rate visit early score large cup hand fight visit will ball.,Sensor Malfunction,7.5,Under Investigation
INC-03956,SITE-003,17-Mar-2025,Spill,High,58.0,While movie rise everybody stay vote which lose water across whole strong million clearly office part.,,17.5,Under Investigation
INC-04304,SITE-003,2026-03-11,Leak,Low,82.2,Civil case western within over guess set military grow glass.,,4.8,Closed
INC-03722,SITE-002,2025-03-25T00:00:00Z,Spill,Low,96.3,Few mention remain agent available perform over probably break long certainly news again forget responsibility method project western season.,,2.8,Under Investigation
INC-04839,SITE-006,2026-02-11,Leak,High,59.6,Value almost now each voice operation tree none model seat rise authority late try.,Sensor Malfunction,17.5,Under Investigation
INC-05652,SITE-002,2024-07-05,Near Miss,Low,92.5,Yes despite probably under election effect family whom.,Corrosion,8.7,Under Investigation
INC-02959,SITE-004,08/05/2025,Leak,Critical,48.2,Home better build institution computer event media church couple least begin.,Corrosion,27.1,Under Investigation
INC-00745,SITE-003,2025-11-06T00:00:00Z,Leak,Medium,85.4,Authority over girl hard leader recognize go part time parent upon raise their interesting million.,Valve Failure,20.9,Under Investigation
INC-01493,SITE-003,2026-07-19,Spill,High,53.5,Rich your else media image century exist fine street among.,Operator Error,6.1,Closed
INC-00535,SITE-005,2026-05-27,Near Miss,Low,88.7,Know more car either small small discover bank two buy day claim technology season discover.,Valve Failure,9.0,Under Investigation
INC-05638,SITE-003,2024-03-27,Leak,CRITICAL,41.3,Yard couple require year no hospital little hundred some program TV better activity now.,,1.6,Open
INC-05391,SITE-002,2026-03-09,Equipment Failure,low,93.8,Person while type yourself nothing traditional throw bag.,Sensor Malfunction,6.2,Under Investigation
INC-04037,SITE-006,2025-08-07,Fire,High,51.7,Think situation deep number drive citizen someone stage part up employee.,Third-party Damage,10.3,Under Investigation
INC-02299,SITE-004,2025-12-06,Equipment Failure,Low,83.4,Ago clear land side set.,Operator Error,19.0,Closed
INC-05221,SITE-002,2024-09-06,Near Miss,Low,88.9,Article effect power together feeling character develop career.,,4.7,Closed
INC-02517,SITE-003,2025-07-02,Leak,,67.2,Federal go property manager religious.,Corrosion,1.4,Open
INC-04530,SITE-004,2024-12-02,Spill,Medium,55.7,Public system write but successful build miss.,Material Fatigue,5.2,Closed
INC-01229,SITE-002,2024-05-19,,,49.2,Dog huge assume teacher feel best certainly produce consider amount senior collection.,Sensor Malfunction,3.3,Under Investigation
INC-00680,SITE-001,2023-11-30,Near Miss,Medium,76.6,Work have future benefit its music matter up as receive heavy organization fish from purpose.,Corrosion,3.1,Under Investigation
INC-01761,SITE-004,2025-05-23,Near Miss,Low,89.7,Sea dinner free success next.,Material Fatigue,1.7,Closed
INC-04170,SITE-001,11/17/2024,Near Miss,Medium,59.6,Magazine sea effect important general pull authority point make beat relate travel picture.,Corrosion,7.6,Open
INC-01632,SITE-004,2024-08-13,Equipment Failure,Critical,51.2,Actually TV positive month pick successful big anything.,Valve Failure,7.0,Closed
INC-02231,SITE-002,2023-12-26,Spill,Low,76.6,Picture ever record alone where born billion assume.,Corrosion,18.6,Open
INC-03375,SITE-005,2026-05-05,Near Miss,Low,94.5,Standard event on imagine social authority around focus.,Corrosion,19.3,Open
INC-00675,SITE-004,2026-04-13,near-miss,Low,87.4,Consider purpose what situation either across fight cost article they.,,4.8,Closed
INC-02023,SITE-003,03/31/2025,,High,80.9,Security art pay strategy arrive player face war right perform dinner thank.,,7.3,Under Investigation
INC-05106,SITE-003,18/11/2024,Oil Leak,Critical,40.4,Record agent training drop high admit relationship religious sound throughout feeling share quickly choice economy heavy accept.,Corrosion,1.7,Open
INC-04747,SITE-003,2026-05-12,Equipment Failure,Hi,59.1,Pretty event face force until why authority interview minute manager collection traditional color agent own.,Operator Error,0.5,Open
INC-00293,SITE-003,2024-07-06,Near Miss,Critical,53.9,Care car hold anything low.,Sensor Malfunction,6.5,Under Investigation
INC-01728,SITE-003,12-Nov-2025,Minor Spill,Medium,86.7,Present alone structure including by early various role top military.,Corrosion,4.7,Closed
INC-00485,SITE-006,2023-11-19,Equipment Failure,Medium,69.8,With paper pattern parent reach nation him when need education thousand agent apply type risk.,,4.8,Under Investigation
INC-00815,SITE-003,2024-09-14,Leak,High,53.9,Discover front either her article would financial customer show local box raise would position.,Third-party Damage,9.8,Under Investigation
INC-03707,SITE-002,2023-08-14,Equipment Failure,Medium,81.8,List large always offer man effort close wrong yes those up discuss.,Valve Failure,3.7,Open
INC-02523,SITE-004,2024-03-25,Fire,High,62.4,Save despite recognize actually movie practice.,Sensor Malfunction,11.8,Under Investigation
INC-00185,SITE-002,2026-05-11,Near Miss,Low,95.9,Official might fire present short approach available receive because week nation film property trial deal term stage.,Corrosion,2.7,Closed
INC-05187,SITE-001,2024-06-06,Equipment Failure,Low,86.7,Series for major full meet take game kind.,Sensor Malfunction,7.0,Under Investigation
INC-01663,SITE-002,2026-06-01T00:00:00Z,Near Miss,Medium,66.4,Current kitchen fact art should garden dark war.,,4.8,Closed
INC-00803,SITE-001,2025-09-01,Near Miss,Medium,77.1,Remember common similar fish want at.,Valve Failure,5.7,Under Investigation
INC-01788,SITE-001,2023-12-13,Spill,LOW,87.2,Crime shoulder modern design instead capital national Congress side near we.,,6.9,Closed
INC-00196,SITE-001,2024-06-30,Spill,High,57.8,Do wide push American area plan sign impact know finish modern end remember cell himself little style south.,Corrosion,0.7,Under Investigation
INC-04274,SITE-001,2025-02-18,Spill,Low,81.9,Mind and machine former return drop black hundred clearly authority minute until science buy four.,Valve Failure,4.1,Closed
INC-01639,SITE-005,2026-07-08,Equipment Failure,Low,85.8,Religious color audience race minute exactly money skin often push.,Material Fatigue,8.0,Closed
INC-04188,SITE-005,10/04/2025,,High,67.4,Similar campaign its specific lot writer fall particularly imagine realize add doctor system board.,Material Fatigue,6.6,Under Investigation
INC-00609,SITE-005,2025-01-17,Equipment Failure,Low,98.2,Course analysis box score reflect probably beyond opportunity whom myself available we.,Valve Failure,4.3,Under Investigation
INC-02236,SITE-002,2025-04-24,Near Miss,Critical,31.4,Tonight anything contain tend short local future natural style pretty Republican believe hot.,Sensor Malfunction,14.7,Under Investigation
INC-03579,SITE-003,2025-04-26,Equipment Failure,MEDIUM,74.8,Threat model audience within significant relationship state.,Valve Failure,10.0,Under Investigation
INC-04669,SITE-004,2024-11-15,Near Miss,High,50.4,Same former this drug difference.,Corrosion,12.3,Under Investigation
INC-00430,SITE-004,2023-11-25,Leak,Critical,37.0,Write sometimes talk common interesting seek attack machine among be purpose all home keep church son painting whatever story.,Operator Error,5.5,Open
INC-04904,SITE-002,2025-07-11T00:00:00Z,,High,66.6,Building one according food discussion finally read recent thus feel official hotel outside sound discover why fish condition.,Valve Failure,12.1,Open
INC-05810,SITE-005,11/07/2024,Near Miss,Medium,72.5,Story drug toward interesting.,,15.2,Open
INC-02805,SITE-001,10/29/2025,,HIGH,49.1,Success war similar ground campaign we city age step better throw his represent.,Sensor Malfunction,9.1,Closed
INC-05814,SITE-005,2024-12-27,Equipment Failure,Medium,82.5,Woman drop reach table let management decade visit laugh still coach approach indicate participant little.,Material Fatigue,4.5,Open
INC-04921,SITE-001,2025-06-20,Equipment Failure,Medium,75.8,Tv machine game behavior after produce care answer school toward.,Material Fatigue,2.9,Closed
INC-00202,SITE-006,2023-10-17,Spill,Low,87.8,Tree capital short source heart look reach eye three outside.,Material Fatigue,6.1,Under Investigation
INC-01357,SITE-004,2023-09-28,,Med,74.9,Evening before final sort treatment end occur fact sort find.,Corrosion,9.0,Closed
INC-01958,SITE-003,2024-10-08,Near Miss,Critical,35.9,Eye while painting economy night price another.,Third-party Damage,10.0,Under Investigation
INC-05863,SITE-006,03/18/2026,Fire,HIGH,57.8,Practice simple help he.,Material Fatigue,7.2,Closed
INC-01523,SITE-004,2026-03-05,Spill,Low,88.7,Board change assume eat once really memory almost painting price news scientist.,Material Fatigue,12.6,Open
INC-01951,SITE-003,2025-06-27,Near Miss,Low,95.2,Information kitchen blue contain to get little street democratic example pull.,Sensor Malfunction,8.0,Under Investigation
INC-02930,SITE-006,2025-07-22,Spill,Critical,25.3,Sort already citizen two total attorney generation growth.,Valve Failure,3.5,Under Investigation
INC-04936,SITE-002,2025-02-21T00:00:00Z,Equipment Failure,Critical,45.3,Realize reason now night court student.,,5.0,Closed
